rep_number,frame_index,file_name,side,cadence_val,heel_whip_val (deg),foot_offset_val (deg),hip_drop_val (deg),shoulder_drop_val (deg),n_ankle_x,n_ankle_y,n_knee_x,n_knee_y,n_shoulder_y,n_shoulder_lean,n_elbow_spacing,n_hip_diff_y,n_shoulder_diff_y,n_whip_gap,cadence_score,heel_whip_score,foot_offset_score,hip_drop_score,shoulder_drop_score
1,43,./back_view_dataset_videos/1.mov,Right,0,5.1,7.4,13.2,10.8,-0.0213,1.4388,0.0161,0.7092,-0.9669,0.1938,0.273,0.0398,0.0657,-0.0373,0,3,2,0,1
2,55,./back_view_dataset_videos/1.mov,Left,141.5,6.3,6.8,-4.6,5.2,-0.0334,1.4548,-0.0743,0.7046,-1.0158,-0.1759,0.2223,-0.0145,0.0315,0.0409,0,3,2,3,3
3,85,./back_view_dataset_videos/1.mov,Right,99.1,8.4,11.3,12.9,9.1,-0.0249,1.4461,0.0155,0.7246,-0.9713,0.2032,0.2838,0.0407,0.0568,-0.0405,0,2,1,0,2
4,97,./back_view_dataset_videos/1.mov,Left,113.2,8.1,9.8,-10.9,2.9,-0.0165,1.4418,-0.0591,0.6843,-1.0079,-0.1807,0.2635,-0.033,0.0161,0.0425,0,2,1,0,3
5,107,./back_view_dataset_videos/1.mov,Right,127.4,5.3,11.3,6.0,10.1,-0.0127,1.4329,0.0234,0.6812,-0.9691,0.1978,0.2555,0.0187,0.0612,-0.0361,0,3,1,2,1
6,118,./back_view_dataset_videos/1.mov,Left,132.8,5.5,9.8,-8.6,6.3,-0.0347,1.4877,-0.0776,0.7016,-1.02,-0.1711,0.2558,-0.0283,0.0401,0.0429,0,3,1,1,3
7,127,./back_view_dataset_videos/1.mov,Right,142.1,5.6,11.3,13.8,14.8,-0.0251,1.4474,0.0247,0.7178,-0.954,0.2011,0.2817,0.0428,0.0913,-0.0498,0,3,1,0,1
8,137,./back_view_dataset_videos/1.mov,Left,146.1,5.6,9.8,-5.6,5.3,-0.036,1.3954,-0.0663,0.6827,-1.0155,-0.1691,0.2676,-0.0166,0.031,0.0303,0,3,1,2,3
9,169,./back_view_dataset_videos/1.mov,Right,134.4,8.7,11.9,16.3,14.2,-0.0273,1.4133,0.0279,0.7059,-0.9542,0.2136,0.2662,0.0533,0.0903,-0.0552,0,2,1,0,1
10,181,./back_view_dataset_videos/1.mov,Left,134.4,6.6,9.8,10.9,6.7,-0.0322,1.349,-0.0804,0.6476,-1.0196,-0.1656,0.2405,0.0327,0.0392,0.0482,0,3,1,0,3
11,223,./back_view_dataset_videos/1.mov,Left,132.4,6.8,9.8,-8.0,2.9,-0.0244,1.4755,-0.0757,0.7094,-1.0088,-0.1842,0.2749,-0.0249,0.0177,0.0513,0,3,1,1,3
12,235,./back_view_dataset_videos/1.mov,Right,132.4,7.8,14.9,10.0,8.9,0.0287,1.4626,0.0475,0.7272,-0.9727,0.2026,0.2323,0.0296,0.0536,-0.0187,0,2,0,1,2
13,244,./back_view_dataset_videos/1.mov,Left,134.8,6.9,9.8,-2.1,14.1,-0.0468,1.4991,-0.0866,0.708,-1.0431,-0.1622,0.2389,-0.0066,0.0863,0.0398,0,3,1,3,1
14,253,./back_view_dataset_videos/1.mov,Right,139.1,8.8,14.9,17.2,12.3,-0.0146,1.4009,0.0285,0.6877,-0.9624,0.2047,0.3212,0.0529,0.0739,-0.0431,0,2,0,0,1
15,277,./back_view_dataset_videos/1.mov,Right,124.3,5.6,14.9,20.6,14.8,0.0176,1.4514,0.054,0.7347,-0.9548,0.2064,0.1777,0.0534,0.0889,-0.0364,0,3,0,0,1
16,286,./back_view_dataset_videos/1.mov,Left,126.7,6.0,9.8,-6.0,3.0,-0.0205,1.4252,-0.0733,0.7042,-1.0089,-0.1783,0.2602,-0.0179,0.0178,0.0528,0,3,1,2,3
17,295,./back_view_dataset_videos/1.mov,Right,143.6,9.1,14.9,16.7,14.4,-0.0235,1.3892,0.0108,0.6748,-0.957,0.1905,0.2882,0.0511,0.0855,-0.0343,0,2,0,0,1
18,307,./back_view_dataset_videos/1.mov,Left,143.6,7.3,9.8,-5.0,7.9,-0.0377,1.4299,-0.0729,0.7131,-1.0233,-0.1588,0.2413,-0.0158,0.0467,0.0353,0,2,1,2,2
19,329,./back_view_dataset_videos/1.mov,Left,148.2,5.5,9.8,-2.5,9.4,-0.0454,1.488,-0.0899,0.7319,-1.0282,-0.1613,0.2378,-0.0077,0.0565,0.0444,0,3,1,3,2
20,340,./back_view_dataset_videos/1.mov,Right,149.8,9.6,14.9,11.2,10.9,0.0296,1.4517,0.0309,0.7283,-0.9662,0.1954,0.265,0.0301,0.0671,-0.0014,0,2,0,0,1
21,371,./back_view_dataset_videos/1.mov,Left,133.1,5.5,9.8,-6.0,2.9,-0.038,1.3637,-0.0804,0.6949,-1.0088,-0.1719,0.2512,-0.0175,0.0175,0.0424,0,3,1,2,3
22,382,./back_view_dataset_videos/1.mov,Right,128.8,10.4,14.9,9.0,9.1,0.0106,1.457,0.0351,0.7156,-0.9716,0.1993,0.2966,0.0269,0.0563,-0.0245,0,1,0,1,2
23,392,./back_view_dataset_videos/1.mov,Left,141.2,2.7,9.8,-7.2,0.6,-0.045,1.3938,-0.0783,0.6931,-1.0018,-0.1833,0.2676,-0.0213,0.0037,0.0333,0,3,1,1,3
24,425,./back_view_dataset_videos/1.mov,Right,124.0,8.6,14.9,14.7,13.5,0.0053,1.4272,0.0229,0.6974,-0.9575,0.2035,0.2536,0.0413,0.0843,-0.0176,0,2,0,0,1
25,436,./back_view_dataset_videos/1.mov,Left,119.7,6.9,9.8,-5.0,7.4,-0.0497,1.4274,-0.095,0.7028,-1.0221,-0.1687,0.2563,-0.0152,0.0442,0.0453,0,3,1,2,2
26,448,./back_view_dataset_videos/1.mov,Right,119.7,6.7,14.9,26.1,17.0,-0.0113,1.5253,0.0337,0.7356,-0.946,0.2207,0.2082,0.0807,0.1058,-0.045,0,3,0,0,0
27,458,./back_view_dataset_videos/1.mov,Left,131.3,4.4,9.8,-10.3,3.0,-0.0112,1.4615,-0.068,0.7191,-1.0091,-0.176,0.2701,-0.0318,0.0182,0.0568,0,3,1,0,3
28,469,./back_view_dataset_videos/1.mov,Right,131.3,14.7,22.4,15.3,9.3,-0.0014,1.4161,0.0241,0.7115,-0.9704,0.1951,0.2777,0.0466,0.0589,-0.0255,0,1,0,0,2
29,481,./back_view_dataset_videos/1.mov,Left,142.2,8.4,19.3,-6.9,8.5,-0.0401,1.4725,-0.072,0.7312,-1.026,-0.1726,0.2589,-0.0218,0.052,0.0319,0,2,0,2,2
30,493,./back_view_dataset_videos/1.mov,Right,140.6,22.9,164.7,2.6,9.2,0.0189,1.4461,0.0316,0.7082,-0.9717,0.1985,0.2144,0.0082,0.0559,-0.0126,0,0,0,3,2
31,515,./back_view_dataset_videos/1.mov,Right,129.0,17.8,164.7,16.1,12.7,0.01,1.4823,0.0257,0.7485,-0.9591,0.2109,0.1973,0.0522,0.0808,-0.0158,0,0,0,0,1
32,526,./back_view_dataset_videos/1.mov,Left,141.8,7.3,19.3,-8.0,6.2,-0.0232,1.4427,-0.0695,0.7204,-1.0192,-0.1803,0.2507,-0.0263,0.0384,0.0463,0,2,0,1,3
33,538,./back_view_dataset_videos/1.mov,Right,140.2,13.0,164.7,9.1,9.5,-0.0173,1.531,0.0036,0.7568,-0.9707,0.1919,0.1825,0.0288,0.0583,-0.0209,0,1,0,1,2
34,572,./back_view_dataset_videos/1.mov,Left,128.8,14.3,19.3,-10.4,6.0,-0.0306,1.4886,-0.0744,0.731,-1.0184,-0.1956,0.2789,-0.0322,0.0371,0.0438,0,1,0,0,3
35,583,./back_view_dataset_videos/1.mov,Right,126.9,15.9,164.7,14.1,15.4,0.0176,1.4822,0.0361,0.7564,-0.9521,0.2074,0.2595,0.0433,0.0946,-0.0186,0,0,0,0,0
36,595,./back_view_dataset_videos/1.mov,Left,125.3,8.0,19.3,-6.2,5.2,-0.033,1.4775,-0.0709,0.7214,-1.0167,-0.1821,0.2706,-0.0195,0.0333,0.038,0,2,0,2,3
37,605,./back_view_dataset_videos/1.mov,Right,128.8,19.6,164.7,21.6,11.3,-0.0047,1.4691,0.0278,0.7533,-0.9631,0.2192,0.2819,0.0688,0.0722,-0.0325,0,0,0,0,1
38,617,./back_view_dataset_videos/1.mov,Left,128.8,8.2,21.7,-10.7,0.2,-0.0228,1.4894,-0.0648,0.7276,-1.0004,-0.1935,0.255,-0.0342,0.001,0.042,0,2,0,0,3
39,628,./back_view_dataset_videos/1.mov,Right,138.4,25.2,164.7,15.1,8.4,-0.0095,1.4638,0.0222,0.7393,-0.9732,0.2067,0.2963,0.0474,0.0528,-0.0317,0,0,0,0,2
40,640,./back_view_dataset_videos/1.mov,Left,136.8,8.9,21.7,-6.8,5.7,-0.0073,1.4464,-0.0673,0.7128,-1.0176,-0.1669,0.2203,-0.0214,0.0353,0.06,0,2,0,2,3
41,652,./back_view_dataset_videos/1.mov,Right,136.8,11.0,164.7,8.5,9.5,0.0054,1.4568,0.039,0.7427,-0.97,0.1951,0.2793,0.0265,0.0598,-0.0336,0,1,0,1,2
42,665,./back_view_dataset_videos/1.mov,Left,146.9,7.6,21.7,-9.4,3.2,-0.0065,1.4447,-0.071,0.6819,-1.0095,-0.1661,0.226,-0.0297,0.0191,0.0644,0,2,0,1,3
43,674,./back_view_dataset_videos/1.mov,Right,151.2,9.8,164.7,15.9,12.6,-0.0436,1.4811,0.0081,0.7127,-0.9594,0.2146,0.2815,0.0512,0.08,-0.0517,1,2,0,0,1
44,697,./back_view_dataset_videos/1.mov,Right,142.7,5.8,164.7,2.6,7.7,-0.03,1.4575,0.0009,0.6798,-0.9766,0.1913,0.2621,0.0073,0.0463,-0.0309,0,3,0,3,2
45,718,./back_view_dataset_videos/1.mov,Right,131.6,7.8,164.7,20.2,14.4,-0.0658,1.4433,-0.0139,0.7101,-0.9539,0.2208,0.2576,0.0667,0.0901,-0.0519,0,2,0,0,1
46,730,./back_view_dataset_videos/1.mov,Left,131.6,12.9,21.7,-3.0,6.2,0.0232,1.4132,-0.0593,0.7036,-1.0175,-0.1759,0.2116,-0.0096,0.0352,0.0825,0,1,0,3,3
47,784,./back_view_dataset_videos/1.mov,Right,116.3,6.4,164.7,11.7,7.8,-0.0392,1.4128,-0.0031,0.7092,-0.9754,0.1997,0.2123,0.0356,0.0487,-0.036,0,3,0,0,2
48,796,./back_view_dataset_videos/1.mov,Left,116.3,8.7,21.7,-2.3,14.0,-0.0057,1.407,-0.0596,0.6964,-1.0421,-0.152,0.2326,-0.0063,0.0845,0.054,0,2,0,3,1
49,808,./back_view_dataset_videos/1.mov,Right,116.3,5.4,164.7,12.8,12.8,-0.0382,1.4052,-0.0188,0.6788,-0.9601,0.2153,0.2013,0.0365,0.0779,-0.0193,0,3,0,0,1
50,820,./back_view_dataset_videos/1.mov,Left,117.6,9.9,21.7,-24.0,4.5,0.0448,1.3291,-0.0363,0.6675,-1.0132,-0.1658,0.2175,-0.0727,0.0265,0.0811,0,2,0,0,3
51,842,./back_view_dataset_videos/1.mov,Left,103.7,9.7,21.7,-15.4,5.0,0.0492,1.368,-0.0378,0.6851,-1.0143,-0.174,0.2259,-0.0429,0.0287,0.087,0,2,0,0,3
52,851,./back_view_dataset_videos/1.mov,Right,118.0,5.1,164.7,13.1,13.9,-0.0353,1.4544,-0.0019,0.7037,-0.9565,0.1992,0.2283,0.0386,0.0864,-0.0334,0,3,0,0,1
53,862,./back_view_dataset_videos/1.mov,Left,127.2,9.8,21.7,-6.0,8.5,0.0048,1.3642,-0.0632,0.6865,-1.0248,-0.1612,0.248,-0.0168,0.0497,0.068,0,2,0,2,2
54,874,./back_view_dataset_videos/1.mov,Right,127.2,4.7,164.7,10.1,10.0,-0.0485,1.4655,-0.0027,0.69,-0.9688,0.213,0.2406,0.0302,0.0606,-0.0458,0,3,0,0,1
55,883,./back_view_dataset_videos/1.mov,Left,146.9,9.5,21.7,-14.0,-5.4,-0.0132,1.2702,-0.0732,0.6379,-0.9854,-0.1564,0.2219,-0.0407,-0.0292,0.06,0,2,0,0,3
56,917,./back_view_dataset_videos/1.mov,Right,135.4,18.3,164.7,9.2,9.5,-0.0333,1.5262,0.0011,0.7358,-0.9707,0.1916,0.233,0.0295,0.0584,-0.0344,0,0,0,1,2
57,928,./back_view_dataset_videos/1.mov,Left,137.0,9.9,21.7,-13.7,6.9,-0.0041,1.3686,-0.0597,0.6723,-1.0197,-0.1636,0.2815,-0.0398,0.0394,0.0557,0,2,0,0,3
58,950,./back_view_dataset_videos/1.mov,Left,129.0,8.2,21.7,-13.8,6.3,-0.0338,1.4776,-0.0869,0.7158,-1.0195,-0.1828,0.2625,-0.0386,0.0391,0.0531,0,2,0,0,3
59,961,./back_view_dataset_videos/1.mov,Right,138.7,27.8,164.7,8.8,13.8,-0.0358,1.446,0.0083,0.7021,-0.9563,0.2074,0.2838,0.0279,0.0864,-0.0442,0,0,0,1,1
60,973,./back_view_dataset_videos/1.mov,Left,132.8,12.1,21.7,-12.3,5.4,0.0081,1.41,-0.0666,0.6756,-1.0149,-0.1764,0.2244,-0.0357,0.03,0.0746,0,1,0,0,3
61,983,./back_view_dataset_videos/1.mov,Right,134.7,22.9,164.7,10.1,14.4,0.0193,1.4433,0.0237,0.713,-0.9551,0.1931,0.3067,0.0293,0.0894,-0.0044,0,0,0,0,1
62,994,./back_view_dataset_videos/1.mov,Left,136.3,13.7,21.7,-7.6,5.5,-0.0569,1.4055,-0.1027,0.7129,-1.0173,-0.1874,0.257,-0.0238,0.0346,0.0458,0,1,0,1,3
63,1006,./back_view_dataset_videos/1.mov,Right,130.4,11.8,164.7,16.9,7.0,-0.0334,1.4866,0.0262,0.6913,-0.9778,0.207,0.2295,0.0531,0.0435,-0.0596,0,1,0,0,2
64,1018,./back_view_dataset_videos/1.mov,Left,141.8,8.3,21.7,-14.5,-2.9,0.0724,1.4739,-0.0414,0.6917,-0.9906,-0.2047,0.2837,-0.0439,-0.0176,0.1138,0,2,0,0,3
65,1027,./back_view_dataset_videos/1.mov,Right,146.1,19.5,164.7,11.4,14.3,-0.0095,1.476,0.0164,0.693,-0.9563,0.2025,0.2639,0.0317,0.0863,-0.0258,0,0,0,0,1
66,1061,./back_view_dataset_videos/1.mov,Left,142.7,23.4,26.0,-5.3,3.7,-0.0517,1.5143,-0.0746,0.7281,-1.0114,-0.172,0.2465,-0.0157,0.0229,0.0229,0,0,0,2,3
67,1084,./back_view_dataset_videos/1.mov,Left,132.7,7.3,26.0,-1.8,3.7,-0.01,1.437,-0.0588,0.6655,-1.0109,-0.187,0.2459,-0.0058,0.022,0.0489,0,2,0,3,3
68,1093,./back_view_dataset_videos/1.mov,Right,138.6,11.8,164.7,5.7,6.9,-0.036,1.3516,0.0047,0.6787,-0.9784,0.1788,0.2375,0.0181,0.0432,-0.0407,0,1,0,2,3
69,1117,./back_view_dataset_videos/1.mov,Right,126.2,6.9,164.7,5.9,4.8,-0.015,1.3644,-0.0038,0.6879,-0.9852,0.167,0.2914,0.0172,0.0296,-0.0112,0,3,0,2,3
70,1129,./back_view_dataset_videos/1.mov,Left,124.6,18.4,26.0,-3.5,5.1,-0.0325,1.4507,-0.0878,0.7207,-1.0157,-0.1734,0.2316,-0.0107,0.0314,0.0553,0,0,0,3,3
71,1142,./back_view_dataset_videos/1.mov,Right,123.2,4.0,164.7,17.6,16.9,0.0052,1.5012,0.0466,0.7179,-0.9461,0.2107,0.2401,0.0555,0.1065,-0.0414,0,3,0,0,0
72,1199,./back_view_dataset_videos/1.mov,Left,109.2,15.0,26.0,-4.2,3.7,0.0037,1.3871,-0.0543,0.6895,-1.0106,-0.157,0.2138,-0.0123,0.0212,0.058,0,1,0,3,3
73,1211,./back_view_dataset_videos/1.mov,Right,103.3,4.9,164.7,9.6,5.6,-0.0233,1.4304,0.0095,0.7015,-0.9827,0.1758,0.2598,0.0276,0.0345,-0.0328,0,3,0,1,3
74,1222,./back_view_dataset_videos/1.mov,Left,116.4,11.3,26.0,0.7,12.2,-0.0164,1.4064,-0.0685,0.6971,-1.0358,-0.1592,0.2715,0.0023,0.0716,0.0522,0,1,0,3,1
75,1247,./back_view_dataset_videos/1.mov,Left,115.7,8.5,26.0,-0.8,17.1,0.0022,1.438,-0.056,0.682,-1.0547,-0.1605,0.274,-0.0022,0.1097,0.0582,0,2,0,3,0
76,1258,./back_view_dataset_videos/1.mov,Right,111.4,6.9,164.7,20.0,-15.5,-0.0345,1.4281,0.0076,0.6822,-1.0476,0.1775,0.3517,0.0598,-0.0952,-0.0421,0,3,0,0,0
77,1267,./back_view_dataset_videos/1.mov,Left,126.1,5.1,26.0,-5.7,-18.7,-0.062,1.4,-0.1099,0.7125,-0.946,-0.1559,0.1803,-0.0183,-0.1081,0.0479,0,3,0,2,0
78,1280,./back_view_dataset_videos/1.mov,Right,124.7,6.1,164.7,13.0,27.0,0.0332,1.4121,0.0464,0.7281,-0.9146,0.1967,0.2133,0.0383,0.1699,-0.0132,0,3,0,0,0
79,1316,./back_view_dataset_videos/1.mov,Left,114.3,15.0,26.0,-32.5,-10.1,-0.0131,1.3768,-0.0501,0.6795,-0.9726,-0.1479,0.2063,-0.0711,-0.0549,0.0371,0,0,0,0,1
80,1327,./back_view_dataset_videos/1.mov,Right,129.9,6.9,164.7,24.8,24.3,0.0087,1.4454,0.0397,0.7109,-0.959,0.1401,0.0838,0.0441,0.0792,-0.031,0,3,0,0,0
81,1336,./back_view_dataset_videos/1.mov,Left,135.8,5.0,26.0,-5.9,-3.4,-0.059,1.4558,-0.0863,0.7177,-0.9897,-0.1739,0.2157,-0.0191,-0.0206,0.0273,0,3,0,2,3
82,1369,./back_view_dataset_videos/1.mov,Right,122.9,5.5,164.7,17.0,11.6,-0.021,1.4285,0.0133,0.706,-0.9638,0.1909,0.211,0.0515,0.0722,-0.0343,0,3,0,0,1
83,1381,./back_view_dataset_videos/1.mov,Left,132.1,6.3,26.0,-8.4,-1.7,-0.0282,1.481,-0.0744,0.7331,-0.9947,-0.1852,0.2464,-0.0265,-0.0105,0.0461,0,3,0,1,3
84,1393,./back_view_dataset_videos/1.mov,Right,130.5,5.0,164.7,24.4,13.1,-0.0131,1.5086,0.0273,0.7162,-0.9582,0.2108,0.1884,0.0806,0.0825,-0.0404,0,3,0,0,1
85,1403,./back_view_dataset_videos/1.mov,Left,128.2,5.7,26.0,-5.4,4.8,-0.0061,1.3958,-0.0555,0.6858,-1.0135,-0.1661,0.228,-0.017,0.0271,0.0494,0,3,0,2,3
86,1415,./back_view_dataset_videos/1.mov,Right,129.5,4.7,164.7,3.2,-1.7,0.0092,1.4716,0.039,0.6909,-1.0047,0.1917,0.2264,0.0091,-0.0098,-0.0298,0,3,0,3,3
87,1426,./back_view_dataset_videos/1.mov,Left,142.9,4.5,26.0,-7.3,6.9,-0.0181,1.4655,-0.0563,0.6836,-1.0203,-0.1604,0.2254,-0.0176,0.0407,0.0382,0,3,0,1,3
88,1438,./back_view_dataset_videos/1.mov,Right,141.3,3.7,164.7,3.9,2.8,-0.0335,1.4638,0.0154,0.7105,-0.9915,0.1874,0.2631,0.0115,0.0166,-0.0489,0,3,0,3,3
89,1471,./back_view_dataset_videos/1.mov,Left,124.2,4.8,26.0,-3.1,15.4,0.0236,1.3976,0.0032,0.7043,-1.0457,-0.1688,0.2762,-0.0093,0.0915,0.0204,0,3,0,3,0
90,1481,./back_view_dataset_videos/1.mov,Right,138.9,4.5,164.7,6.7,8.5,-0.0458,1.386,0.0039,0.6757,-0.9749,0.1712,0.2346,0.0211,0.0502,-0.0497,0,3,0,2,2
91,1508,./back_view_dataset_videos/1.mov,Right,129.1,9.5,164.7,13.2,13.0,0.1009,1.5701,0.0914,0.7941,-0.9657,0.1725,0.0,0.0355,0.068,0.0095,0,2,0,0,1
92,1526,./back_view_dataset_videos/1.mov,Right,123.2,5.7,164.7,15.0,12.6,-0.0485,1.445,-0.0052,0.7253,-0.9598,0.2028,0.2178,0.0456,0.0797,-0.0433,0,3,0,0,1
93,1537,./back_view_dataset_videos/1.mov,Left,121.3,11.2,26.0,-2.1,7.4,-0.0258,1.4233,-0.0732,0.7124,-1.02,-0.1447,0.2203,-0.0065,0.04,0.0475,0,1,0,3,2
94,1550,./back_view_dataset_videos/1.mov,Right,119.9,7.6,164.7,12.4,11.1,-0.0386,1.4828,0.0326,0.7161,-0.9649,0.2085,0.2057,0.0393,0.0692,-0.0712,0,2,0,0,1
95,1582,./back_view_dataset_videos/1.mov,Left,107.3,10.8,26.0,-6.1,3.5,0.013,1.3662,-0.0647,0.6788,-1.0102,-0.1865,0.2326,-0.0181,0.0207,0.0777,0,1,0,2,3
96,1592,./back_view_dataset_videos/1.mov,Right,110.8,6.0,164.7,18.6,14.2,-0.0485,1.4437,-0.0051,0.7203,-0.9551,0.2115,0.2471,0.0573,0.0884,-0.0435,0,3,0,0,1
97,1603,./back_view_dataset_videos/1.mov,Left,123.7,9.6,26.0,-7.2,1.3,-0.0187,1.3661,-0.0674,0.7008,-1.0035,-0.1692,0.2414,-0.0224,0.007,0.0488,0,2,0,1,3
98,1616,./back_view_dataset_videos/1.mov,Right,118.8,5.3,164.7,15.0,8.1,-0.0251,1.4745,0.0241,0.6964,-0.9752,0.1913,0.1879,0.047,0.0491,-0.0492,0,3,0,0,2
99,1625,./back_view_dataset_videos/1.mov,Left,134.5,9.2,26.0,-8.8,5.4,-0.0166,1.4383,-0.0629,0.7064,-1.0157,-0.1759,0.2311,-0.0269,0.0314,0.0464,0,2,0,1,3
100,1657,./back_view_dataset_videos/1.mov,Right,129.3,7.1,164.7,14.3,13.3,-0.0107,1.4402,0.0316,0.6943,-0.9564,0.2032,0.2616,0.0448,0.0868,-0.0423,0,2,0,0,1
101,1667,./back_view_dataset_videos/1.mov,Left,131.3,9.2,26.0,-4.8,4.0,-0.0623,1.3601,-0.0943,0.6865,-1.0113,-0.1723,0.2433,-0.0145,0.0228,0.032,0,2,0,3,3
102,1679,./back_view_dataset_videos/1.mov,Right,132.6,7.2,164.7,15.2,10.3,-0.0054,1.3726,0.0211,0.681,-0.9673,0.2089,0.2659,0.045,0.0644,-0.0265,0,2,0,0,1
103,1690,./back_view_dataset_videos/1.mov,Left,145.3,4.5,26.0,-11.7,-1.4,-0.0441,1.4202,-0.0799,0.71,-0.9958,-0.182,0.2615,-0.0319,-0.0084,0.0358,0,3,0,0,3
104,1702,./back_view_dataset_videos/1.mov,Right,141.8,6.8,164.7,7.0,9.3,-0.0115,1.4282,0.0246,0.6795,-0.971,0.205,0.2302,0.0205,0.0571,-0.0361,0,3,0,2,2
105,1712,./back_view_dataset_videos/1.mov,Left,143.7,4.9,26.0,-9.4,2.1,-0.0218,1.4279,-0.0759,0.7075,-1.0061,-0.1656,0.2509,-0.0244,0.0123,0.0541,0,3,0,1,3
106,1724,./back_view_dataset_videos/1.mov,Right,145.0,6.1,164.7,6.7,9.6,-0.0179,1.3983,0.0258,0.6719,-0.9701,0.2013,0.2812,0.0198,0.059,-0.0437,0,3,0,2,2
107,14,./back_view_dataset_videos/2.mov,Right,0,6.5,7.4,5.8,4.7,0.0009,1.4274,0.0391,0.7415,-0.9855,0.1881,0.2372,0.0177,0.0289,-0.0382,0,3,2,2,3
108,34,./back_view_dataset_videos/2.mov,Right,90.0,4.7,7.4,4.6,4.8,-0.0154,1.3574,0.0337,0.6974,-0.9858,0.1823,0.2848,0.0138,0.0282,-0.049,0,3,2,3,3
109,46,./back_view_dataset_videos/2.mov,Left,120.0,5.5,3.6,-12.6,-5.6,0.0274,1.3538,-0.0384,0.6714,-0.9837,-0.1811,0.2588,-0.0387,-0.0324,0.0658,0,3,3,0,3
110,58,./back_view_dataset_videos/2.mov,Right,130.0,4.1,7.4,-4.6,-2.0,0.0032,1.4437,0.0345,0.695,-1.006,0.1643,0.2307,-0.0145,-0.012,-0.0313,0,3,2,3,3
111,68,./back_view_dataset_videos/2.mov,Left,142.5,5.7,3.8,-12.9,-1.5,0.0039,1.4138,-0.0465,0.7123,-0.9953,-0.1858,0.2633,-0.0353,-0.0091,0.0504,0,3,3,0,3
112,112,./back_view_dataset_videos/2.mov,Left,122.2,5.1,5.8,-10.6,0.3,-0.0091,1.4782,-0.0672,0.7247,-1.0008,-0.1957,0.2643,-0.0329,0.0021,0.0581,0,3,3,0,3
113,134,./back_view_dataset_videos/2.mov,Left,115.5,4.7,5.8,-11.9,-0.4,-0.0038,1.4739,-0.0658,0.7217,-0.9986,-0.189,0.2578,-0.0365,-0.0023,0.062,0,3,3,0,3
114,145,./back_view_dataset_videos/2.mov,Right,122.3,5.5,7.4,4.3,1.7,0.0061,1.4932,0.0355,0.7374,-0.9948,0.1748,0.2508,0.0135,0.0104,-0.0294,0,3,2,3,3
115,178,./back_view_dataset_videos/2.mov,Left,113.9,5.0,6.3,-6.6,1.4,0.0136,1.4379,-0.0289,0.7016,-1.0034,-0.1946,0.2675,-0.0187,0.0079,0.0425,0,3,2,2,3
116,199,./back_view_dataset_videos/2.mov,Left,113.3,4.7,6.3,-9.3,0.5,-0.0003,1.4793,-0.0612,0.7415,-1.0014,-0.1882,0.2814,-0.0288,0.0031,0.0609,0,3,2,1,3
117,221,./back_view_dataset_videos/2.mov,Left,104.8,3.7,6.3,-12.5,-5.7,-0.023,1.4611,-0.0706,0.7322,-0.9825,-0.1943,0.2814,-0.0395,-0.0345,0.0476,0,3,2,0,3
118,232,./back_view_dataset_videos/2.mov,Right,106.5,5.5,9.2,5.9,-0.2,-0.007,1.4436,0.0326,0.7153,-1.0005,0.1652,0.2658,0.0169,-0.001,-0.0396,0,3,1,2,3
119,244,./back_view_dataset_videos/2.mov,Left,102.8,3.1,6.3,-6.4,-3.1,0.0005,1.4645,-0.0403,0.7165,-0.9903,-0.1941,0.2644,-0.0204,-0.0189,0.0408,0,3,2,2,3
120,266,./back_view_dataset_videos/2.mov,Left,107.9,5.0,6.3,-13.8,-5.9,0.0162,1.467,-0.0497,0.7103,-0.9816,-0.2136,0.2787,-0.0441,-0.0348,0.0659,0,3,2,0,3
121,277,./back_view_dataset_videos/2.mov,Right,118.1,6.6,9.2,1.6,-0.6,0.0102,1.4618,0.0349,0.725,-1.0018,0.1534,0.2288,0.0049,-0.0037,-0.0247,0,3,1,3,3
122,310,./back_view_dataset_videos/2.mov,Left,104.5,4.5,6.3,-14.1,-3.4,-0.0122,1.3586,-0.0556,0.6884,-0.9895,-0.1986,0.2824,-0.039,-0.02,0.0433,0,3,2,0,3
123,322,./back_view_dataset_videos/2.mov,Right,116.4,8.5,10.0,7.4,1.2,0.0044,1.4917,0.0326,0.748,-0.9964,0.1698,0.2579,0.0217,0.0072,-0.0282,0,2,1,1,3
124,355,./back_view_dataset_videos/2.mov,Left,112.5,5.1,6.3,-14.4,-3.6,-0.0118,1.3418,-0.0423,0.672,-0.9896,-0.1749,0.2526,-0.0439,-0.0206,0.0305,0,3,2,0,3
125,368,./back_view_dataset_videos/2.mov,Right,119.6,6.2,10.0,-4.0,-4.0,0.0375,1.414,0.0466,0.711,-1.0116,0.1593,0.2483,-0.0126,-0.0233,-0.009,0,3,1,3,3
126,380,./back_view_dataset_videos/2.mov,Left,117.9,12.4,11.5,-13.9,-4.7,0.0486,1.4372,-0.0657,0.7278,-0.9858,-0.1972,0.2491,-0.0445,-0.0276,0.1143,0,1,1,0,3
127,391,./back_view_dataset_videos/2.mov,Right,119.6,7.6,11.4,6.1,2.3,-0.0401,1.4602,0.0056,0.7354,-0.9933,0.1663,0.2733,0.0182,0.0134,-0.0458,0,2,1,2,3
128,404,./back_view_dataset_videos/2.mov,Left,126.7,7.2,11.5,-19.6,-3.5,0.0478,1.3859,-0.0358,0.7068,-0.9896,-0.1887,0.2459,-0.0611,-0.02,0.0836,0,2,1,0,3
129,425,./back_view_dataset_videos/2.mov,Left,116.9,6.0,11.5,-11.0,-4.1,0.0482,1.4254,-0.0262,0.7073,-0.9873,-0.2032,0.283,-0.0342,-0.0242,0.0744,0,3,1,0,3
130,436,./back_view_dataset_videos/2.mov,Right,130.6,9.3,12.3,7.0,2.2,-0.0222,1.4231,0.0275,0.7237,-0.9935,0.1703,0.2495,0.0177,0.013,-0.0497,0,2,1,2,3
131,448,./back_view_dataset_videos/2.mov,Left,130.6,7.3,11.5,-10.3,0.2,0.0375,1.4003,-0.0325,0.7019,-1.0006,-0.1755,0.2426,-0.0311,0.0012,0.07,0,2,1,0,3
132,460,./back_view_dataset_videos/2.mov,Right,142.5,4.4,12.3,19.5,6.8,-0.0176,1.4334,0.0278,0.7206,-0.9802,0.1706,0.2057,0.0619,0.0397,-0.0454,0,3,1,0,3
133,470,./back_view_dataset_videos/2.mov,Left,147.7,5.2,11.5,-13.2,-4.5,0.0349,1.3387,-0.025,0.6746,-0.9872,-0.1765,0.2274,-0.0406,-0.0253,0.06,0,3,1,0,3
134,481,./back_view_dataset_videos/2.mov,Right,149.4,3.8,12.3,5.4,2.5,-0.018,1.4006,0.0156,0.6977,-0.9927,0.1585,0.2995,0.0159,0.0145,-0.0337,0,3,1,2,3
135,493,./back_view_dataset_videos/2.mov,Left,147.7,7.7,11.5,-8.3,-2.3,0.0105,1.3107,-0.0462,0.6565,-0.9936,-0.1645,0.2097,-0.0252,-0.0128,0.0568,0,2,1,1,3
136,506,./back_view_dataset_videos/2.mov,Right,147.7,3.7,12.3,0.3,0.9,0.0381,1.4403,0.0546,0.7231,-0.9974,0.1653,0.2398,0.0008,0.0052,-0.0166,0,3,1,3,3
137,517,./back_view_dataset_videos/2.mov,Left,157.4,6.3,11.5,-16.4,-3.1,-0.0219,1.4262,-0.0716,0.7075,-0.9909,-0.1804,0.278,-0.05,-0.018,0.0496,1,3,1,0,3
138,529,./back_view_dataset_videos/2.mov,Right,155.7,29.7,37.1,6.0,1.0,0.0341,1.5363,0.0448,0.7241,-0.9971,0.1715,0.3003,0.0188,0.0058,-0.0107,1,0,0,2,3
139,541,./back_view_dataset_videos/2.mov,Left,155.7,5.4,11.5,-10.6,-1.6,-0.0063,1.468,-0.063,0.7041,-0.995,-0.1894,0.2586,-0.034,-0.0094,0.0567,1,3,1,0,3
140,553,./back_view_dataset_videos/2.mov,Right,155.7,11.3,37.1,7.5,2.1,0.0069,1.5033,0.0329,0.7115,-0.9936,0.1871,0.2556,0.0234,0.0125,-0.026,1,1,0,1,3
141,565,./back_view_dataset_videos/2.mov,Left,152.0,7.2,11.5,-1.2,-1.9,0.0441,1.3702,-0.0426,0.6824,-0.9943,-0.1848,0.2274,-0.0037,-0.011,0.0866,1,2,1,3,3
142,575,./back_view_dataset_videos/2.mov,Right,154.0,20.6,37.1,6.6,0.9,0.0118,1.4421,0.0243,0.6994,-0.9973,0.1624,0.2406,0.0202,0.0054,-0.0125,1,0,0,2,3
143,586,./back_view_dataset_videos/2.mov,Left,155.7,10.4,11.5,-12.9,-3.4,-0.0144,1.3812,-0.0593,0.6926,-0.9901,-0.1844,0.237,-0.0381,-0.0193,0.045,1,1,1,0,3
144,598,./back_view_dataset_videos/2.mov,Right,157.2,22.8,37.1,7.6,2.8,0.0223,1.5018,0.0387,0.7115,-0.992,0.1664,0.2634,0.0226,0.0159,-0.0164,1,0,0,1,3
145,610,./back_view_dataset_videos/2.mov,Left,155.5,6.4,11.5,-11.6,0.5,0.0147,1.4539,-0.0403,0.731,-1.0015,-0.1678,0.2343,-0.0336,0.0031,0.0549,1,3,1,0,3
146,622,./back_view_dataset_videos/2.mov,Right,155.5,19.0,37.1,5.0,-0.4,0.0142,1.5046,0.0227,0.7102,-1.0013,0.1726,0.2013,0.0153,-0.0027,-0.0085,1,0,0,3,3
147,632,./back_view_dataset_videos/2.mov,Left,159.2,6.6,11.5,-11.9,0.6,-0.0151,1.3903,-0.0493,0.6813,-1.0018,-0.1774,0.2554,-0.0375,0.0037,0.0342,1,3,1,0,3
148,644,./back_view_dataset_videos/2.mov,Right,159.2,10.0,37.1,10.9,4.3,0.0153,1.4891,0.0388,0.735,-0.9875,0.1641,0.2427,0.0338,0.025,-0.0235,1,1,0,0,3
149,655,./back_view_dataset_videos/2.mov,Left,160.9,10.7,11.5,-12.6,-1.0,-0.006,1.3596,-0.0583,0.6894,-0.9968,-0.1833,0.2478,-0.038,-0.006,0.0523,1,1,1,0,3
150,667,./back_view_dataset_videos/2.mov,Right,157.2,13.7,37.1,6.0,-2.1,0.0199,1.4442,0.0327,0.7007,-1.0062,0.169,0.2793,0.0161,-0.0125,-0.0128,1,1,0,2,3
151,679,./back_view_dataset_videos/2.mov,Left,155.5,10.7,11.5,-15.6,-7.0,-0.0067,1.4264,-0.052,0.7122,-0.9798,-0.1832,0.2526,-0.0458,-0.0401,0.0453,1,1,1,0,3
152,691,./back_view_dataset_videos/2.mov,Right,155.5,15.6,37.1,-0.7,-2.9,0.0211,1.5024,0.0305,0.7072,-1.0085,0.1617,0.2584,-0.002,-0.0172,-0.0094,1,0,0,3,3
153,703,./back_view_dataset_videos/2.mov,Left,155.5,4.2,11.5,-11.8,-1.0,-0.0137,1.3754,-0.0521,0.696,-0.997,-0.176,0.2634,-0.0364,-0.0059,0.0384,1,3,1,0,3
154,713,./back_view_dataset_videos/2.mov,Right,159.2,8.2,37.1,3.7,-4.8,0.0088,1.5007,0.0319,0.7063,-1.0144,0.1499,0.2753,0.0117,-0.0293,-0.0231,1,2,0,3,3
155,725,./back_view_dataset_videos/2.mov,Left,155.5,6.3,11.5,-19.3,-7.4,0.0203,1.3894,-0.0356,0.6879,-0.9778,-0.2001,0.2334,-0.0595,-0.0431,0.0559,1,3,1,0,2
156,736,./back_view_dataset_videos/2.mov,Right,157.2,15.5,37.1,3.5,1.1,0.01,1.4701,0.0399,0.7172,-0.9967,0.1633,0.2512,0.0106,0.0066,-0.0299,1,0,0,3,3
157,748,./back_view_dataset_videos/2.mov,Left,155.5,11.7,11.5,-12.0,-3.7,-0.0352,1.3827,-0.0707,0.7017,-0.9886,-0.1927,0.275,-0.038,-0.0222,0.0355,1,1,1,0,3
158,760,./back_view_dataset_videos/2.mov,Right,155.5,9.4,37.1,6.4,2.7,0.0095,1.511,0.0493,0.7354,-0.9918,0.1781,0.261,0.0202,0.0163,-0.0398,1,2,0,2,3
159,772,./back_view_dataset_videos/2.mov,Left,155.5,6.4,11.5,-6.1,-3.1,0.0262,1.4294,-0.0556,0.694,-0.9904,-0.201,0.2604,-0.0193,-0.0184,0.0818,1,3,1,2,3
160,784,./back_view_dataset_videos/2.mov,Right,155.5,10.0,37.1,10.2,1.7,0.0149,1.5173,0.0442,0.7276,-0.995,0.1727,0.2507,0.0313,0.0099,-0.0294,1,2,0,0,3
161,794,./back_view_dataset_videos/2.mov,Left,159.2,5.4,11.5,-13.6,-8.9,-0.0159,1.4479,-0.0806,0.7201,-0.9735,-0.1938,0.2711,-0.0424,-0.0524,0.0648,1,3,1,0,2
162,806,./back_view_dataset_videos/2.mov,Right,155.5,7.2,37.1,2.0,-4.4,-0.0011,1.5368,0.0465,0.7195,-1.013,0.1511,0.2303,0.0058,-0.0264,-0.0476,1,2,0,3,3
163,817,./back_view_dataset_videos/2.mov,Left,157.2,4.5,11.5,-13.1,-8.8,-0.025,1.4166,-0.073,0.7047,-0.9734,-0.2016,0.2793,-0.042,-0.052,0.048,1,3,1,0,2
164,851,./back_view_dataset_videos/2.mov,Right,143.3,12.1,37.1,6.6,2.0,0.0087,1.5026,0.0393,0.7179,-0.994,0.158,0.25,0.02,0.0118,-0.0306,0,1,0,2,3
165,863,./back_view_dataset_videos/2.mov,Left,143.3,4.8,11.5,-11.7,-4.2,-0.01,1.4151,-0.0609,0.715,-0.9872,-0.1955,0.2692,-0.0376,-0.0249,0.0509,0,3,1,0,3
166,877,./back_view_dataset_videos/2.mov,Right,140.7,16.1,37.1,28.6,9.6,-0.0053,1.5157,0.0363,0.7433,-0.9712,0.1643,0.1895,0.1027,0.0575,-0.0415,0,0,0,0,2
167,887,./back_view_dataset_videos/2.mov,Left,144.4,8.3,11.5,-13.1,-4.1,0.0092,1.4383,-0.0408,0.7461,-0.9878,-0.1868,0.2188,-0.041,-0.024,0.0499,0,2,1,0,3
168,901,./back_view_dataset_videos/2.mov,Right,141.7,31.5,37.1,9.7,0.6,0.0142,1.5415,0.0463,0.7787,-0.9981,0.1615,0.2438,0.0302,0.0037,-0.0321,0,0,0,1,3
169,913,./back_view_dataset_videos/2.mov,Left,138.0,16.9,16.0,-16.6,-6.3,-0.0108,1.4539,-0.056,0.7268,-0.9801,-0.2059,0.2749,-0.0548,-0.0391,0.0452,0,0,0,0,3
170,925,./back_view_dataset_videos/2.mov,Right,138.0,14.2,37.1,9.3,-3.3,0.0177,1.4439,0.0291,0.7421,-1.0095,0.1512,0.3046,0.0274,-0.0193,-0.0114,0,1,0,1,3
171,938,./back_view_dataset_videos/2.mov,Left,134.8,50.2,150.6,-15.7,-0.1,-0.0274,1.4336,-0.0552,0.7379,-0.9995,-0.1836,0.2738,-0.0506,-0.0009,0.0279,0,0,0,0,3
172,950,./back_view_dataset_videos/2.mov,Right,147.0,71.5,170.1,12.7,4.4,0.0238,1.4085,0.0484,0.7158,-0.9865,0.1844,0.2895,0.0382,0.0269,-0.0245,0,0,0,0,3
173,964,./back_view_dataset_videos/2.mov,Left,144.3,7.9,150.6,-17.1,-4.1,-0.0079,1.4456,-0.0419,0.7176,-0.9875,-0.1855,0.2975,-0.0557,-0.0248,0.0341,0,2,0,0,3
174,976,./back_view_dataset_videos/2.mov,Right,147.0,36.9,170.1,8.8,-2.0,-0.0091,1.4115,0.0286,0.7125,-1.0059,0.1737,0.2974,0.0272,-0.0117,-0.0376,0,0,0,1,3
175,989,./back_view_dataset_videos/2.mov,Left,141.8,23.0,150.6,-16.9,-10.6,0.0094,1.4433,-0.0415,0.7129,-0.9679,-0.1794,0.2205,-0.0555,-0.064,0.0508,0,0,0,0,1
176,1001,./back_view_dataset_videos/2.mov,Right,144.5,8.0,170.1,12.9,-3.1,0.0385,1.4295,0.0572,0.7428,-1.0094,0.1709,0.2757,0.0413,-0.0188,-0.0187,0,2,0,0,3
177,1015,./back_view_dataset_videos/2.mov,Left,141.8,17.2,150.6,-20.9,-7.5,-0.0069,1.3931,-0.0595,0.6889,-0.978,-0.1887,0.2633,-0.067,-0.0435,0.0526,0,0,0,0,2
178,1027,./back_view_dataset_videos/2.mov,Right,141.8,23.1,170.1,7.3,1.6,0.0174,1.4869,0.032,0.7541,-0.9952,0.1805,0.244,0.0238,0.0097,-0.0147,0,0,0,1,3
179,1040,./back_view_dataset_videos/2.mov,Left,141.8,11.2,150.6,-14.7,-4.5,-0.0026,1.4317,-0.0514,0.7085,-0.9865,-0.1819,0.2648,-0.0442,-0.0268,0.0488,0,1,0,0,3
180,1052,./back_view_dataset_videos/2.mov,Right,141.8,57.9,170.1,6.1,-2.3,0.0166,1.4578,0.0347,0.733,-1.007,0.1728,0.2488,0.0193,-0.0141,-0.018,0,0,0,2,3
181,1063,./back_view_dataset_videos/2.mov,Left,146.2,11.2,150.6,-14.0,5.5,-0.0313,1.4796,-0.0542,0.7765,-1.0167,-0.192,0.2645,-0.0492,0.0337,0.023,0,1,0,0,3
182,1078,./back_view_dataset_videos/2.mov,Right,142.4,17.7,170.1,6.5,1.7,0.0022,1.5386,0.028,0.7607,-0.9948,0.1517,0.2286,0.0181,0.0101,-0.0258,0,0,0,2,3
183,1090,./back_view_dataset_videos/2.mov,Left,143.8,12.8,150.6,-14.7,-5.4,-0.0042,1.4221,-0.0427,0.6928,-0.9838,-0.1952,0.2591,-0.0459,-0.0315,0.0386,0,1,0,0,3
184,1102,./back_view_dataset_videos/2.mov,Right,143.8,20.4,170.1,6.0,-3.6,0.0273,1.4366,0.0463,0.7388,-1.0108,0.1842,0.2682,0.018,-0.0216,-0.0189,0,0,0,2,3
185,1114,./back_view_dataset_videos/2.mov,Left,146.5,8.8,150.6,-16.3,-8.3,0.017,1.3751,-0.0386,0.708,-0.9769,-0.1886,0.2782,-0.044,-0.0449,0.0556,0,2,0,0,2
186,1127,./back_view_dataset_videos/2.mov,Right,145.1,5.8,170.1,3.6,2.5,0.0054,1.4659,0.0368,0.7269,-0.9923,0.1743,0.2184,0.0109,0.0154,-0.0314,0,3,0,3,3
187,1142,./back_view_dataset_videos/2.mov,Left,142.8,6.3,150.6,-12.8,-1.3,0.0255,1.4204,-0.049,0.704,-0.9962,-0.1835,0.2386,-0.0392,-0.0073,0.0745,0,3,0,0,3
188,1153,./back_view_dataset_videos/2.mov,Right,144.5,3.6,170.1,10.5,7.9,0.008,1.4813,0.0453,0.7139,-0.9769,0.1683,0.181,0.0334,0.0461,-0.0373,0,3,0,0,2
189,1162,./back_view_dataset_videos/2.mov,Left,149.0,5.4,150.6,-11.9,-4.7,0.0117,1.3101,-0.0373,0.6598,-0.9865,-0.1819,0.2205,-0.0366,-0.0265,0.0491,0,3,0,0,3
190,1174,./back_view_dataset_videos/2.mov,Right,152.8,4.0,170.1,2.2,1.0,0.0193,1.4539,0.0514,0.7169,-0.9971,0.1574,0.2381,0.0069,0.0057,-0.0321,1,3,0,3,3
191,1198,./back_view_dataset_videos/2.mov,Right,143.4,4.3,170.1,16.2,11.7,0.0237,1.5532,0.048,0.7685,-0.9647,0.1656,0.1331,0.0533,0.0706,-0.0243,0,3,0,0,1
192,1208,./back_view_dataset_videos/2.mov,Left,147.2,5.8,150.6,-9.2,-0.2,-0.023,1.389,-0.0667,0.7171,-0.9994,-0.1706,0.2411,-0.0276,-0.0013,0.0438,0,3,0,1,3
193,1220,./back_view_dataset_videos/2.mov,Right,147.2,11.0,170.1,-1.9,-1.8,0.014,1.4573,0.063,0.7223,-1.0054,0.1697,0.2586,-0.0058,-0.0108,-0.0491,0,1,0,3,3
194,1231,./back_view_dataset_videos/2.mov,Left,150.3,4.6,150.6,-11.8,-8.7,0.0013,1.3822,-0.0534,0.6951,-0.9738,-0.2097,0.2606,-0.0336,-0.0504,0.0547,1,3,0,0,2
195,1243,./back_view_dataset_videos/2.mov,Right,154.0,3.6,170.1,6.8,2.0,0.0045,1.4334,0.0277,0.717,-0.9941,0.1705,0.2565,0.0188,0.0118,-0.0232,1,3,0,2,3
196,1255,./back_view_dataset_videos/2.mov,Left,152.3,4.8,150.6,-10.4,1.2,-0.0061,1.4598,-0.0511,0.7079,-1.0031,-0.1883,0.2696,-0.0317,0.0068,0.045,1,3,0,0,3
197,1267,./back_view_dataset_videos/2.mov,Right,146.1,10.4,170.1,-3.6,-0.1,0.0236,1.4574,0.0509,0.6768,-1.0003,0.1582,0.255,-0.0117,-0.0009,-0.0273,0,1,0,3,3
198,1279,./back_view_dataset_videos/2.mov,Left,146.1,4.2,150.6,-4.5,-1.3,-0.0291,1.44,-0.0827,0.7113,-0.9961,-0.1839,0.2619,-0.0143,-0.0075,0.0536,0,3,0,3,3
199,1291,./back_view_dataset_videos/2.mov,Right,155.5,17.3,170.1,1.8,0.4,0.015,1.4907,0.057,0.6923,-0.9989,0.1624,0.2299,0.0058,0.0022,-0.0419,1,0,0,3,3
200,1303,./back_view_dataset_videos/2.mov,Left,151.7,3.9,150.6,-15.7,-2.7,0.0102,1.4207,-0.0392,0.6978,-0.992,-0.1872,0.2743,-0.0485,-0.0156,0.0494,1,3,0,0,3
201,1315,./back_view_dataset_videos/2.mov,Right,151.7,7.2,170.1,3.3,2.8,0.0198,1.4823,0.0432,0.7341,-0.9919,0.1678,0.2612,0.0099,0.0163,-0.0234,1,2,0,3,3
202,1325,./back_view_dataset_videos/2.mov,Left,153.8,3.2,150.6,-13.4,-5.1,-0.02,1.3994,-0.0512,0.6918,-0.9847,-0.1933,0.2303,-0.0371,-0.03,0.0312,1,3,0,0,3
203,1337,./back_view_dataset_videos/2.mov,Right,153.8,5.4,170.1,5.9,-1.1,-0.0013,1.4857,0.0336,0.7243,-1.0033,0.1732,0.2328,0.0186,-0.0066,-0.0349,1,3,0,2,3
204,1349,./back_view_dataset_videos/2.mov,Left,153.8,5.3,150.6,-14.7,-7.9,0.0361,1.4122,-0.0303,0.6958,-0.9766,-0.1992,0.2541,-0.0446,-0.0456,0.0664,1,3,0,0,2
205,1360,./back_view_dataset_videos/2.mov,Right,155.5,5.3,170.1,1.9,-1.5,0.0213,1.4987,0.0411,0.7068,-1.0043,0.1516,0.261,0.0058,-0.009,-0.0198,1,3,0,3,3
206,1372,./back_view_dataset_videos/2.mov,Left,155.5,7.7,150.6,-11.5,-0.7,-0.0259,1.4648,-0.0739,0.7328,-0.9976,-0.1866,0.2587,-0.0355,-0.0043,0.0481,1,2,0,0,3
207,1384,./back_view_dataset_videos/2.mov,Right,155.5,11.0,170.1,1.7,-1.4,0.011,1.4675,0.0396,0.6972,-1.0041,0.1681,0.1987,0.0053,-0.0081,-0.0286,1,1,0,3,3
208,1394,./back_view_dataset_videos/2.mov,Left,159.2,4.2,150.6,-10.2,-5.6,0.001,1.3911,-0.0437,0.7126,-0.9833,-0.1908,0.2522,-0.0321,-0.033,0.0447,1,3,0,0,3
209,1406,./back_view_dataset_videos/2.mov,Right,159.2,9.6,170.1,6.9,-0.5,0.0147,1.4363,0.0329,0.7041,-1.0012,0.1495,0.2384,0.0212,-0.0027,-0.0182,1,2,0,2,3
210,1418,./back_view_dataset_videos/2.mov,Left,155.5,5.9,150.6,-12.3,-4.1,-0.0125,1.4614,-0.0696,0.7257,-0.9874,-0.1999,0.2659,-0.0376,-0.0241,0.0572,1,3,0,0,3
211,1430,./back_view_dataset_videos/2.mov,Right,155.5,12.7,170.1,3.4,1.5,0.027,1.5084,0.0439,0.7192,-0.9953,0.168,0.2634,0.0102,0.0093,-0.0169,1,1,0,3,3
212,1441,./back_view_dataset_videos/2.mov,Left,157.2,6.2,150.6,-13.8,-3.8,0.0111,1.3713,-0.0597,0.7198,-0.9884,-0.195,0.2607,-0.0432,-0.0223,0.0707,1,3,0,0,3
213,1454,./back_view_dataset_videos/2.mov,Right,154.0,5.9,170.1,19.4,6.3,-0.0142,1.4572,0.0344,0.7374,-0.9813,0.1708,0.187,0.0604,0.0374,-0.0485,1,3,0,0,3
214,1465,./back_view_dataset_videos/2.mov,Left,155.7,5.6,150.6,-7.9,1.6,-0.0114,1.4485,-0.0622,0.7287,-1.0046,-0.1727,0.2525,-0.024,0.0092,0.0508,1,3,0,1,3
215,1477,./back_view_dataset_videos/2.mov,Right,155.7,5.7,170.1,-3.7,-2.1,0.049,1.4227,0.0563,0.6845,-1.0061,0.1627,0.2698,-0.0114,-0.0122,-0.0074,1,3,0,3,3
216,1499,./back_view_dataset_videos/2.mov,Right,143.5,4.8,170.1,6.5,2.3,-0.0007,1.4802,0.042,0.7448,-0.9932,0.1838,0.2704,0.0202,0.0135,-0.0427,0,3,0,2,3
217,1510,./back_view_dataset_videos/2.mov,Left,145.2,5.8,150.6,-7.0,3.0,-0.0226,1.4013,-0.0514,0.7042,-1.0086,-0.181,0.2739,-0.0215,0.0174,0.0288,0,3,0,2,3
218,1522,./back_view_dataset_videos/2.mov,Right,145.2,5.3,170.1,2.5,-4.7,0.0146,1.3756,0.0464,0.6617,-1.0137,0.1569,0.2598,0.0075,-0.0274,-0.0318,0,3,0,3,3
219,1535,./back_view_dataset_videos/2.mov,Left,143.7,7.8,150.6,-6.7,1.2,0.0208,1.4242,-0.0364,0.7053,-1.0036,-0.1615,0.1987,-0.0207,0.0072,0.0572,0,2,0,2,3
220,1547,./back_view_dataset_videos/2.mov,Right,142.0,4.9,170.1,0.6,-1.1,0.007,1.4047,0.0335,0.7069,-1.0033,0.1567,0.2717,0.0018,-0.0067,-0.0265,0,3,0,3,3
221,1558,./back_view_dataset_videos/2.mov,Left,145.2,10.3,150.6,-6.4,2.4,0.0061,1.3244,-0.0466,0.6849,-1.0061,-0.131,0.1772,-0.019,0.0126,0.0526,0,1,0,2,3
222,1573,./back_view_dataset_videos/2.mov,Right,139.7,3.6,170.1,3.7,7.1,0.0211,1.4724,0.0397,0.7226,-0.9788,0.1714,0.2143,0.0106,0.0423,-0.0186,0,3,0,3,2
223,1582,./back_view_dataset_videos/2.mov,Left,146.0,9.0,150.6,-10.1,-5.9,-0.0626,1.3195,-0.0912,0.6871,-0.9823,-0.2083,0.2688,-0.0304,-0.0332,0.0287,0,2,0,0,3
224,1597,./back_view_dataset_videos/2.mov,Right,150.7,7.3,170.1,5.5,-4.9,0.0238,1.4226,0.0453,0.7022,-1.0145,0.1815,0.3016,0.0175,-0.0291,-0.0215,1,2,0,2,3
225,1609,./back_view_dataset_videos/2.mov,Left,149.0,7.0,150.6,-11.6,-3.5,-0.0145,1.4457,-0.048,0.7055,-0.9896,-0.1931,0.284,-0.0355,-0.0199,0.0335,0,2,0,0,3
226,1622,./back_view_dataset_videos/2.mov,Right,147.6,5.8,170.1,-1.2,-9.6,0.0316,1.4968,0.0381,0.6951,-1.0286,0.1631,0.2957,-0.0038,-0.0573,-0.0065,0,3,0,3,2
227,1634,./back_view_dataset_videos/2.mov,Left,149.0,6.9,150.6,-6.8,1.6,-0.0415,1.4034,-0.0715,0.7148,-1.0044,-0.1972,0.2748,-0.0218,0.0095,0.03,0,3,0,2,3
228,1648,./back_view_dataset_videos/2.mov,Right,146.3,8.2,170.1,15.5,7.2,0.0068,1.3983,0.0307,0.6855,-0.9787,0.1597,0.2203,0.0489,0.0425,-0.0239,0,2,0,0,2
229,1658,./back_view_dataset_videos/2.mov,Left,148.4,8.0,150.6,-7.3,-0.4,-0.0033,1.3709,-0.0399,0.7022,-0.9988,-0.1542,0.1909,-0.0224,-0.0024,0.0367,0,2,0,1,3
230,1673,./back_view_dataset_videos/2.mov,Right,148.4,3.5,170.1,-10.1,-10.0,0.0141,1.3868,0.0222,0.6662,-1.0285,0.1138,0.2044,-0.022,-0.0603,-0.0081,0,3,0,0,2
231,1685,./back_view_dataset_videos/2.mov,Left,142.1,9.1,150.6,-4.8,4.4,-0.0004,1.3076,-0.0486,0.6575,-1.012,-0.1451,0.2161,-0.0143,0.0242,0.0482,0,2,0,3,3
232,1699,./back_view_dataset_videos/2.mov,Right,143.2,3.1,170.1,-5.8,0.5,0.0014,1.3328,0.0095,0.6798,-0.9976,0.1303,0.2261,-0.0156,0.0031,-0.0081,0,3,0,2,3
233,1711,./back_view_dataset_videos/2.mov,Left,143.2,13.6,150.6,-9.0,-12.1,0.0031,1.3125,-0.0478,0.6641,-0.9638,-0.1754,0.2882,-0.0285,-0.0724,0.0508,0,1,0,1,1
234,1724,./back_view_dataset_videos/2.mov,Right,143.2,4.0,170.1,1.4,1.8,0.0288,1.3581,0.0257,0.7041,-0.9949,0.1517,0.2124,0.0035,0.0101,0.003,0,3,0,3,3
235,1738,./back_view_dataset_videos/2.mov,Left,140.5,6.4,150.6,-2.7,-0.5,-0.0301,1.4075,-0.0602,0.692,-0.9984,-0.1672,0.2467,-0.0089,-0.0031,0.0302,0,3,0,3,3
236,1750,./back_view_dataset_videos/2.mov,Right,143.2,2.6,170.1,0.6,2.3,0.0409,1.3889,0.0432,0.7063,-0.9929,0.1593,0.2628,0.0019,0.0141,-0.0024,0,3,0,3,3
237,1762,./back_view_dataset_videos/2.mov,Left,139.5,3.8,150.6,-10.9,-14.3,-0.0441,1.459,-0.0871,0.7467,-0.9559,-0.2021,0.2311,-0.0354,-0.0872,0.043,0,3,0,0,1
238,1774,./back_view_dataset_videos/2.mov,Right,143.2,6.3,170.1,2.2,9.2,0.0317,1.3993,0.0515,0.7266,-0.9724,0.1676,0.2433,0.0068,0.0551,-0.0198,0,3,0,3,2
239,1786,./back_view_dataset_videos/2.mov,Left,143.2,5.0,150.6,-12.2,-8.1,0.0048,1.4365,-0.0546,0.7215,-0.9761,-0.1958,0.223,-0.0385,-0.0468,0.0594,0,3,0,0,2
240,1798,./back_view_dataset_videos/2.mov,Right,145.9,7.1,170.1,1.4,10.0,0.0081,1.4539,0.0296,0.6854,-0.9707,0.1426,0.1925,0.0039,0.0582,-0.0215,0,2,0,3,1
241,1810,./back_view_dataset_videos/2.mov,Left,145.9,8.8,150.6,-7.9,-7.7,-0.0541,1.3431,-0.0869,0.6866,-0.9775,-0.1832,0.233,-0.0239,-0.0445,0.0328,0,2,0,1,2
242,1823,./back_view_dataset_videos/2.mov,Right,145.9,7.0,170.1,3.5,8.8,0.017,1.508,0.059,0.7335,-0.9736,0.1732,0.1843,0.0106,0.0528,-0.0419,0,2,0,3,2
243,1834,./back_view_dataset_videos/2.mov,Left,150.3,4.2,150.6,-10.5,-4.1,-0.0075,1.3763,-0.0594,0.6738,-0.9881,-0.1769,0.2443,-0.033,-0.0236,0.0519,1,3,0,0,3
244,1847,./back_view_dataset_videos/2.mov,Right,148.8,7.8,170.1,2.3,6.1,0.0137,1.5215,0.0377,0.7487,-0.9816,0.17,0.2511,0.0065,0.0368,-0.024,0,2,0,3,3
245,1859,./back_view_dataset_videos/2.mov,Left,148.8,5.6,150.6,-4.1,6.9,-0.0089,1.4068,-0.0773,0.7037,-1.0196,-0.1638,0.2183,-0.0135,0.0392,0.0684,0,3,0,3,3
246,1871,./back_view_dataset_videos/2.mov,Right,148.8,10.9,170.1,5.1,1.3,0.0057,1.4169,0.0335,0.687,-0.9962,0.1581,0.242,0.0152,0.0076,-0.0278,0,1,0,2,3
247,1883,./back_view_dataset_videos/2.mov,Left,148.8,4.9,150.6,-8.2,6.7,0.0233,1.4036,-0.038,0.6914,-1.0193,-0.1765,0.2647,-0.0254,0.0388,0.0613,0,3,0,1,3
248,1895,./back_view_dataset_videos/2.mov,Right,148.8,5.7,170.1,5.3,-5.7,-0.0027,1.4783,0.0308,0.7168,-1.0176,0.1698,0.2576,0.0163,-0.0353,-0.0335,0,3,0,2,3
249,1906,./back_view_dataset_videos/2.mov,Left,150.5,5.1,150.6,-3.6,10.5,0.0005,1.3701,-0.0451,0.6637,-1.0308,-0.1612,0.2589,-0.0107,0.0615,0.0456,1,3,0,3,1
250,1919,./back_view_dataset_videos/2.mov,Right,150.5,8.7,170.1,2.0,-9.7,0.0142,1.4704,0.0485,0.7108,-1.0298,0.1515,0.245,0.0064,-0.0601,-0.0344,1,2,0,3,2
251,1930,./back_view_dataset_videos/2.mov,Left,150.5,3.9,150.6,-4.8,3.4,-0.0324,1.3642,-0.079,0.6816,-1.0094,-0.1586,0.2365,-0.0146,0.0189,0.0466,1,3,0,3,3
252,1943,./back_view_dataset_videos/2.mov,Right,150.5,7.2,170.1,2.6,1.6,-0.0021,1.4467,0.0413,0.716,-0.9948,0.1805,0.2115,0.008,0.0103,-0.0434,1,2,0,3,3
253,1955,./back_view_dataset_videos/2.mov,Left,150.5,4.4,150.6,-15.6,-6.5,0.0025,1.4064,-0.0458,0.6987,-0.98,-0.2041,0.2694,-0.0479,-0.0388,0.0483,1,3,0,0,3
254,1966,./back_view_dataset_videos/2.mov,Right,152.2,10.7,170.1,4.2,-2.4,0.0147,1.4758,0.0441,0.7101,-1.0068,0.1495,0.2204,0.0123,-0.0139,-0.0294,1,1,0,3,3
255,1979,./back_view_dataset_videos/2.mov,Left,150.8,4.3,150.6,-10.6,-2.7,-0.0104,1.4737,-0.067,0.7153,-0.992,-0.1845,0.2573,-0.0317,-0.0157,0.0567,1,3,0,0,3
256,1990,./back_view_dataset_videos/2.mov,Right,152.5,9.6,170.1,2.2,2.7,0.0086,1.4725,0.0274,0.7109,-0.992,0.1745,0.2433,0.0067,0.016,-0.0188,1,2,0,3,3
257,2014,./back_view_dataset_videos/2.mov,Right,141.4,12.0,170.1,5.9,-6.5,0.0165,1.5648,0.0376,0.7426,-1.02,0.1631,0.197,0.0192,-0.0401,-0.0211,0,1,0,2,3
258,2024,./back_view_dataset_videos/2.mov,Left,146.6,4.5,150.6,-12.7,-0.7,-0.01,1.3446,-0.0619,0.6907,-0.9979,-0.1787,0.2467,-0.0372,-0.004,0.052,0,3,0,0,3
259,2036,./back_view_dataset_videos/2.mov,Right,144.9,11.6,170.1,3.3,1.4,0.0079,1.5344,0.0413,0.7503,-0.9956,0.165,0.2391,0.0105,0.0087,-0.0334,0,1,0,3,3
260,2047,./back_view_dataset_videos/2.mov,Left,148.1,4.8,150.6,-17.4,-6.2,-0.0064,1.4296,-0.0536,0.7077,-0.9813,-0.2016,0.2443,-0.0473,-0.0362,0.0472,0,3,0,0,3
261,2059,./back_view_dataset_videos/2.mov,Right,148.1,8.6,170.1,3.6,7.0,0.013,1.5011,0.0442,0.7291,-0.9789,0.1695,0.2435,0.0115,0.0422,-0.0312,0,2,0,3,3
262,2071,./back_view_dataset_videos/2.mov,Left,146.4,3.8,150.6,-9.3,-3.4,-0.0031,1.474,-0.0532,0.7191,-0.9892,-0.2027,0.2719,-0.0296,-0.0207,0.0501,0,3,0,1,3
263,2083,./back_view_dataset_videos/2.mov,Right,147.8,6.6,170.1,-3.9,-3.3,0.0204,1.5127,0.0427,0.7017,-1.0094,0.1618,0.2133,-0.0114,-0.0188,-0.0223,0,3,0,3,3
264,2095,./back_view_dataset_videos/2.mov,Left,146.1,4.4,150.6,-2.7,2.9,-0.0142,1.3718,-0.0656,0.6703,-1.0077,-0.1866,0.2478,-0.0076,0.0161,0.0515,0,3,0,3,3
265,2117,./back_view_dataset_videos/2.mov,Left,146.9,3.2,150.6,-14.7,-4.6,-0.0196,1.4312,-0.0597,0.7077,-0.9855,-0.2167,0.2783,-0.037,-0.0252,0.0401,0,3,0,0,3
266,2128,./back_view_dataset_videos/2.mov,Right,144.9,15.5,170.1,1.1,1.4,0.0076,1.5057,0.0391,0.7264,-0.9958,0.1597,0.2029,0.0033,0.0083,-0.0314,0,0,0,3,3
267,2138,./back_view_dataset_videos/2.mov,Left,148.7,4.7,150.6,-6.9,-1.5,-0.0054,1.3319,-0.0479,0.6653,-0.9954,-0.1851,0.2615,-0.021,-0.0087,0.0424,0,3,0,2,3
268,2162,./back_view_dataset_videos/2.mov,Left,137.6,4.1,150.6,-10.3,-5.3,-0.0068,1.4438,-0.0583,0.7185,-0.9839,-0.1985,0.2502,-0.0316,-0.0313,0.0515,0,3,0,0,3
269,2173,./back_view_dataset_videos/2.mov,Right,139.3,8.7,170.1,3.6,3.7,0.0128,1.4723,0.0382,0.7184,-0.9893,0.1606,0.288,0.011,0.0214,-0.0254,0,2,0,3,3
270,2185,./back_view_dataset_videos/2.mov,Left,139.3,5.5,150.6,-10.3,-0.2,-0.0057,1.4168,-0.0552,0.6936,-0.9991,-0.1872,0.2375,-0.0317,-0.0013,0.0495,0,3,0,0,3
271,2197,./back_view_dataset_videos/2.mov,Right,139.3,12.9,170.1,9.3,-0.8,0.027,1.4756,0.0483,0.7004,-1.0025,0.1758,0.2393,0.0291,-0.0049,-0.0213,0,1,0,1,3
272,2207,./back_view_dataset_videos/2.mov,Left,143.0,4.9,150.6,-13.1,-3.6,-0.0175,1.3385,-0.0735,0.6848,-0.9896,-0.1736,0.2391,-0.0386,-0.0206,0.0559,0,3,0,0,3
273,14,./back_view_dataset_videos/3.mov,Left,0,2.0,3.8,-3.0,9.6,-0.0167,1.6293,-0.0405,0.8347,-1.0306,-0.188,0.2557,-0.0105,0.0613,0.0237,0,3,3,3,2
274,31,./back_view_dataset_videos/3.mov,Right,208.9,7.1,8.0,-0.9,-7.9,0.014,1.6356,0.0752,0.896,-1.0247,0.1786,0.2657,-0.0031,-0.0495,-0.0612,3,2,2,3,2
275,52,./back_view_dataset_videos/3.mov,Left,189.0,9.9,10.9,-1.9,14.6,-0.0684,1.7199,-0.073,0.8672,-1.0473,-0.1824,0.2956,-0.0069,0.0945,0.0045,3,2,1,3,1
276,74,./back_view_dataset_videos/3.mov,Right,179.8,9.8,12.0,-0.9,-6.3,0.0349,1.6483,0.0681,0.8851,-1.0194,0.182,0.3004,-0.0033,-0.0388,-0.0332,3,2,1,3,3
277,92,./back_view_dataset_videos/3.mov,Left,184.2,8.5,10.9,-4.0,15.1,-0.0272,1.673,-0.0458,0.8395,-1.0476,-0.1721,0.2733,-0.0143,0.0953,0.0186,3,2,1,3,0
278,116,./back_view_dataset_videos/3.mov,Right,176.9,4.1,12.0,-0.9,-7.6,0.0237,1.6339,0.077,0.8612,-1.0227,0.1859,0.2487,-0.0031,-0.0456,-0.0533,3,3,1,3,2
279,139,./back_view_dataset_videos/3.mov,Left,173.2,5.6,10.9,-0.8,12.9,-0.0299,1.6152,-0.0588,0.8248,-1.0398,-0.1808,0.2588,-0.0026,0.0798,0.0289,2,3,1,3,1
280,158,./back_view_dataset_videos/3.mov,Right,175.1,10.8,12.7,0.8,-7.1,0.0002,1.68,0.0648,0.8967,-1.0223,0.1834,0.2985,0.003,-0.0446,-0.0645,3,1,1,3,2
281,176,./back_view_dataset_videos/3.mov,Left,177.9,9.0,10.9,-0.2,20.4,-0.0554,1.6478,-0.0579,0.8362,-1.0666,-0.1533,0.2532,-0.0006,0.1339,0.0024,3,2,1,3,0
282,200,./back_view_dataset_videos/3.mov,Right,170.3,3.3,12.7,0.8,-5.1,0.0461,1.6454,0.0782,0.8772,-1.0162,0.2133,0.3268,0.003,-0.0331,-0.032,2,3,1,3,3
283,218,./back_view_dataset_videos/3.mov,Left,173.8,8.7,10.9,-2.9,17.2,-0.0572,1.6679,-0.0723,0.8648,-1.0556,-0.1786,0.2896,-0.0108,0.1112,0.0151,2,2,1,3,0
284,239,./back_view_dataset_videos/3.mov,Right,174.8,7.3,12.7,-2.7,-5.8,0.0362,1.6633,0.0737,0.8779,-1.0181,0.1903,0.2975,-0.0098,-0.0363,-0.0375,2,2,1,3,3
285,262,./back_view_dataset_videos/3.mov,Left,169.4,9.6,11.1,-2.9,12.7,-0.0747,1.701,-0.0704,0.868,-1.0413,-0.2003,0.3181,-0.0106,0.0828,-0.0043,2,2,1,3,1
286,283,./back_view_dataset_videos/3.mov,Right,172.1,7.7,12.7,-4.2,-8.5,0.0231,1.6433,0.0712,0.8676,-1.0262,0.179,0.2952,-0.0149,-0.0523,-0.0481,2,2,1,3,2
287,305,./back_view_dataset_videos/3.mov,Left,172.9,8.1,11.1,0.3,19.0,-0.0434,1.6286,-0.0651,0.8305,-1.0606,-0.1665,0.2779,0.0009,0.1214,0.0217,2,2,1,3,0
288,325,./back_view_dataset_videos/3.mov,Right,171.8,9.3,12.7,1.4,-3.8,0.009,1.6599,0.0682,0.8574,-1.012,0.1903,0.2952,0.0048,-0.0241,-0.0592,2,2,1,3,3
289,344,./back_view_dataset_videos/3.mov,Left,170.5,8.8,11.1,1.8,14.9,-0.0731,1.7148,-0.0706,0.8594,-1.0483,-0.1748,0.2981,0.0065,0.0966,-0.0025,2,2,1,3,1
290,368,./back_view_dataset_videos/3.mov,Right,170.5,6.3,12.7,0.3,-6.5,0.024,1.5977,0.0689,0.8478,-1.0199,0.1779,0.276,0.0011,-0.0397,-0.0449,2,3,1,3,3
291,386,./back_view_dataset_videos/3.mov,Left,170.5,7.1,11.1,-2.8,14.7,-0.0786,1.5975,-0.0717,0.807,-1.0469,-0.1748,0.2905,-0.0099,0.0937,-0.0069,2,2,1,3,1
292,410,./back_view_dataset_videos/3.mov,Right,167.8,7.1,12.7,-0.9,-10.4,0.0052,1.6342,0.0565,0.881,-1.0322,0.1715,0.266,-0.0033,-0.0645,-0.0513,2,2,1,3,1
293,428,./back_view_dataset_videos/3.mov,Left,173.2,6.5,11.1,-2.1,9.5,-0.0714,1.6623,-0.0578,0.8492,-1.0304,-0.1851,0.292,-0.0074,0.0609,-0.0135,2,3,1,3,2
294,451,./back_view_dataset_videos/3.mov,Right,171.3,5.0,12.7,-0.6,-2.0,0.0383,1.6658,0.0808,0.86,-1.0061,0.1883,0.252,-0.0021,-0.0123,-0.0426,2,3,1,3,3
295,470,./back_view_dataset_videos/3.mov,Left,174.5,9.8,11.1,-2.1,13.7,-0.0624,1.6675,-0.0616,0.8526,-1.0452,-0.1784,0.3166,-0.0077,0.0904,-0.0008,2,2,1,3,1
296,22,./back_view_dataset_videos/4.mov,Left,0,11.0,12.3,-4.2,11.7,-0.0202,1.5352,-0.0393,0.8057,-1.0352,-0.1973,0.3333,-0.0146,0.0711,0.0191,0,1,1,3,1
297,37,./back_view_dataset_videos/4.mov,Right,237.1,11.5,13.1,-2.5,-7.9,0.0276,1.714,0.0808,0.9196,-1.0232,0.207,0.3149,-0.0091,-0.0476,-0.0532,3,1,0,3,2
298,58,./back_view_dataset_videos/4.mov,Left,203.3,10.0,12.3,2.5,14.4,-0.0527,1.7663,-0.051,0.8755,-1.0479,-0.1734,0.3331,0.0093,0.096,-0.0018,3,1,1,3,1
299,83,./back_view_dataset_videos/4.mov,Right,182.9,15.1,16.2,0.7,-7.5,0.0636,1.7812,0.08,0.9675,-1.0237,0.1967,0.3765,0.0028,-0.0476,-0.0164,3,0,0,3,2
300,107,./back_view_dataset_videos/4.mov,Left,174.2,10.2,12.3,3.1,15.2,-0.0796,1.7416,-0.081,0.9005,-1.0432,-0.1681,0.3216,0.0117,0.0865,0.0014,2,1,1,3,0
301,124,./back_view_dataset_videos/4.mov,Right,181.2,14.0,16.2,-5.5,-11.0,0.0525,1.7101,0.0826,0.8765,-1.0344,0.1749,0.3487,-0.0198,-0.0688,-0.0301,3,1,0,2,1
302,146,./back_view_dataset_videos/4.mov,Left,178.0,9.7,12.3,1.7,20.4,-0.0708,1.7294,-0.0734,0.8899,-1.0672,-0.1697,0.3205,0.0062,0.1346,0.0026,3,2,1,3,0
303,169,./back_view_dataset_videos/4.mov,Right,174.7,13.7,16.2,-2.8,-10.3,0.0439,1.7903,0.0844,0.9281,-1.033,0.1789,0.3486,-0.0106,-0.0661,-0.0404,2,1,0,3,1
304,193,./back_view_dataset_videos/4.mov,Left,171.3,10.9,12.3,3.7,13.5,-0.063,1.7482,-0.0745,0.8925,-1.0438,-0.1779,0.331,0.0137,0.0877,0.0115,2,1,1,3,1
305,214,./back_view_dataset_videos/4.mov,Right,162.9,18.7,20.1,-3.6,-7.7,0.0504,1.7036,0.0786,0.8808,-1.024,0.1741,0.322,-0.013,-0.0481,-0.0282,1,0,0,3,2
306,232,./back_view_dataset_videos/4.mov,Left,166.4,6.2,12.3,0.5,20.3,-0.0989,1.6799,-0.0735,0.8096,-1.0683,-0.1756,0.3072,0.0018,0.1367,-0.0254,2,3,1,3,0
307,256,./back_view_dataset_videos/4.mov,Right,167.1,19.6,21.4,-6.0,-10.5,0.086,1.6645,0.0991,0.8914,-1.0318,0.1744,0.313,-0.0222,-0.0636,-0.0131,2,0,0,2,1
308,278,./back_view_dataset_videos/4.mov,Left,168.8,10.4,12.3,2.6,10.4,-0.0867,1.7265,-0.0806,0.8825,-1.0351,-0.1866,0.3483,0.0098,0.0702,-0.0062,2,1,1,3,1
309,304,./back_view_dataset_videos/4.mov,Right,159.8,20.4,22.0,-3.1,-15.2,0.0217,1.6796,0.0754,0.8913,-1.046,0.1644,0.2898,-0.0112,-0.092,-0.0537,1,0,0,3,0
310,323,./back_view_dataset_videos/4.mov,Left,163.0,11.0,12.3,2.1,15.1,-0.0735,1.7203,-0.0642,0.8801,-1.05,-0.1752,0.2944,0.0075,0.1002,-0.0093,1,1,1,3,0
311,347,./back_view_dataset_videos/4.mov,Right,162.2,9.3,22.0,-0.4,-5.1,-0.0163,1.6814,0.0538,0.8636,-1.0148,0.1836,0.2344,-0.0014,-0.0299,-0.0701,1,2,0,3,3
312,368,./back_view_dataset_videos/4.mov,Left,164.8,8.4,12.3,4.2,10.7,-0.0812,1.7157,-0.0812,0.865,-1.0346,-0.1882,0.3006,0.0161,0.0691,0.0,1,2,1,3,1
313,22,./back_view_dataset_videos/5.mov,Left,0,88.7,52.3,-95.3,-91.6,1.6183,0.2473,0.8308,0.265,0.6659,-0.9608,0.7194,-0.5411,-0.8673,0.7875,0,0,0,0,0
314,25,./back_view_dataset_videos/5.mov,Right,599.7,89.9,96.7,-88.5,-90.3,1.2276,-0.1964,0.5939,-0.3022,-0.376,-0.9946,0.4529,-0.5623,-1.0076,0.6337,3,0,0,0,0
315,83,./back_view_dataset_videos/5.mov,Right,315.4,89.2,96.7,-95.1,-93.7,0.9685,-0.1807,0.4137,-0.253,-0.2848,-1.0148,0.5584,-0.5545,-0.9047,0.5549,3,0,0,0,0
316,86,./back_view_dataset_videos/5.mov,Left,410.1,88.6,61.0,-85.9,-89.4,0.6442,0.2651,0.3058,0.3001,0.6043,-1.0022,0.5119,-0.5744,-1.0406,0.3384,3,0,0,0,0
317,104,./back_view_dataset_videos/5.mov,Left,332.6,88.4,68.9,-95.3,-89.3,1.3806,0.3777,0.7312,0.2464,0.5168,-0.9864,0.5617,-0.4726,-0.6621,0.6494,3,0,0,0,0
318,130,./back_view_dataset_videos/5.mov,Right,279.9,89.8,96.7,-88.4,-90.6,1.6704,-0.098,0.7698,-0.2416,-0.4441,-1.0008,0.5758,-0.5928,-1.0806,0.9006,3,0,0,0,0
319,145,./back_view_dataset_videos/5.mov,Left,253.3,89.7,68.9,-95.9,-92.3,1.2095,0.3252,0.722,0.2803,0.5645,-0.9766,0.5347,-0.5925,-0.9329,0.4875,3,0,0,0,0
320,181,./back_view_dataset_videos/5.mov,Right,224.2,89.9,96.7,104.1,93.4,1.6684,-0.0098,0.7078,0.0539,0.5155,-1.017,0.6445,0.1415,0.7957,0.9606,3,0,0,0,0
321,206,./back_view_dataset_videos/5.mov,Left,205.2,89.8,68.9,-89.9,-90.5,1.1008,0.2764,0.6753,0.2617,0.5978,-0.9915,0.5197,-0.6326,-1.0115,0.4255,3,0,0,0,0
322,209,./back_view_dataset_videos/5.mov,Right,205.2,89.7,96.7,-87.7,-91.0,1.5321,-0.1213,0.732,-0.2543,-0.54,-1.0091,0.5215,-0.6176,-1.1443,0.8001,3,0,0,0,0
323,230,./back_view_dataset_videos/5.mov,Left,212.0,88.6,68.9,-88.0,-92.7,0.6923,0.3276,0.2959,0.451,0.594,-0.9725,0.5346,-0.5686,-1.0349,0.3964,3,0,0,0,0
324,260,./back_view_dataset_videos/5.mov,Right,144.5,89.8,96.7,-91.1,-93.3,1.5695,-0.0327,0.7462,-0.0005,-0.4077,-1.0245,0.6453,-0.4813,-0.9829,0.8233,0,0,0,0,0
325,14,./back_view_dataset_videos/6.mov,Right,0,89.4,13.5,89.1,90.1,1.2946,0.1891,0.7506,0.2518,0.5076,-1.0008,0.4661,0.5653,1.0454,0.544,0,0,0,0,0
326,22,./back_view_dataset_videos/4.mov,Left,0,11.0,12.3,-4.2,11.7,-0.0202,1.5352,-0.0393,0.8057,-1.0352,-0.1973,0.3333,-0.0146,0.0711,0.0191,0,1,1,3,1
327,37,./back_view_dataset_videos/4.mov,Right,237.1,11.5,13.1,-2.5,-7.9,0.0276,1.714,0.0808,0.9196,-1.0232,0.207,0.3149,-0.0091,-0.0476,-0.0532,3,1,0,3,2
328,58,./back_view_dataset_videos/4.mov,Left,203.3,10.0,12.3,2.5,14.4,-0.0527,1.7663,-0.051,0.8755,-1.0479,-0.1734,0.3331,0.0093,0.096,-0.0018,3,1,1,3,1
329,83,./back_view_dataset_videos/4.mov,Right,182.9,15.1,16.2,0.7,-7.5,0.0636,1.7812,0.08,0.9675,-1.0237,0.1967,0.3765,0.0028,-0.0476,-0.0164,3,0,0,3,2
330,107,./back_view_dataset_videos/4.mov,Left,174.2,10.2,12.3,3.1,15.2,-0.0796,1.7416,-0.081,0.9005,-1.0432,-0.1681,0.3216,0.0117,0.0865,0.0014,2,1,1,3,0
331,124,./back_view_dataset_videos/4.mov,Right,181.2,14.0,16.2,-5.5,-11.0,0.0525,1.7101,0.0826,0.8765,-1.0344,0.1749,0.3487,-0.0198,-0.0688,-0.0301,3,1,0,2,1
332,146,./back_view_dataset_videos/4.mov,Left,178.0,9.7,12.3,1.7,20.4,-0.0708,1.7294,-0.0734,0.8899,-1.0672,-0.1697,0.3205,0.0062,0.1346,0.0026,3,2,1,3,0
333,169,./back_view_dataset_videos/4.mov,Right,174.7,13.7,16.2,-2.8,-10.3,0.0439,1.7903,0.0844,0.9281,-1.033,0.1789,0.3486,-0.0106,-0.0661,-0.0404,2,1,0,3,1
334,193,./back_view_dataset_videos/4.mov,Left,171.3,10.9,12.3,3.7,13.5,-0.063,1.7482,-0.0745,0.8925,-1.0438,-0.1779,0.331,0.0137,0.0877,0.0115,2,1,1,3,1
335,214,./back_view_dataset_videos/4.mov,Right,162.9,18.7,20.1,-3.6,-7.7,0.0504,1.7036,0.0786,0.8808,-1.024,0.1741,0.322,-0.013,-0.0481,-0.0282,1,0,0,3,2
336,232,./back_view_dataset_videos/4.mov,Left,166.4,6.2,12.3,0.5,20.3,-0.0989,1.6799,-0.0735,0.8096,-1.0683,-0.1756,0.3072,0.0018,0.1367,-0.0254,2,3,1,3,0
337,256,./back_view_dataset_videos/4.mov,Right,167.1,19.6,21.4,-6.0,-10.5,0.086,1.6645,0.0991,0.8914,-1.0318,0.1744,0.313,-0.0222,-0.0636,-0.0131,2,0,0,2,1
338,278,./back_view_dataset_videos/4.mov,Left,168.8,10.4,12.3,2.6,10.4,-0.0867,1.7265,-0.0806,0.8825,-1.0351,-0.1866,0.3483,0.0098,0.0702,-0.0062,2,1,1,3,1
339,304,./back_view_dataset_videos/4.mov,Right,159.8,20.4,22.0,-3.1,-15.2,0.0217,1.6796,0.0754,0.8913,-1.046,0.1644,0.2898,-0.0112,-0.092,-0.0537,1,0,0,3,0
340,323,./back_view_dataset_videos/4.mov,Left,163.0,11.0,12.3,2.1,15.1,-0.0735,1.7203,-0.0642,0.8801,-1.05,-0.1752,0.2944,0.0075,0.1002,-0.0093,1,1,1,3,0
341,347,./back_view_dataset_videos/4.mov,Right,162.2,9.3,22.0,-0.4,-5.1,-0.0163,1.6814,0.0538,0.8636,-1.0148,0.1836,0.2344,-0.0014,-0.0299,-0.0701,1,2,0,3,3
342,368,./back_view_dataset_videos/4.mov,Left,164.8,8.4,12.3,4.2,10.7,-0.0812,1.7157,-0.0812,0.865,-1.0346,-0.1882,0.3006,0.0161,0.0691,0.0,1,2,1,3,1
343,43,./back_view_dataset_videos/1.mov,Right,0,5.1,7.4,13.2,10.8,-0.0213,1.4388,0.0161,0.7092,-0.9669,0.1938,0.273,0.0398,0.0657,-0.0373,0,3,2,0,1
344,55,./back_view_dataset_videos/1.mov,Left,141.5,6.3,6.8,-4.6,5.2,-0.0334,1.4548,-0.0743,0.7046,-1.0158,-0.1759,0.2223,-0.0145,0.0315,0.0409,0,3,2,3,3
345,85,./back_view_dataset_videos/1.mov,Right,99.1,8.4,11.3,12.9,9.1,-0.0249,1.4461,0.0155,0.7246,-0.9713,0.2032,0.2838,0.0407,0.0568,-0.0405,0,2,1,0,2
346,97,./back_view_dataset_videos/1.mov,Left,113.2,8.1,9.8,-10.9,2.9,-0.0165,1.4418,-0.0591,0.6843,-1.0079,-0.1807,0.2635,-0.033,0.0161,0.0425,0,2,1,0,3
347,107,./back_view_dataset_videos/1.mov,Right,127.4,5.3,11.3,6.0,10.1,-0.0127,1.4329,0.0234,0.6812,-0.9691,0.1978,0.2555,0.0187,0.0612,-0.0361,0,3,1,2,1
348,118,./back_view_dataset_videos/1.mov,Left,132.8,5.5,9.8,-8.6,6.3,-0.0347,1.4877,-0.0776,0.7016,-1.02,-0.1711,0.2558,-0.0283,0.0401,0.0429,0,3,1,1,3
349,127,./back_view_dataset_videos/1.mov,Right,142.1,5.6,11.3,13.8,14.8,-0.0251,1.4474,0.0247,0.7178,-0.954,0.2011,0.2817,0.0428,0.0913,-0.0498,0,3,1,0,1
350,137,./back_view_dataset_videos/1.mov,Left,146.1,5.6,9.8,-5.6,5.3,-0.036,1.3954,-0.0663,0.6827,-1.0155,-0.1691,0.2676,-0.0166,0.031,0.0303,0,3,1,2,3
351,169,./back_view_dataset_videos/1.mov,Right,134.4,8.7,11.9,16.3,14.2,-0.0273,1.4133,0.0279,0.7059,-0.9542,0.2136,0.2662,0.0533,0.0903,-0.0552,0,2,1,0,1
352,181,./back_view_dataset_videos/1.mov,Left,134.4,6.6,9.8,10.9,6.7,-0.0322,1.349,-0.0804,0.6476,-1.0196,-0.1656,0.2405,0.0327,0.0392,0.0482,0,3,1,0,3
353,223,./back_view_dataset_videos/1.mov,Left,132.4,6.8,9.8,-8.0,2.9,-0.0244,1.4755,-0.0757,0.7094,-1.0088,-0.1842,0.2749,-0.0249,0.0177,0.0513,0,3,1,1,3
354,235,./back_view_dataset_videos/1.mov,Right,132.4,7.8,14.9,10.0,8.9,0.0287,1.4626,0.0475,0.7272,-0.9727,0.2026,0.2323,0.0296,0.0536,-0.0187,0,2,0,1,2
355,244,./back_view_dataset_videos/1.mov,Left,134.8,6.9,9.8,-2.1,14.1,-0.0468,1.4991,-0.0866,0.708,-1.0431,-0.1622,0.2389,-0.0066,0.0863,0.0398,0,3,1,3,1
356,253,./back_view_dataset_videos/1.mov,Right,139.1,8.8,14.9,17.2,12.3,-0.0146,1.4009,0.0285,0.6877,-0.9624,0.2047,0.3212,0.0529,0.0739,-0.0431,0,2,0,0,1
357,277,./back_view_dataset_videos/1.mov,Right,124.3,5.6,14.9,20.6,14.8,0.0176,1.4514,0.054,0.7347,-0.9548,0.2064,0.1777,0.0534,0.0889,-0.0364,0,3,0,0,1
358,286,./back_view_dataset_videos/1.mov,Left,126.7,6.0,9.8,-6.0,3.0,-0.0205,1.4252,-0.0733,0.7042,-1.0089,-0.1783,0.2602,-0.0179,0.0178,0.0528,0,3,1,2,3
359,295,./back_view_dataset_videos/1.mov,Right,143.6,9.1,14.9,16.7,14.4,-0.0235,1.3892,0.0108,0.6748,-0.957,0.1905,0.2882,0.0511,0.0855,-0.0343,0,2,0,0,1
360,307,./back_view_dataset_videos/1.mov,Left,143.6,7.3,9.8,-5.0,7.9,-0.0377,1.4299,-0.0729,0.7131,-1.0233,-0.1588,0.2413,-0.0158,0.0467,0.0353,0,2,1,2,2
361,329,./back_view_dataset_videos/1.mov,Left,148.2,5.5,9.8,-2.5,9.4,-0.0454,1.488,-0.0899,0.7319,-1.0282,-0.1613,0.2378,-0.0077,0.0565,0.0444,0,3,1,3,2
362,340,./back_view_dataset_videos/1.mov,Right,149.8,9.6,14.9,11.2,10.9,0.0296,1.4517,0.0309,0.7283,-0.9662,0.1954,0.265,0.0301,0.0671,-0.0014,0,2,0,0,1
363,371,./back_view_dataset_videos/1.mov,Left,133.1,5.5,9.8,-6.0,2.9,-0.038,1.3637,-0.0804,0.6949,-1.0088,-0.1719,0.2512,-0.0175,0.0175,0.0424,0,3,1,2,3
364,382,./back_view_dataset_videos/1.mov,Right,128.8,10.4,14.9,9.0,9.1,0.0106,1.457,0.0351,0.7156,-0.9716,0.1993,0.2966,0.0269,0.0563,-0.0245,0,1,0,1,2
365,392,./back_view_dataset_videos/1.mov,Left,141.2,2.7,9.8,-7.2,0.6,-0.045,1.3938,-0.0783,0.6931,-1.0018,-0.1833,0.2676,-0.0213,0.0037,0.0333,0,3,1,1,3
366,425,./back_view_dataset_videos/1.mov,Right,124.0,8.6,14.9,14.7,13.5,0.0053,1.4272,0.0229,0.6974,-0.9575,0.2035,0.2536,0.0413,0.0843,-0.0176,0,2,0,0,1
367,436,./back_view_dataset_videos/1.mov,Left,119.7,6.9,9.8,-5.0,7.4,-0.0497,1.4274,-0.095,0.7028,-1.0221,-0.1687,0.2563,-0.0152,0.0442,0.0453,0,3,1,2,2
368,448,./back_view_dataset_videos/1.mov,Right,119.7,6.7,14.9,26.1,17.0,-0.0113,1.5253,0.0337,0.7356,-0.946,0.2207,0.2082,0.0807,0.1058,-0.045,0,3,0,0,0
369,458,./back_view_dataset_videos/1.mov,Left,131.3,4.4,9.8,-10.3,3.0,-0.0112,1.4615,-0.068,0.7191,-1.0091,-0.176,0.2701,-0.0318,0.0182,0.0568,0,3,1,0,3
370,469,./back_view_dataset_videos/1.mov,Right,131.3,14.7,22.4,15.3,9.3,-0.0014,1.4161,0.0241,0.7115,-0.9704,0.1951,0.2777,0.0466,0.0589,-0.0255,0,1,0,0,2
371,481,./back_view_dataset_videos/1.mov,Left,142.2,8.4,19.3,-6.9,8.5,-0.0401,1.4725,-0.072,0.7312,-1.026,-0.1726,0.2589,-0.0218,0.052,0.0319,0,2,0,2,2
372,493,./back_view_dataset_videos/1.mov,Right,140.6,22.9,164.7,2.6,9.2,0.0189,1.4461,0.0316,0.7082,-0.9717,0.1985,0.2144,0.0082,0.0559,-0.0126,0,0,0,3,2
373,515,./back_view_dataset_videos/1.mov,Right,129.0,17.8,164.7,16.1,12.7,0.01,1.4823,0.0257,0.7485,-0.9591,0.2109,0.1973,0.0522,0.0808,-0.0158,0,0,0,0,1
374,526,./back_view_dataset_videos/1.mov,Left,141.8,7.3,19.3,-8.0,6.2,-0.0232,1.4427,-0.0695,0.7204,-1.0192,-0.1803,0.2507,-0.0263,0.0384,0.0463,0,2,0,1,3
375,538,./back_view_dataset_videos/1.mov,Right,140.2,13.0,164.7,9.1,9.5,-0.0173,1.531,0.0036,0.7568,-0.9707,0.1919,0.1825,0.0288,0.0583,-0.0209,0,1,0,1,2
376,572,./back_view_dataset_videos/1.mov,Left,128.8,14.3,19.3,-10.4,6.0,-0.0306,1.4886,-0.0744,0.731,-1.0184,-0.1956,0.2789,-0.0322,0.0371,0.0438,0,1,0,0,3
377,583,./back_view_dataset_videos/1.mov,Right,126.9,15.9,164.7,14.1,15.4,0.0176,1.4822,0.0361,0.7564,-0.9521,0.2074,0.2595,0.0433,0.0946,-0.0186,0,0,0,0,0
378,595,./back_view_dataset_videos/1.mov,Left,125.3,8.0,19.3,-6.2,5.2,-0.033,1.4775,-0.0709,0.7214,-1.0167,-0.1821,0.2706,-0.0195,0.0333,0.038,0,2,0,2,3
379,605,./back_view_dataset_videos/1.mov,Right,128.8,19.6,164.7,21.6,11.3,-0.0047,1.4691,0.0278,0.7533,-0.9631,0.2192,0.2819,0.0688,0.0722,-0.0325,0,0,0,0,1
380,617,./back_view_dataset_videos/1.mov,Left,128.8,8.2,21.7,-10.7,0.2,-0.0228,1.4894,-0.0648,0.7276,-1.0004,-0.1935,0.255,-0.0342,0.001,0.042,0,2,0,0,3
381,628,./back_view_dataset_videos/1.mov,Right,138.4,25.2,164.7,15.1,8.4,-0.0095,1.4638,0.0222,0.7393,-0.9732,0.2067,0.2963,0.0474,0.0528,-0.0317,0,0,0,0,2
382,640,./back_view_dataset_videos/1.mov,Left,136.8,8.9,21.7,-6.8,5.7,-0.0073,1.4464,-0.0673,0.7128,-1.0176,-0.1669,0.2203,-0.0214,0.0353,0.06,0,2,0,2,3
383,652,./back_view_dataset_videos/1.mov,Right,136.8,11.0,164.7,8.5,9.5,0.0054,1.4568,0.039,0.7427,-0.97,0.1951,0.2793,0.0265,0.0598,-0.0336,0,1,0,1,2
384,665,./back_view_dataset_videos/1.mov,Left,146.9,7.6,21.7,-9.4,3.2,-0.0065,1.4447,-0.071,0.6819,-1.0095,-0.1661,0.226,-0.0297,0.0191,0.0644,0,2,0,1,3
385,674,./back_view_dataset_videos/1.mov,Right,151.2,9.8,164.7,15.9,12.6,-0.0436,1.4811,0.0081,0.7127,-0.9594,0.2146,0.2815,0.0512,0.08,-0.0517,1,2,0,0,1
386,697,./back_view_dataset_videos/1.mov,Right,142.7,5.8,164.7,2.6,7.7,-0.03,1.4575,0.0009,0.6798,-0.9766,0.1913,0.2621,0.0073,0.0463,-0.0309,0,3,0,3,2
387,718,./back_view_dataset_videos/1.mov,Right,131.6,7.8,164.7,20.2,14.4,-0.0658,1.4433,-0.0139,0.7101,-0.9539,0.2208,0.2576,0.0667,0.0901,-0.0519,0,2,0,0,1
388,730,./back_view_dataset_videos/1.mov,Left,131.6,12.9,21.7,-3.0,6.2,0.0232,1.4132,-0.0593,0.7036,-1.0175,-0.1759,0.2116,-0.0096,0.0352,0.0825,0,1,0,3,3
389,784,./back_view_dataset_videos/1.mov,Right,116.3,6.4,164.7,11.7,7.8,-0.0392,1.4128,-0.0031,0.7092,-0.9754,0.1997,0.2123,0.0356,0.0487,-0.036,0,3,0,0,2
390,796,./back_view_dataset_videos/1.mov,Left,116.3,8.7,21.7,-2.3,14.0,-0.0057,1.407,-0.0596,0.6964,-1.0421,-0.152,0.2326,-0.0063,0.0845,0.054,0,2,0,3,1
391,808,./back_view_dataset_videos/1.mov,Right,116.3,5.4,164.7,12.8,12.8,-0.0382,1.4052,-0.0188,0.6788,-0.9601,0.2153,0.2013,0.0365,0.0779,-0.0193,0,3,0,0,1
392,820,./back_view_dataset_videos/1.mov,Left,117.6,9.9,21.7,-24.0,4.5,0.0448,1.3291,-0.0363,0.6675,-1.0132,-0.1658,0.2175,-0.0727,0.0265,0.0811,0,2,0,0,3
393,842,./back_view_dataset_videos/1.mov,Left,103.7,9.7,21.7,-15.4,5.0,0.0492,1.368,-0.0378,0.6851,-1.0143,-0.174,0.2259,-0.0429,0.0287,0.087,0,2,0,0,3
394,851,./back_view_dataset_videos/1.mov,Right,118.0,5.1,164.7,13.1,13.9,-0.0353,1.4544,-0.0019,0.7037,-0.9565,0.1992,0.2283,0.0386,0.0864,-0.0334,0,3,0,0,1
395,862,./back_view_dataset_videos/1.mov,Left,127.2,9.8,21.7,-6.0,8.5,0.0048,1.3642,-0.0632,0.6865,-1.0248,-0.1612,0.248,-0.0168,0.0497,0.068,0,2,0,2,2
396,874,./back_view_dataset_videos/1.mov,Right,127.2,4.7,164.7,10.1,10.0,-0.0485,1.4655,-0.0027,0.69,-0.9688,0.213,0.2406,0.0302,0.0606,-0.0458,0,3,0,0,1
397,883,./back_view_dataset_videos/1.mov,Left,146.9,9.5,21.7,-14.0,-5.4,-0.0132,1.2702,-0.0732,0.6379,-0.9854,-0.1564,0.2219,-0.0407,-0.0292,0.06,0,2,0,0,3
398,917,./back_view_dataset_videos/1.mov,Right,135.4,18.3,164.7,9.2,9.5,-0.0333,1.5262,0.0011,0.7358,-0.9707,0.1916,0.233,0.0295,0.0584,-0.0344,0,0,0,1,2
399,928,./back_view_dataset_videos/1.mov,Left,137.0,9.9,21.7,-13.7,6.9,-0.0041,1.3686,-0.0597,0.6723,-1.0197,-0.1636,0.2815,-0.0398,0.0394,0.0557,0,2,0,0,3
400,950,./back_view_dataset_videos/1.mov,Left,129.0,8.2,21.7,-13.8,6.3,-0.0338,1.4776,-0.0869,0.7158,-1.0195,-0.1828,0.2625,-0.0386,0.0391,0.0531,0,2,0,0,3
401,961,./back_view_dataset_videos/1.mov,Right,138.7,27.8,164.7,8.8,13.8,-0.0358,1.446,0.0083,0.7021,-0.9563,0.2074,0.2838,0.0279,0.0864,-0.0442,0,0,0,1,1
402,973,./back_view_dataset_videos/1.mov,Left,132.8,12.1,21.7,-12.3,5.4,0.0081,1.41,-0.0666,0.6756,-1.0149,-0.1764,0.2244,-0.0357,0.03,0.0746,0,1,0,0,3
403,983,./back_view_dataset_videos/1.mov,Right,134.7,22.9,164.7,10.1,14.4,0.0193,1.4433,0.0237,0.713,-0.9551,0.1931,0.3067,0.0293,0.0894,-0.0044,0,0,0,0,1
404,994,./back_view_dataset_videos/1.mov,Left,136.3,13.7,21.7,-7.6,5.5,-0.0569,1.4055,-0.1027,0.7129,-1.0173,-0.1874,0.257,-0.0238,0.0346,0.0458,0,1,0,1,3
405,1006,./back_view_dataset_videos/1.mov,Right,130.4,11.8,164.7,16.9,7.0,-0.0334,1.4866,0.0262,0.6913,-0.9778,0.207,0.2295,0.0531,0.0435,-0.0596,0,1,0,0,2
406,1018,./back_view_dataset_videos/1.mov,Left,141.8,8.3,21.7,-14.5,-2.9,0.0724,1.4739,-0.0414,0.6917,-0.9906,-0.2047,0.2837,-0.0439,-0.0176,0.1138,0,2,0,0,3
407,1027,./back_view_dataset_videos/1.mov,Right,146.1,19.5,164.7,11.4,14.3,-0.0095,1.476,0.0164,0.693,-0.9563,0.2025,0.2639,0.0317,0.0863,-0.0258,0,0,0,0,1
408,1061,./back_view_dataset_videos/1.mov,Left,142.7,23.4,26.0,-5.3,3.7,-0.0517,1.5143,-0.0746,0.7281,-1.0114,-0.172,0.2465,-0.0157,0.0229,0.0229,0,0,0,2,3
409,1084,./back_view_dataset_videos/1.mov,Left,132.7,7.3,26.0,-1.8,3.7,-0.01,1.437,-0.0588,0.6655,-1.0109,-0.187,0.2459,-0.0058,0.022,0.0489,0,2,0,3,3
410,1093,./back_view_dataset_videos/1.mov,Right,138.6,11.8,164.7,5.7,6.9,-0.036,1.3516,0.0047,0.6787,-0.9784,0.1788,0.2375,0.0181,0.0432,-0.0407,0,1,0,2,3
411,1117,./back_view_dataset_videos/1.mov,Right,126.2,6.9,164.7,5.9,4.8,-0.015,1.3644,-0.0038,0.6879,-0.9852,0.167,0.2914,0.0172,0.0296,-0.0112,0,3,0,2,3
412,1129,./back_view_dataset_videos/1.mov,Left,124.6,18.4,26.0,-3.5,5.1,-0.0325,1.4507,-0.0878,0.7207,-1.0157,-0.1734,0.2316,-0.0107,0.0314,0.0553,0,0,0,3,3
413,1142,./back_view_dataset_videos/1.mov,Right,123.2,4.0,164.7,17.6,16.9,0.0052,1.5012,0.0466,0.7179,-0.9461,0.2107,0.2401,0.0555,0.1065,-0.0414,0,3,0,0,0
414,1199,./back_view_dataset_videos/1.mov,Left,109.2,15.0,26.0,-4.2,3.7,0.0037,1.3871,-0.0543,0.6895,-1.0106,-0.157,0.2138,-0.0123,0.0212,0.058,0,1,0,3,3
415,1211,./back_view_dataset_videos/1.mov,Right,103.3,4.9,164.7,9.6,5.6,-0.0233,1.4304,0.0095,0.7015,-0.9827,0.1758,0.2598,0.0276,0.0345,-0.0328,0,3,0,1,3
416,1222,./back_view_dataset_videos/1.mov,Left,116.4,11.3,26.0,0.7,12.2,-0.0164,1.4064,-0.0685,0.6971,-1.0358,-0.1592,0.2715,0.0023,0.0716,0.0522,0,1,0,3,1
417,1247,./back_view_dataset_videos/1.mov,Left,115.7,8.5,26.0,-0.8,17.1,0.0022,1.438,-0.056,0.682,-1.0547,-0.1605,0.274,-0.0022,0.1097,0.0582,0,2,0,3,0
418,1258,./back_view_dataset_videos/1.mov,Right,111.4,6.9,164.7,20.0,-15.5,-0.0345,1.4281,0.0076,0.6822,-1.0476,0.1775,0.3517,0.0598,-0.0952,-0.0421,0,3,0,0,0
419,1267,./back_view_dataset_videos/1.mov,Left,126.1,5.1,26.0,-5.7,-18.7,-0.062,1.4,-0.1099,0.7125,-0.946,-0.1559,0.1803,-0.0183,-0.1081,0.0479,0,3,0,2,0
420,1280,./back_view_dataset_videos/1.mov,Right,124.7,6.1,164.7,13.0,27.0,0.0332,1.4121,0.0464,0.7281,-0.9146,0.1967,0.2133,0.0383,0.1699,-0.0132,0,3,0,0,0
421,1316,./back_view_dataset_videos/1.mov,Left,114.3,15.0,26.0,-32.5,-10.1,-0.0131,1.3768,-0.0501,0.6795,-0.9726,-0.1479,0.2063,-0.0711,-0.0549,0.0371,0,0,0,0,1
422,1327,./back_view_dataset_videos/1.mov,Right,129.9,6.9,164.7,24.8,24.3,0.0087,1.4454,0.0397,0.7109,-0.959,0.1401,0.0838,0.0441,0.0792,-0.031,0,3,0,0,0
423,1336,./back_view_dataset_videos/1.mov,Left,135.8,5.0,26.0,-5.9,-3.4,-0.059,1.4558,-0.0863,0.7177,-0.9897,-0.1739,0.2157,-0.0191,-0.0206,0.0273,0,3,0,2,3
424,1369,./back_view_dataset_videos/1.mov,Right,122.9,5.5,164.7,17.0,11.6,-0.021,1.4285,0.0133,0.706,-0.9638,0.1909,0.211,0.0515,0.0722,-0.0343,0,3,0,0,1
425,1381,./back_view_dataset_videos/1.mov,Left,132.1,6.3,26.0,-8.4,-1.7,-0.0282,1.481,-0.0744,0.7331,-0.9947,-0.1852,0.2464,-0.0265,-0.0105,0.0461,0,3,0,1,3
426,1393,./back_view_dataset_videos/1.mov,Right,130.5,5.0,164.7,24.4,13.1,-0.0131,1.5086,0.0273,0.7162,-0.9582,0.2108,0.1884,0.0806,0.0825,-0.0404,0,3,0,0,1
427,1403,./back_view_dataset_videos/1.mov,Left,128.2,5.7,26.0,-5.4,4.8,-0.0061,1.3958,-0.0555,0.6858,-1.0135,-0.1661,0.228,-0.017,0.0271,0.0494,0,3,0,2,3
428,1415,./back_view_dataset_videos/1.mov,Right,129.5,4.7,164.7,3.2,-1.7,0.0092,1.4716,0.039,0.6909,-1.0047,0.1917,0.2264,0.0091,-0.0098,-0.0298,0,3,0,3,3
429,1426,./back_view_dataset_videos/1.mov,Left,142.9,4.5,26.0,-7.3,6.9,-0.0181,1.4655,-0.0563,0.6836,-1.0203,-0.1604,0.2254,-0.0176,0.0407,0.0382,0,3,0,1,3
430,1438,./back_view_dataset_videos/1.mov,Right,141.3,3.7,164.7,3.9,2.8,-0.0335,1.4638,0.0154,0.7105,-0.9915,0.1874,0.2631,0.0115,0.0166,-0.0489,0,3,0,3,3
431,1471,./back_view_dataset_videos/1.mov,Left,124.2,4.8,26.0,-3.1,15.4,0.0236,1.3976,0.0032,0.7043,-1.0457,-0.1688,0.2762,-0.0093,0.0915,0.0204,0,3,0,3,0
432,1481,./back_view_dataset_videos/1.mov,Right,138.9,4.5,164.7,6.7,8.5,-0.0458,1.386,0.0039,0.6757,-0.9749,0.1712,0.2346,0.0211,0.0502,-0.0497,0,3,0,2,2
433,1508,./back_view_dataset_videos/1.mov,Right,129.1,9.5,164.7,13.2,13.0,0.1009,1.5701,0.0914,0.7941,-0.9657,0.1725,0.0,0.0355,0.068,0.0095,0,2,0,0,1
434,1526,./back_view_dataset_videos/1.mov,Right,123.2,5.7,164.7,15.0,12.6,-0.0485,1.445,-0.0052,0.7253,-0.9598,0.2028,0.2178,0.0456,0.0797,-0.0433,0,3,0,0,1
435,1537,./back_view_dataset_videos/1.mov,Left,121.3,11.2,26.0,-2.1,7.4,-0.0258,1.4233,-0.0732,0.7124,-1.02,-0.1447,0.2203,-0.0065,0.04,0.0475,0,1,0,3,2
436,1550,./back_view_dataset_videos/1.mov,Right,119.9,7.6,164.7,12.4,11.1,-0.0386,1.4828,0.0326,0.7161,-0.9649,0.2085,0.2057,0.0393,0.0692,-0.0712,0,2,0,0,1
437,1582,./back_view_dataset_videos/1.mov,Left,107.3,10.8,26.0,-6.1,3.5,0.013,1.3662,-0.0647,0.6788,-1.0102,-0.1865,0.2326,-0.0181,0.0207,0.0777,0,1,0,2,3
438,1592,./back_view_dataset_videos/1.mov,Right,110.8,6.0,164.7,18.6,14.2,-0.0485,1.4437,-0.0051,0.7203,-0.9551,0.2115,0.2471,0.0573,0.0884,-0.0435,0,3,0,0,1
439,1603,./back_view_dataset_videos/1.mov,Left,123.7,9.6,26.0,-7.2,1.3,-0.0187,1.3661,-0.0674,0.7008,-1.0035,-0.1692,0.2414,-0.0224,0.007,0.0488,0,2,0,1,3
440,1616,./back_view_dataset_videos/1.mov,Right,118.8,5.3,164.7,15.0,8.1,-0.0251,1.4745,0.0241,0.6964,-0.9752,0.1913,0.1879,0.047,0.0491,-0.0492,0,3,0,0,2
441,1625,./back_view_dataset_videos/1.mov,Left,134.5,9.2,26.0,-8.8,5.4,-0.0166,1.4383,-0.0629,0.7064,-1.0157,-0.1759,0.2311,-0.0269,0.0314,0.0464,0,2,0,1,3
442,1657,./back_view_dataset_videos/1.mov,Right,129.3,7.1,164.7,14.3,13.3,-0.0107,1.4402,0.0316,0.6943,-0.9564,0.2032,0.2616,0.0448,0.0868,-0.0423,0,2,0,0,1
443,1667,./back_view_dataset_videos/1.mov,Left,131.3,9.2,26.0,-4.8,4.0,-0.0623,1.3601,-0.0943,0.6865,-1.0113,-0.1723,0.2433,-0.0145,0.0228,0.032,0,2,0,3,3
444,1679,./back_view_dataset_videos/1.mov,Right,132.6,7.2,164.7,15.2,10.3,-0.0054,1.3726,0.0211,0.681,-0.9673,0.2089,0.2659,0.045,0.0644,-0.0265,0,2,0,0,1
445,1690,./back_view_dataset_videos/1.mov,Left,145.3,4.5,26.0,-11.7,-1.4,-0.0441,1.4202,-0.0799,0.71,-0.9958,-0.182,0.2615,-0.0319,-0.0084,0.0358,0,3,0,0,3
446,1702,./back_view_dataset_videos/1.mov,Right,141.8,6.8,164.7,7.0,9.3,-0.0115,1.4282,0.0246,0.6795,-0.971,0.205,0.2302,0.0205,0.0571,-0.0361,0,3,0,2,2
447,1712,./back_view_dataset_videos/1.mov,Left,143.7,4.9,26.0,-9.4,2.1,-0.0218,1.4279,-0.0759,0.7075,-1.0061,-0.1656,0.2509,-0.0244,0.0123,0.0541,0,3,0,1,3
448,1724,./back_view_dataset_videos/1.mov,Right,145.0,6.1,164.7,6.7,9.6,-0.0179,1.3983,0.0258,0.6719,-0.9701,0.2013,0.2812,0.0198,0.059,-0.0437,0,3,0,2,2
449,14,./back_view_dataset_videos/2.mov,Right,0,6.5,7.4,5.8,4.7,0.0009,1.4274,0.0391,0.7415,-0.9855,0.1881,0.2372,0.0177,0.0289,-0.0382,0,3,2,2,3
450,34,./back_view_dataset_videos/2.mov,Right,90.0,4.7,7.4,4.6,4.8,-0.0154,1.3574,0.0337,0.6974,-0.9858,0.1823,0.2848,0.0138,0.0282,-0.049,0,3,2,3,3
451,46,./back_view_dataset_videos/2.mov,Left,120.0,5.5,3.6,-12.6,-5.6,0.0274,1.3538,-0.0384,0.6714,-0.9837,-0.1811,0.2588,-0.0387,-0.0324,0.0658,0,3,3,0,3
452,58,./back_view_dataset_videos/2.mov,Right,130.0,4.1,7.4,-4.6,-2.0,0.0032,1.4437,0.0345,0.695,-1.006,0.1643,0.2307,-0.0145,-0.012,-0.0313,0,3,2,3,3
453,68,./back_view_dataset_videos/2.mov,Left,142.5,5.7,3.8,-12.9,-1.5,0.0039,1.4138,-0.0465,0.7123,-0.9953,-0.1858,0.2633,-0.0353,-0.0091,0.0504,0,3,3,0,3
454,112,./back_view_dataset_videos/2.mov,Left,122.2,5.1,5.8,-10.6,0.3,-0.0091,1.4782,-0.0672,0.7247,-1.0008,-0.1957,0.2643,-0.0329,0.0021,0.0581,0,3,3,0,3
455,134,./back_view_dataset_videos/2.mov,Left,115.5,4.7,5.8,-11.9,-0.4,-0.0038,1.4739,-0.0658,0.7217,-0.9986,-0.189,0.2578,-0.0365,-0.0023,0.062,0,3,3,0,3
456,145,./back_view_dataset_videos/2.mov,Right,122.3,5.5,7.4,4.3,1.7,0.0061,1.4932,0.0355,0.7374,-0.9948,0.1748,0.2508,0.0135,0.0104,-0.0294,0,3,2,3,3
457,178,./back_view_dataset_videos/2.mov,Left,113.9,5.0,6.3,-6.6,1.4,0.0136,1.4379,-0.0289,0.7016,-1.0034,-0.1946,0.2675,-0.0187,0.0079,0.0425,0,3,2,2,3
458,199,./back_view_dataset_videos/2.mov,Left,113.3,4.7,6.3,-9.3,0.5,-0.0003,1.4793,-0.0612,0.7415,-1.0014,-0.1882,0.2814,-0.0288,0.0031,0.0609,0,3,2,1,3
459,221,./back_view_dataset_videos/2.mov,Left,104.8,3.7,6.3,-12.5,-5.7,-0.023,1.4611,-0.0706,0.7322,-0.9825,-0.1943,0.2814,-0.0395,-0.0345,0.0476,0,3,2,0,3
460,232,./back_view_dataset_videos/2.mov,Right,106.5,5.5,9.2,5.9,-0.2,-0.007,1.4436,0.0326,0.7153,-1.0005,0.1652,0.2658,0.0169,-0.001,-0.0396,0,3,1,2,3
461,244,./back_view_dataset_videos/2.mov,Left,102.8,3.1,6.3,-6.4,-3.1,0.0005,1.4645,-0.0403,0.7165,-0.9903,-0.1941,0.2644,-0.0204,-0.0189,0.0408,0,3,2,2,3
462,266,./back_view_dataset_videos/2.mov,Left,107.9,5.0,6.3,-13.8,-5.9,0.0162,1.467,-0.0497,0.7103,-0.9816,-0.2136,0.2787,-0.0441,-0.0348,0.0659,0,3,2,0,3
463,277,./back_view_dataset_videos/2.mov,Right,118.1,6.6,9.2,1.6,-0.6,0.0102,1.4618,0.0349,0.725,-1.0018,0.1534,0.2288,0.0049,-0.0037,-0.0247,0,3,1,3,3
464,310,./back_view_dataset_videos/2.mov,Left,104.5,4.5,6.3,-14.1,-3.4,-0.0122,1.3586,-0.0556,0.6884,-0.9895,-0.1986,0.2824,-0.039,-0.02,0.0433,0,3,2,0,3
465,322,./back_view_dataset_videos/2.mov,Right,116.4,8.5,10.0,7.4,1.2,0.0044,1.4917,0.0326,0.748,-0.9964,0.1698,0.2579,0.0217,0.0072,-0.0282,0,2,1,1,3
466,355,./back_view_dataset_videos/2.mov,Left,112.5,5.1,6.3,-14.4,-3.6,-0.0118,1.3418,-0.0423,0.672,-0.9896,-0.1749,0.2526,-0.0439,-0.0206,0.0305,0,3,2,0,3
467,368,./back_view_dataset_videos/2.mov,Right,119.6,6.2,10.0,-4.0,-4.0,0.0375,1.414,0.0466,0.711,-1.0116,0.1593,0.2483,-0.0126,-0.0233,-0.009,0,3,1,3,3
468,380,./back_view_dataset_videos/2.mov,Left,117.9,12.4,11.5,-13.9,-4.7,0.0486,1.4372,-0.0657,0.7278,-0.9858,-0.1972,0.2491,-0.0445,-0.0276,0.1143,0,1,1,0,3
469,391,./back_view_dataset_videos/2.mov,Right,119.6,7.6,11.4,6.1,2.3,-0.0401,1.4602,0.0056,0.7354,-0.9933,0.1663,0.2733,0.0182,0.0134,-0.0458,0,2,1,2,3
470,404,./back_view_dataset_videos/2.mov,Left,126.7,7.2,11.5,-19.6,-3.5,0.0478,1.3859,-0.0358,0.7068,-0.9896,-0.1887,0.2459,-0.0611,-0.02,0.0836,0,2,1,0,3
471,425,./back_view_dataset_videos/2.mov,Left,116.9,6.0,11.5,-11.0,-4.1,0.0482,1.4254,-0.0262,0.7073,-0.9873,-0.2032,0.283,-0.0342,-0.0242,0.0744,0,3,1,0,3
472,436,./back_view_dataset_videos/2.mov,Right,130.6,9.3,12.3,7.0,2.2,-0.0222,1.4231,0.0275,0.7237,-0.9935,0.1703,0.2495,0.0177,0.013,-0.0497,0,2,1,2,3
473,448,./back_view_dataset_videos/2.mov,Left,130.6,7.3,11.5,-10.3,0.2,0.0375,1.4003,-0.0325,0.7019,-1.0006,-0.1755,0.2426,-0.0311,0.0012,0.07,0,2,1,0,3
474,460,./back_view_dataset_videos/2.mov,Right,142.5,4.4,12.3,19.5,6.8,-0.0176,1.4334,0.0278,0.7206,-0.9802,0.1706,0.2057,0.0619,0.0397,-0.0454,0,3,1,0,3
475,470,./back_view_dataset_videos/2.mov,Left,147.7,5.2,11.5,-13.2,-4.5,0.0349,1.3387,-0.025,0.6746,-0.9872,-0.1765,0.2274,-0.0406,-0.0253,0.06,0,3,1,0,3
476,481,./back_view_dataset_videos/2.mov,Right,149.4,3.8,12.3,5.4,2.5,-0.018,1.4006,0.0156,0.6977,-0.9927,0.1585,0.2995,0.0159,0.0145,-0.0337,0,3,1,2,3
477,493,./back_view_dataset_videos/2.mov,Left,147.7,7.7,11.5,-8.3,-2.3,0.0105,1.3107,-0.0462,0.6565,-0.9936,-0.1645,0.2097,-0.0252,-0.0128,0.0568,0,2,1,1,3
478,506,./back_view_dataset_videos/2.mov,Right,147.7,3.7,12.3,0.3,0.9,0.0381,1.4403,0.0546,0.7231,-0.9974,0.1653,0.2398,0.0008,0.0052,-0.0166,0,3,1,3,3
479,517,./back_view_dataset_videos/2.mov,Left,157.4,6.3,11.5,-16.4,-3.1,-0.0219,1.4262,-0.0716,0.7075,-0.9909,-0.1804,0.278,-0.05,-0.018,0.0496,1,3,1,0,3
480,529,./back_view_dataset_videos/2.mov,Right,155.7,29.7,37.1,6.0,1.0,0.0341,1.5363,0.0448,0.7241,-0.9971,0.1715,0.3003,0.0188,0.0058,-0.0107,1,0,0,2,3
481,541,./back_view_dataset_videos/2.mov,Left,155.7,5.4,11.5,-10.6,-1.6,-0.0063,1.468,-0.063,0.7041,-0.995,-0.1894,0.2586,-0.034,-0.0094,0.0567,1,3,1,0,3
482,553,./back_view_dataset_videos/2.mov,Right,155.7,11.3,37.1,7.5,2.1,0.0069,1.5033,0.0329,0.7115,-0.9936,0.1871,0.2556,0.0234,0.0125,-0.026,1,1,0,1,3
483,565,./back_view_dataset_videos/2.mov,Left,152.0,7.2,11.5,-1.2,-1.9,0.0441,1.3702,-0.0426,0.6824,-0.9943,-0.1848,0.2274,-0.0037,-0.011,0.0866,1,2,1,3,3
484,575,./back_view_dataset_videos/2.mov,Right,154.0,20.6,37.1,6.6,0.9,0.0118,1.4421,0.0243,0.6994,-0.9973,0.1624,0.2406,0.0202,0.0054,-0.0125,1,0,0,2,3
485,586,./back_view_dataset_videos/2.mov,Left,155.7,10.4,11.5,-12.9,-3.4,-0.0144,1.3812,-0.0593,0.6926,-0.9901,-0.1844,0.237,-0.0381,-0.0193,0.045,1,1,1,0,3
486,598,./back_view_dataset_videos/2.mov,Right,157.2,22.8,37.1,7.6,2.8,0.0223,1.5018,0.0387,0.7115,-0.992,0.1664,0.2634,0.0226,0.0159,-0.0164,1,0,0,1,3
487,610,./back_view_dataset_videos/2.mov,Left,155.5,6.4,11.5,-11.6,0.5,0.0147,1.4539,-0.0403,0.731,-1.0015,-0.1678,0.2343,-0.0336,0.0031,0.0549,1,3,1,0,3
488,622,./back_view_dataset_videos/2.mov,Right,155.5,19.0,37.1,5.0,-0.4,0.0142,1.5046,0.0227,0.7102,-1.0013,0.1726,0.2013,0.0153,-0.0027,-0.0085,1,0,0,3,3
489,632,./back_view_dataset_videos/2.mov,Left,159.2,6.6,11.5,-11.9,0.6,-0.0151,1.3903,-0.0493,0.6813,-1.0018,-0.1774,0.2554,-0.0375,0.0037,0.0342,1,3,1,0,3
490,644,./back_view_dataset_videos/2.mov,Right,159.2,10.0,37.1,10.9,4.3,0.0153,1.4891,0.0388,0.735,-0.9875,0.1641,0.2427,0.0338,0.025,-0.0235,1,1,0,0,3
491,655,./back_view_dataset_videos/2.mov,Left,160.9,10.7,11.5,-12.6,-1.0,-0.006,1.3596,-0.0583,0.6894,-0.9968,-0.1833,0.2478,-0.038,-0.006,0.0523,1,1,1,0,3
492,667,./back_view_dataset_videos/2.mov,Right,157.2,13.7,37.1,6.0,-2.1,0.0199,1.4442,0.0327,0.7007,-1.0062,0.169,0.2793,0.0161,-0.0125,-0.0128,1,1,0,2,3
493,679,./back_view_dataset_videos/2.mov,Left,155.5,10.7,11.5,-15.6,-7.0,-0.0067,1.4264,-0.052,0.7122,-0.9798,-0.1832,0.2526,-0.0458,-0.0401,0.0453,1,1,1,0,3
494,691,./back_view_dataset_videos/2.mov,Right,155.5,15.6,37.1,-0.7,-2.9,0.0211,1.5024,0.0305,0.7072,-1.0085,0.1617,0.2584,-0.002,-0.0172,-0.0094,1,0,0,3,3
495,703,./back_view_dataset_videos/2.mov,Left,155.5,4.2,11.5,-11.8,-1.0,-0.0137,1.3754,-0.0521,0.696,-0.997,-0.176,0.2634,-0.0364,-0.0059,0.0384,1,3,1,0,3
496,713,./back_view_dataset_videos/2.mov,Right,159.2,8.2,37.1,3.7,-4.8,0.0088,1.5007,0.0319,0.7063,-1.0144,0.1499,0.2753,0.0117,-0.0293,-0.0231,1,2,0,3,3
497,725,./back_view_dataset_videos/2.mov,Left,155.5,6.3,11.5,-19.3,-7.4,0.0203,1.3894,-0.0356,0.6879,-0.9778,-0.2001,0.2334,-0.0595,-0.0431,0.0559,1,3,1,0,2
498,736,./back_view_dataset_videos/2.mov,Right,157.2,15.5,37.1,3.5,1.1,0.01,1.4701,0.0399,0.7172,-0.9967,0.1633,0.2512,0.0106,0.0066,-0.0299,1,0,0,3,3
499,748,./back_view_dataset_videos/2.mov,Left,155.5,11.7,11.5,-12.0,-3.7,-0.0352,1.3827,-0.0707,0.7017,-0.9886,-0.1927,0.275,-0.038,-0.0222,0.0355,1,1,1,0,3
500,760,./back_view_dataset_videos/2.mov,Right,155.5,9.4,37.1,6.4,2.7,0.0095,1.511,0.0493,0.7354,-0.9918,0.1781,0.261,0.0202,0.0163,-0.0398,1,2,0,2,3
501,772,./back_view_dataset_videos/2.mov,Left,155.5,6.4,11.5,-6.1,-3.1,0.0262,1.4294,-0.0556,0.694,-0.9904,-0.201,0.2604,-0.0193,-0.0184,0.0818,1,3,1,2,3
502,784,./back_view_dataset_videos/2.mov,Right,155.5,10.0,37.1,10.2,1.7,0.0149,1.5173,0.0442,0.7276,-0.995,0.1727,0.2507,0.0313,0.0099,-0.0294,1,2,0,0,3
503,794,./back_view_dataset_videos/2.mov,Left,159.2,5.4,11.5,-13.6,-8.9,-0.0159,1.4479,-0.0806,0.7201,-0.9735,-0.1938,0.2711,-0.0424,-0.0524,0.0648,1,3,1,0,2
504,806,./back_view_dataset_videos/2.mov,Right,155.5,7.2,37.1,2.0,-4.4,-0.0011,1.5368,0.0465,0.7195,-1.013,0.1511,0.2303,0.0058,-0.0264,-0.0476,1,2,0,3,3
505,817,./back_view_dataset_videos/2.mov,Left,157.2,4.5,11.5,-13.1,-8.8,-0.025,1.4166,-0.073,0.7047,-0.9734,-0.2016,0.2793,-0.042,-0.052,0.048,1,3,1,0,2
506,851,./back_view_dataset_videos/2.mov,Right,143.3,12.1,37.1,6.6,2.0,0.0087,1.5026,0.0393,0.7179,-0.994,0.158,0.25,0.02,0.0118,-0.0306,0,1,0,2,3
507,863,./back_view_dataset_videos/2.mov,Left,143.3,4.8,11.5,-11.7,-4.2,-0.01,1.4151,-0.0609,0.715,-0.9872,-0.1955,0.2692,-0.0376,-0.0249,0.0509,0,3,1,0,3
508,877,./back_view_dataset_videos/2.mov,Right,140.7,16.1,37.1,28.6,9.6,-0.0053,1.5157,0.0363,0.7433,-0.9712,0.1643,0.1895,0.1027,0.0575,-0.0415,0,0,0,0,2
509,887,./back_view_dataset_videos/2.mov,Left,144.4,8.3,11.5,-13.1,-4.1,0.0092,1.4383,-0.0408,0.7461,-0.9878,-0.1868,0.2188,-0.041,-0.024,0.0499,0,2,1,0,3
510,901,./back_view_dataset_videos/2.mov,Right,141.7,31.5,37.1,9.7,0.6,0.0142,1.5415,0.0463,0.7787,-0.9981,0.1615,0.2438,0.0302,0.0037,-0.0321,0,0,0,1,3
511,913,./back_view_dataset_videos/2.mov,Left,138.0,16.9,16.0,-16.6,-6.3,-0.0108,1.4539,-0.056,0.7268,-0.9801,-0.2059,0.2749,-0.0548,-0.0391,0.0452,0,0,0,0,3
512,925,./back_view_dataset_videos/2.mov,Right,138.0,14.2,37.1,9.3,-3.3,0.0177,1.4439,0.0291,0.7421,-1.0095,0.1512,0.3046,0.0274,-0.0193,-0.0114,0,1,0,1,3
513,938,./back_view_dataset_videos/2.mov,Left,134.8,50.2,150.6,-15.7,-0.1,-0.0274,1.4336,-0.0552,0.7379,-0.9995,-0.1836,0.2738,-0.0506,-0.0009,0.0279,0,0,0,0,3
514,950,./back_view_dataset_videos/2.mov,Right,147.0,71.5,170.1,12.7,4.4,0.0238,1.4085,0.0484,0.7158,-0.9865,0.1844,0.2895,0.0382,0.0269,-0.0245,0,0,0,0,3
515,964,./back_view_dataset_videos/2.mov,Left,144.3,7.9,150.6,-17.1,-4.1,-0.0079,1.4456,-0.0419,0.7176,-0.9875,-0.1855,0.2975,-0.0557,-0.0248,0.0341,0,2,0,0,3
516,976,./back_view_dataset_videos/2.mov,Right,147.0,36.9,170.1,8.8,-2.0,-0.0091,1.4115,0.0286,0.7125,-1.0059,0.1737,0.2974,0.0272,-0.0117,-0.0376,0,0,0,1,3
517,989,./back_view_dataset_videos/2.mov,Left,141.8,23.0,150.6,-16.9,-10.6,0.0094,1.4433,-0.0415,0.7129,-0.9679,-0.1794,0.2205,-0.0555,-0.064,0.0508,0,0,0,0,1
518,1001,./back_view_dataset_videos/2.mov,Right,144.5,8.0,170.1,12.9,-3.1,0.0385,1.4295,0.0572,0.7428,-1.0094,0.1709,0.2757,0.0413,-0.0188,-0.0187,0,2,0,0,3
519,1015,./back_view_dataset_videos/2.mov,Left,141.8,17.2,150.6,-20.9,-7.5,-0.0069,1.3931,-0.0595,0.6889,-0.978,-0.1887,0.2633,-0.067,-0.0435,0.0526,0,0,0,0,2
520,1027,./back_view_dataset_videos/2.mov,Right,141.8,23.1,170.1,7.3,1.6,0.0174,1.4869,0.032,0.7541,-0.9952,0.1805,0.244,0.0238,0.0097,-0.0147,0,0,0,1,3
521,1040,./back_view_dataset_videos/2.mov,Left,141.8,11.2,150.6,-14.7,-4.5,-0.0026,1.4317,-0.0514,0.7085,-0.9865,-0.1819,0.2648,-0.0442,-0.0268,0.0488,0,1,0,0,3
522,1052,./back_view_dataset_videos/2.mov,Right,141.8,57.9,170.1,6.1,-2.3,0.0166,1.4578,0.0347,0.733,-1.007,0.1728,0.2488,0.0193,-0.0141,-0.018,0,0,0,2,3
523,1063,./back_view_dataset_videos/2.mov,Left,146.2,11.2,150.6,-14.0,5.5,-0.0313,1.4796,-0.0542,0.7765,-1.0167,-0.192,0.2645,-0.0492,0.0337,0.023,0,1,0,0,3
524,1078,./back_view_dataset_videos/2.mov,Right,142.4,17.7,170.1,6.5,1.7,0.0022,1.5386,0.028,0.7607,-0.9948,0.1517,0.2286,0.0181,0.0101,-0.0258,0,0,0,2,3
525,1090,./back_view_dataset_videos/2.mov,Left,143.8,12.8,150.6,-14.7,-5.4,-0.0042,1.4221,-0.0427,0.6928,-0.9838,-0.1952,0.2591,-0.0459,-0.0315,0.0386,0,1,0,0,3
526,1102,./back_view_dataset_videos/2.mov,Right,143.8,20.4,170.1,6.0,-3.6,0.0273,1.4366,0.0463,0.7388,-1.0108,0.1842,0.2682,0.018,-0.0216,-0.0189,0,0,0,2,3
527,1114,./back_view_dataset_videos/2.mov,Left,146.5,8.8,150.6,-16.3,-8.3,0.017,1.3751,-0.0386,0.708,-0.9769,-0.1886,0.2782,-0.044,-0.0449,0.0556,0,2,0,0,2
528,1127,./back_view_dataset_videos/2.mov,Right,145.1,5.8,170.1,3.6,2.5,0.0054,1.4659,0.0368,0.7269,-0.9923,0.1743,0.2184,0.0109,0.0154,-0.0314,0,3,0,3,3
529,1142,./back_view_dataset_videos/2.mov,Left,142.8,6.3,150.6,-12.8,-1.3,0.0255,1.4204,-0.049,0.704,-0.9962,-0.1835,0.2386,-0.0392,-0.0073,0.0745,0,3,0,0,3
530,1153,./back_view_dataset_videos/2.mov,Right,144.5,3.6,170.1,10.5,7.9,0.008,1.4813,0.0453,0.7139,-0.9769,0.1683,0.181,0.0334,0.0461,-0.0373,0,3,0,0,2
531,1162,./back_view_dataset_videos/2.mov,Left,149.0,5.4,150.6,-11.9,-4.7,0.0117,1.3101,-0.0373,0.6598,-0.9865,-0.1819,0.2205,-0.0366,-0.0265,0.0491,0,3,0,0,3
532,1174,./back_view_dataset_videos/2.mov,Right,152.8,4.0,170.1,2.2,1.0,0.0193,1.4539,0.0514,0.7169,-0.9971,0.1574,0.2381,0.0069,0.0057,-0.0321,1,3,0,3,3
533,1198,./back_view_dataset_videos/2.mov,Right,143.4,4.3,170.1,16.2,11.7,0.0237,1.5532,0.048,0.7685,-0.9647,0.1656,0.1331,0.0533,0.0706,-0.0243,0,3,0,0,1
534,1208,./back_view_dataset_videos/2.mov,Left,147.2,5.8,150.6,-9.2,-0.2,-0.023,1.389,-0.0667,0.7171,-0.9994,-0.1706,0.2411,-0.0276,-0.0013,0.0438,0,3,0,1,3
535,1220,./back_view_dataset_videos/2.mov,Right,147.2,11.0,170.1,-1.9,-1.8,0.014,1.4573,0.063,0.7223,-1.0054,0.1697,0.2586,-0.0058,-0.0108,-0.0491,0,1,0,3,3
536,1231,./back_view_dataset_videos/2.mov,Left,150.3,4.6,150.6,-11.8,-8.7,0.0013,1.3822,-0.0534,0.6951,-0.9738,-0.2097,0.2606,-0.0336,-0.0504,0.0547,1,3,0,0,2
537,1243,./back_view_dataset_videos/2.mov,Right,154.0,3.6,170.1,6.8,2.0,0.0045,1.4334,0.0277,0.717,-0.9941,0.1705,0.2565,0.0188,0.0118,-0.0232,1,3,0,2,3
538,1255,./back_view_dataset_videos/2.mov,Left,152.3,4.8,150.6,-10.4,1.2,-0.0061,1.4598,-0.0511,0.7079,-1.0031,-0.1883,0.2696,-0.0317,0.0068,0.045,1,3,0,0,3
539,1267,./back_view_dataset_videos/2.mov,Right,146.1,10.4,170.1,-3.6,-0.1,0.0236,1.4574,0.0509,0.6768,-1.0003,0.1582,0.255,-0.0117,-0.0009,-0.0273,0,1,0,3,3
540,1279,./back_view_dataset_videos/2.mov,Left,146.1,4.2,150.6,-4.5,-1.3,-0.0291,1.44,-0.0827,0.7113,-0.9961,-0.1839,0.2619,-0.0143,-0.0075,0.0536,0,3,0,3,3
541,1291,./back_view_dataset_videos/2.mov,Right,155.5,17.3,170.1,1.8,0.4,0.015,1.4907,0.057,0.6923,-0.9989,0.1624,0.2299,0.0058,0.0022,-0.0419,1,0,0,3,3
542,1303,./back_view_dataset_videos/2.mov,Left,151.7,3.9,150.6,-15.7,-2.7,0.0102,1.4207,-0.0392,0.6978,-0.992,-0.1872,0.2743,-0.0485,-0.0156,0.0494,1,3,0,0,3
543,1315,./back_view_dataset_videos/2.mov,Right,151.7,7.2,170.1,3.3,2.8,0.0198,1.4823,0.0432,0.7341,-0.9919,0.1678,0.2612,0.0099,0.0163,-0.0234,1,2,0,3,3
544,1325,./back_view_dataset_videos/2.mov,Left,153.8,3.2,150.6,-13.4,-5.1,-0.02,1.3994,-0.0512,0.6918,-0.9847,-0.1933,0.2303,-0.0371,-0.03,0.0312,1,3,0,0,3
545,1337,./back_view_dataset_videos/2.mov,Right,153.8,5.4,170.1,5.9,-1.1,-0.0013,1.4857,0.0336,0.7243,-1.0033,0.1732,0.2328,0.0186,-0.0066,-0.0349,1,3,0,2,3
546,1349,./back_view_dataset_videos/2.mov,Left,153.8,5.3,150.6,-14.7,-7.9,0.0361,1.4122,-0.0303,0.6958,-0.9766,-0.1992,0.2541,-0.0446,-0.0456,0.0664,1,3,0,0,2
547,1360,./back_view_dataset_videos/2.mov,Right,155.5,5.3,170.1,1.9,-1.5,0.0213,1.4987,0.0411,0.7068,-1.0043,0.1516,0.261,0.0058,-0.009,-0.0198,1,3,0,3,3
548,1372,./back_view_dataset_videos/2.mov,Left,155.5,7.7,150.6,-11.5,-0.7,-0.0259,1.4648,-0.0739,0.7328,-0.9976,-0.1866,0.2587,-0.0355,-0.0043,0.0481,1,2,0,0,3
549,1384,./back_view_dataset_videos/2.mov,Right,155.5,11.0,170.1,1.7,-1.4,0.011,1.4675,0.0396,0.6972,-1.0041,0.1681,0.1987,0.0053,-0.0081,-0.0286,1,1,0,3,3
550,1394,./back_view_dataset_videos/2.mov,Left,159.2,4.2,150.6,-10.2,-5.6,0.001,1.3911,-0.0437,0.7126,-0.9833,-0.1908,0.2522,-0.0321,-0.033,0.0447,1,3,0,0,3
551,1406,./back_view_dataset_videos/2.mov,Right,159.2,9.6,170.1,6.9,-0.5,0.0147,1.4363,0.0329,0.7041,-1.0012,0.1495,0.2384,0.0212,-0.0027,-0.0182,1,2,0,2,3
552,1418,./back_view_dataset_videos/2.mov,Left,155.5,5.9,150.6,-12.3,-4.1,-0.0125,1.4614,-0.0696,0.7257,-0.9874,-0.1999,0.2659,-0.0376,-0.0241,0.0572,1,3,0,0,3
553,1430,./back_view_dataset_videos/2.mov,Right,155.5,12.7,170.1,3.4,1.5,0.027,1.5084,0.0439,0.7192,-0.9953,0.168,0.2634,0.0102,0.0093,-0.0169,1,1,0,3,3
554,1441,./back_view_dataset_videos/2.mov,Left,157.2,6.2,150.6,-13.8,-3.8,0.0111,1.3713,-0.0597,0.7198,-0.9884,-0.195,0.2607,-0.0432,-0.0223,0.0707,1,3,0,0,3
555,1454,./back_view_dataset_videos/2.mov,Right,154.0,5.9,170.1,19.4,6.3,-0.0142,1.4572,0.0344,0.7374,-0.9813,0.1708,0.187,0.0604,0.0374,-0.0485,1,3,0,0,3
556,1465,./back_view_dataset_videos/2.mov,Left,155.7,5.6,150.6,-7.9,1.6,-0.0114,1.4485,-0.0622,0.7287,-1.0046,-0.1727,0.2525,-0.024,0.0092,0.0508,1,3,0,1,3
557,1477,./back_view_dataset_videos/2.mov,Right,155.7,5.7,170.1,-3.7,-2.1,0.049,1.4227,0.0563,0.6845,-1.0061,0.1627,0.2698,-0.0114,-0.0122,-0.0074,1,3,0,3,3
558,1499,./back_view_dataset_videos/2.mov,Right,143.5,4.8,170.1,6.5,2.3,-0.0007,1.4802,0.042,0.7448,-0.9932,0.1838,0.2704,0.0202,0.0135,-0.0427,0,3,0,2,3
559,1510,./back_view_dataset_videos/2.mov,Left,145.2,5.8,150.6,-7.0,3.0,-0.0226,1.4013,-0.0514,0.7042,-1.0086,-0.181,0.2739,-0.0215,0.0174,0.0288,0,3,0,2,3
560,1522,./back_view_dataset_videos/2.mov,Right,145.2,5.3,170.1,2.5,-4.7,0.0146,1.3756,0.0464,0.6617,-1.0137,0.1569,0.2598,0.0075,-0.0274,-0.0318,0,3,0,3,3
561,1535,./back_view_dataset_videos/2.mov,Left,143.7,7.8,150.6,-6.7,1.2,0.0208,1.4242,-0.0364,0.7053,-1.0036,-0.1615,0.1987,-0.0207,0.0072,0.0572,0,2,0,2,3
562,1547,./back_view_dataset_videos/2.mov,Right,142.0,4.9,170.1,0.6,-1.1,0.007,1.4047,0.0335,0.7069,-1.0033,0.1567,0.2717,0.0018,-0.0067,-0.0265,0,3,0,3,3
563,1558,./back_view_dataset_videos/2.mov,Left,145.2,10.3,150.6,-6.4,2.4,0.0061,1.3244,-0.0466,0.6849,-1.0061,-0.131,0.1772,-0.019,0.0126,0.0526,0,1,0,2,3
564,1573,./back_view_dataset_videos/2.mov,Right,139.7,3.6,170.1,3.7,7.1,0.0211,1.4724,0.0397,0.7226,-0.9788,0.1714,0.2143,0.0106,0.0423,-0.0186,0,3,0,3,2
565,1582,./back_view_dataset_videos/2.mov,Left,146.0,9.0,150.6,-10.1,-5.9,-0.0626,1.3195,-0.0912,0.6871,-0.9823,-0.2083,0.2688,-0.0304,-0.0332,0.0287,0,2,0,0,3
566,1597,./back_view_dataset_videos/2.mov,Right,150.7,7.3,170.1,5.5,-4.9,0.0238,1.4226,0.0453,0.7022,-1.0145,0.1815,0.3016,0.0175,-0.0291,-0.0215,1,2,0,2,3
567,1609,./back_view_dataset_videos/2.mov,Left,149.0,7.0,150.6,-11.6,-3.5,-0.0145,1.4457,-0.048,0.7055,-0.9896,-0.1931,0.284,-0.0355,-0.0199,0.0335,0,2,0,0,3
568,1622,./back_view_dataset_videos/2.mov,Right,147.6,5.8,170.1,-1.2,-9.6,0.0316,1.4968,0.0381,0.6951,-1.0286,0.1631,0.2957,-0.0038,-0.0573,-0.0065,0,3,0,3,2
569,1634,./back_view_dataset_videos/2.mov,Left,149.0,6.9,150.6,-6.8,1.6,-0.0415,1.4034,-0.0715,0.7148,-1.0044,-0.1972,0.2748,-0.0218,0.0095,0.03,0,3,0,2,3
570,1648,./back_view_dataset_videos/2.mov,Right,146.3,8.2,170.1,15.5,7.2,0.0068,1.3983,0.0307,0.6855,-0.9787,0.1597,0.2203,0.0489,0.0425,-0.0239,0,2,0,0,2
571,1658,./back_view_dataset_videos/2.mov,Left,148.4,8.0,150.6,-7.3,-0.4,-0.0033,1.3709,-0.0399,0.7022,-0.9988,-0.1542,0.1909,-0.0224,-0.0024,0.0367,0,2,0,1,3
572,1673,./back_view_dataset_videos/2.mov,Right,148.4,3.5,170.1,-10.1,-10.0,0.0141,1.3868,0.0222,0.6662,-1.0285,0.1138,0.2044,-0.022,-0.0603,-0.0081,0,3,0,0,2
573,1685,./back_view_dataset_videos/2.mov,Left,142.1,9.1,150.6,-4.8,4.4,-0.0004,1.3076,-0.0486,0.6575,-1.012,-0.1451,0.2161,-0.0143,0.0242,0.0482,0,2,0,3,3
574,1699,./back_view_dataset_videos/2.mov,Right,143.2,3.1,170.1,-5.8,0.5,0.0014,1.3328,0.0095,0.6798,-0.9976,0.1303,0.2261,-0.0156,0.0031,-0.0081,0,3,0,2,3
575,1711,./back_view_dataset_videos/2.mov,Left,143.2,13.6,150.6,-9.0,-12.1,0.0031,1.3125,-0.0478,0.6641,-0.9638,-0.1754,0.2882,-0.0285,-0.0724,0.0508,0,1,0,1,1
576,1724,./back_view_dataset_videos/2.mov,Right,143.2,4.0,170.1,1.4,1.8,0.0288,1.3581,0.0257,0.7041,-0.9949,0.1517,0.2124,0.0035,0.0101,0.003,0,3,0,3,3
577,1738,./back_view_dataset_videos/2.mov,Left,140.5,6.4,150.6,-2.7,-0.5,-0.0301,1.4075,-0.0602,0.692,-0.9984,-0.1672,0.2467,-0.0089,-0.0031,0.0302,0,3,0,3,3
578,1750,./back_view_dataset_videos/2.mov,Right,143.2,2.6,170.1,0.6,2.3,0.0409,1.3889,0.0432,0.7063,-0.9929,0.1593,0.2628,0.0019,0.0141,-0.0024,0,3,0,3,3
579,1762,./back_view_dataset_videos/2.mov,Left,139.5,3.8,150.6,-10.9,-14.3,-0.0441,1.459,-0.0871,0.7467,-0.9559,-0.2021,0.2311,-0.0354,-0.0872,0.043,0,3,0,0,1
580,1774,./back_view_dataset_videos/2.mov,Right,143.2,6.3,170.1,2.2,9.2,0.0317,1.3993,0.0515,0.7266,-0.9724,0.1676,0.2433,0.0068,0.0551,-0.0198,0,3,0,3,2
581,1786,./back_view_dataset_videos/2.mov,Left,143.2,5.0,150.6,-12.2,-8.1,0.0048,1.4365,-0.0546,0.7215,-0.9761,-0.1958,0.223,-0.0385,-0.0468,0.0594,0,3,0,0,2
582,1798,./back_view_dataset_videos/2.mov,Right,145.9,7.1,170.1,1.4,10.0,0.0081,1.4539,0.0296,0.6854,-0.9707,0.1426,0.1925,0.0039,0.0582,-0.0215,0,2,0,3,1
583,1810,./back_view_dataset_videos/2.mov,Left,145.9,8.8,150.6,-7.9,-7.7,-0.0541,1.3431,-0.0869,0.6866,-0.9775,-0.1832,0.233,-0.0239,-0.0445,0.0328,0,2,0,1,2
584,1823,./back_view_dataset_videos/2.mov,Right,145.9,7.0,170.1,3.5,8.8,0.017,1.508,0.059,0.7335,-0.9736,0.1732,0.1843,0.0106,0.0528,-0.0419,0,2,0,3,2
585,1834,./back_view_dataset_videos/2.mov,Left,150.3,4.2,150.6,-10.5,-4.1,-0.0075,1.3763,-0.0594,0.6738,-0.9881,-0.1769,0.2443,-0.033,-0.0236,0.0519,1,3,0,0,3
586,1847,./back_view_dataset_videos/2.mov,Right,148.8,7.8,170.1,2.3,6.1,0.0137,1.5215,0.0377,0.7487,-0.9816,0.17,0.2511,0.0065,0.0368,-0.024,0,2,0,3,3
587,1859,./back_view_dataset_videos/2.mov,Left,148.8,5.6,150.6,-4.1,6.9,-0.0089,1.4068,-0.0773,0.7037,-1.0196,-0.1638,0.2183,-0.0135,0.0392,0.0684,0,3,0,3,3
588,1871,./back_view_dataset_videos/2.mov,Right,148.8,10.9,170.1,5.1,1.3,0.0057,1.4169,0.0335,0.687,-0.9962,0.1581,0.242,0.0152,0.0076,-0.0278,0,1,0,2,3
589,1883,./back_view_dataset_videos/2.mov,Left,148.8,4.9,150.6,-8.2,6.7,0.0233,1.4036,-0.038,0.6914,-1.0193,-0.1765,0.2647,-0.0254,0.0388,0.0613,0,3,0,1,3
590,1895,./back_view_dataset_videos/2.mov,Right,148.8,5.7,170.1,5.3,-5.7,-0.0027,1.4783,0.0308,0.7168,-1.0176,0.1698,0.2576,0.0163,-0.0353,-0.0335,0,3,0,2,3
591,1906,./back_view_dataset_videos/2.mov,Left,150.5,5.1,150.6,-3.6,10.5,0.0005,1.3701,-0.0451,0.6637,-1.0308,-0.1612,0.2589,-0.0107,0.0615,0.0456,1,3,0,3,1
592,1919,./back_view_dataset_videos/2.mov,Right,150.5,8.7,170.1,2.0,-9.7,0.0142,1.4704,0.0485,0.7108,-1.0298,0.1515,0.245,0.0064,-0.0601,-0.0344,1,2,0,3,2
593,1930,./back_view_dataset_videos/2.mov,Left,150.5,3.9,150.6,-4.8,3.4,-0.0324,1.3642,-0.079,0.6816,-1.0094,-0.1586,0.2365,-0.0146,0.0189,0.0466,1,3,0,3,3
594,1943,./back_view_dataset_videos/2.mov,Right,150.5,7.2,170.1,2.6,1.6,-0.0021,1.4467,0.0413,0.716,-0.9948,0.1805,0.2115,0.008,0.0103,-0.0434,1,2,0,3,3
595,1955,./back_view_dataset_videos/2.mov,Left,150.5,4.4,150.6,-15.6,-6.5,0.0025,1.4064,-0.0458,0.6987,-0.98,-0.2041,0.2694,-0.0479,-0.0388,0.0483,1,3,0,0,3
596,1966,./back_view_dataset_videos/2.mov,Right,152.2,10.7,170.1,4.2,-2.4,0.0147,1.4758,0.0441,0.7101,-1.0068,0.1495,0.2204,0.0123,-0.0139,-0.0294,1,1,0,3,3
597,1979,./back_view_dataset_videos/2.mov,Left,150.8,4.3,150.6,-10.6,-2.7,-0.0104,1.4737,-0.067,0.7153,-0.992,-0.1845,0.2573,-0.0317,-0.0157,0.0567,1,3,0,0,3
598,1990,./back_view_dataset_videos/2.mov,Right,152.5,9.6,170.1,2.2,2.7,0.0086,1.4725,0.0274,0.7109,-0.992,0.1745,0.2433,0.0067,0.016,-0.0188,1,2,0,3,3
599,2014,./back_view_dataset_videos/2.mov,Right,141.4,12.0,170.1,5.9,-6.5,0.0165,1.5648,0.0376,0.7426,-1.02,0.1631,0.197,0.0192,-0.0401,-0.0211,0,1,0,2,3
600,2024,./back_view_dataset_videos/2.mov,Left,146.6,4.5,150.6,-12.7,-0.7,-0.01,1.3446,-0.0619,0.6907,-0.9979,-0.1787,0.2467,-0.0372,-0.004,0.052,0,3,0,0,3
601,2036,./back_view_dataset_videos/2.mov,Right,144.9,11.6,170.1,3.3,1.4,0.0079,1.5344,0.0413,0.7503,-0.9956,0.165,0.2391,0.0105,0.0087,-0.0334,0,1,0,3,3
602,2047,./back_view_dataset_videos/2.mov,Left,148.1,4.8,150.6,-17.4,-6.2,-0.0064,1.4296,-0.0536,0.7077,-0.9813,-0.2016,0.2443,-0.0473,-0.0362,0.0472,0,3,0,0,3
603,2059,./back_view_dataset_videos/2.mov,Right,148.1,8.6,170.1,3.6,7.0,0.013,1.5011,0.0442,0.7291,-0.9789,0.1695,0.2435,0.0115,0.0422,-0.0312,0,2,0,3,3
604,2071,./back_view_dataset_videos/2.mov,Left,146.4,3.8,150.6,-9.3,-3.4,-0.0031,1.474,-0.0532,0.7191,-0.9892,-0.2027,0.2719,-0.0296,-0.0207,0.0501,0,3,0,1,3
605,2083,./back_view_dataset_videos/2.mov,Right,147.8,6.6,170.1,-3.9,-3.3,0.0204,1.5127,0.0427,0.7017,-1.0094,0.1618,0.2133,-0.0114,-0.0188,-0.0223,0,3,0,3,3
606,2095,./back_view_dataset_videos/2.mov,Left,146.1,4.4,150.6,-2.7,2.9,-0.0142,1.3718,-0.0656,0.6703,-1.0077,-0.1866,0.2478,-0.0076,0.0161,0.0515,0,3,0,3,3
607,2117,./back_view_dataset_videos/2.mov,Left,146.9,3.2,150.6,-14.7,-4.6,-0.0196,1.4312,-0.0597,0.7077,-0.9855,-0.2167,0.2783,-0.037,-0.0252,0.0401,0,3,0,0,3
608,2128,./back_view_dataset_videos/2.mov,Right,144.9,15.5,170.1,1.1,1.4,0.0076,1.5057,0.0391,0.7264,-0.9958,0.1597,0.2029,0.0033,0.0083,-0.0314,0,0,0,3,3
609,2138,./back_view_dataset_videos/2.mov,Left,148.7,4.7,150.6,-6.9,-1.5,-0.0054,1.3319,-0.0479,0.6653,-0.9954,-0.1851,0.2615,-0.021,-0.0087,0.0424,0,3,0,2,3
610,2162,./back_view_dataset_videos/2.mov,Left,137.6,4.1,150.6,-10.3,-5.3,-0.0068,1.4438,-0.0583,0.7185,-0.9839,-0.1985,0.2502,-0.0316,-0.0313,0.0515,0,3,0,0,3
611,2173,./back_view_dataset_videos/2.mov,Right,139.3,8.7,170.1,3.6,3.7,0.0128,1.4723,0.0382,0.7184,-0.9893,0.1606,0.288,0.011,0.0214,-0.0254,0,2,0,3,3
612,2185,./back_view_dataset_videos/2.mov,Left,139.3,5.5,150.6,-10.3,-0.2,-0.0057,1.4168,-0.0552,0.6936,-0.9991,-0.1872,0.2375,-0.0317,-0.0013,0.0495,0,3,0,0,3
613,2197,./back_view_dataset_videos/2.mov,Right,139.3,12.9,170.1,9.3,-0.8,0.027,1.4756,0.0483,0.7004,-1.0025,0.1758,0.2393,0.0291,-0.0049,-0.0213,0,1,0,1,3
614,2207,./back_view_dataset_videos/2.mov,Left,143.0,4.9,150.6,-13.1,-3.6,-0.0175,1.3385,-0.0735,0.6848,-0.9896,-0.1736,0.2391,-0.0386,-0.0206,0.0559,0,3,0,0,3
615,14,./back_view_dataset_videos/3.mov,Left,0,2.0,3.8,-3.0,9.6,-0.0167,1.6293,-0.0405,0.8347,-1.0306,-0.188,0.2557,-0.0105,0.0613,0.0237,0,3,3,3,2
616,31,./back_view_dataset_videos/3.mov,Right,208.9,7.1,8.0,-0.9,-7.9,0.014,1.6356,0.0752,0.896,-1.0247,0.1786,0.2657,-0.0031,-0.0495,-0.0612,3,2,2,3,2
617,52,./back_view_dataset_videos/3.mov,Left,189.0,9.9,10.9,-1.9,14.6,-0.0684,1.7199,-0.073,0.8672,-1.0473,-0.1824,0.2956,-0.0069,0.0945,0.0045,3,2,1,3,1
618,74,./back_view_dataset_videos/3.mov,Right,179.8,9.8,12.0,-0.9,-6.3,0.0349,1.6483,0.0681,0.8851,-1.0194,0.182,0.3004,-0.0033,-0.0388,-0.0332,3,2,1,3,3
619,92,./back_view_dataset_videos/3.mov,Left,184.2,8.5,10.9,-4.0,15.1,-0.0272,1.673,-0.0458,0.8395,-1.0476,-0.1721,0.2733,-0.0143,0.0953,0.0186,3,2,1,3,0
620,116,./back_view_dataset_videos/3.mov,Right,176.9,4.1,12.0,-0.9,-7.6,0.0237,1.6339,0.077,0.8612,-1.0227,0.1859,0.2487,-0.0031,-0.0456,-0.0533,3,3,1,3,2
621,139,./back_view_dataset_videos/3.mov,Left,173.2,5.6,10.9,-0.8,12.9,-0.0299,1.6152,-0.0588,0.8248,-1.0398,-0.1808,0.2588,-0.0026,0.0798,0.0289,2,3,1,3,1
622,158,./back_view_dataset_videos/3.mov,Right,175.1,10.8,12.7,0.8,-7.1,0.0002,1.68,0.0648,0.8967,-1.0223,0.1834,0.2985,0.003,-0.0446,-0.0645,3,1,1,3,2
623,176,./back_view_dataset_videos/3.mov,Left,177.9,9.0,10.9,-0.2,20.4,-0.0554,1.6478,-0.0579,0.8362,-1.0666,-0.1533,0.2532,-0.0006,0.1339,0.0024,3,2,1,3,0
624,200,./back_view_dataset_videos/3.mov,Right,170.3,3.3,12.7,0.8,-5.1,0.0461,1.6454,0.0782,0.8772,-1.0162,0.2133,0.3268,0.003,-0.0331,-0.032,2,3,1,3,3
625,218,./back_view_dataset_videos/3.mov,Left,173.8,8.7,10.9,-2.9,17.2,-0.0572,1.6679,-0.0723,0.8648,-1.0556,-0.1786,0.2896,-0.0108,0.1112,0.0151,2,2,1,3,0
626,239,./back_view_dataset_videos/3.mov,Right,174.8,7.3,12.7,-2.7,-5.8,0.0362,1.6633,0.0737,0.8779,-1.0181,0.1903,0.2975,-0.0098,-0.0363,-0.0375,2,2,1,3,3
627,262,./back_view_dataset_videos/3.mov,Left,169.4,9.6,11.1,-2.9,12.7,-0.0747,1.701,-0.0704,0.868,-1.0413,-0.2003,0.3181,-0.0106,0.0828,-0.0043,2,2,1,3,1
628,283,./back_view_dataset_videos/3.mov,Right,172.1,7.7,12.7,-4.2,-8.5,0.0231,1.6433,0.0712,0.8676,-1.0262,0.179,0.2952,-0.0149,-0.0523,-0.0481,2,2,1,3,2
629,305,./back_view_dataset_videos/3.mov,Left,172.9,8.1,11.1,0.3,19.0,-0.0434,1.6286,-0.0651,0.8305,-1.0606,-0.1665,0.2779,0.0009,0.1214,0.0217,2,2,1,3,0
630,325,./back_view_dataset_videos/3.mov,Right,171.8,9.3,12.7,1.4,-3.8,0.009,1.6599,0.0682,0.8574,-1.012,0.1903,0.2952,0.0048,-0.0241,-0.0592,2,2,1,3,3
631,344,./back_view_dataset_videos/3.mov,Left,170.5,8.8,11.1,1.8,14.9,-0.0731,1.7148,-0.0706,0.8594,-1.0483,-0.1748,0.2981,0.0065,0.0966,-0.0025,2,2,1,3,1
632,368,./back_view_dataset_videos/3.mov,Right,170.5,6.3,12.7,0.3,-6.5,0.024,1.5977,0.0689,0.8478,-1.0199,0.1779,0.276,0.0011,-0.0397,-0.0449,2,3,1,3,3
633,386,./back_view_dataset_videos/3.mov,Left,170.5,7.1,11.1,-2.8,14.7,-0.0786,1.5975,-0.0717,0.807,-1.0469,-0.1748,0.2905,-0.0099,0.0937,-0.0069,2,2,1,3,1
634,410,./back_view_dataset_videos/3.mov,Right,167.8,7.1,12.7,-0.9,-10.4,0.0052,1.6342,0.0565,0.881,-1.0322,0.1715,0.266,-0.0033,-0.0645,-0.0513,2,2,1,3,1
635,428,./back_view_dataset_videos/3.mov,Left,173.2,6.5,11.1,-2.1,9.5,-0.0714,1.6623,-0.0578,0.8492,-1.0304,-0.1851,0.292,-0.0074,0.0609,-0.0135,2,3,1,3,2
636,451,./back_view_dataset_videos/3.mov,Right,171.3,5.0,12.7,-0.6,-2.0,0.0383,1.6658,0.0808,0.86,-1.0061,0.1883,0.252,-0.0021,-0.0123,-0.0426,2,3,1,3,3
637,470,./back_view_dataset_videos/3.mov,Left,174.5,9.8,11.1,-2.1,13.7,-0.0624,1.6675,-0.0616,0.8526,-1.0452,-0.1784,0.3166,-0.0077,0.0904,-0.0008,2,2,1,3,1
638,22,./back_view_dataset_videos/4.mov,Left,0,11.0,12.3,-4.2,11.7,-0.0202,1.5352,-0.0393,0.8057,-1.0352,-0.1973,0.3333,-0.0146,0.0711,0.0191,0,1,1,3,1
639,37,./back_view_dataset_videos/4.mov,Right,237.1,11.5,13.1,-2.5,-7.9,0.0276,1.714,0.0808,0.9196,-1.0232,0.207,0.3149,-0.0091,-0.0476,-0.0532,3,1,0,3,2
640,58,./back_view_dataset_videos/4.mov,Left,203.3,10.0,12.3,2.5,14.4,-0.0527,1.7663,-0.051,0.8755,-1.0479,-0.1734,0.3331,0.0093,0.096,-0.0018,3,1,1,3,1
641,83,./back_view_dataset_videos/4.mov,Right,182.9,15.1,16.2,0.7,-7.5,0.0636,1.7812,0.08,0.9675,-1.0237,0.1967,0.3765,0.0028,-0.0476,-0.0164,3,0,0,3,2
642,107,./back_view_dataset_videos/4.mov,Left,174.2,10.2,12.3,3.1,15.2,-0.0796,1.7416,-0.081,0.9005,-1.0432,-0.1681,0.3216,0.0117,0.0865,0.0014,2,1,1,3,0
643,124,./back_view_dataset_videos/4.mov,Right,181.2,14.0,16.2,-5.5,-11.0,0.0525,1.7101,0.0826,0.8765,-1.0344,0.1749,0.3487,-0.0198,-0.0688,-0.0301,3,1,0,2,1
644,146,./back_view_dataset_videos/4.mov,Left,178.0,9.7,12.3,1.7,20.4,-0.0708,1.7294,-0.0734,0.8899,-1.0672,-0.1697,0.3205,0.0062,0.1346,0.0026,3,2,1,3,0
645,169,./back_view_dataset_videos/4.mov,Right,174.7,13.7,16.2,-2.8,-10.3,0.0439,1.7903,0.0844,0.9281,-1.033,0.1789,0.3486,-0.0106,-0.0661,-0.0404,2,1,0,3,1
646,193,./back_view_dataset_videos/4.mov,Left,171.3,10.9,12.3,3.7,13.5,-0.063,1.7482,-0.0745,0.8925,-1.0438,-0.1779,0.331,0.0137,0.0877,0.0115,2,1,1,3,1
647,214,./back_view_dataset_videos/4.mov,Right,162.9,18.7,20.1,-3.6,-7.7,0.0504,1.7036,0.0786,0.8808,-1.024,0.1741,0.322,-0.013,-0.0481,-0.0282,1,0,0,3,2
648,232,./back_view_dataset_videos/4.mov,Left,166.4,6.2,12.3,0.5,20.3,-0.0989,1.6799,-0.0735,0.8096,-1.0683,-0.1756,0.3072,0.0018,0.1367,-0.0254,2,3,1,3,0
649,256,./back_view_dataset_videos/4.mov,Right,167.1,19.6,21.4,-6.0,-10.5,0.086,1.6645,0.0991,0.8914,-1.0318,0.1744,0.313,-0.0222,-0.0636,-0.0131,2,0,0,2,1
650,278,./back_view_dataset_videos/4.mov,Left,168.8,10.4,12.3,2.6,10.4,-0.0867,1.7265,-0.0806,0.8825,-1.0351,-0.1866,0.3483,0.0098,0.0702,-0.0062,2,1,1,3,1
651,304,./back_view_dataset_videos/4.mov,Right,159.8,20.4,22.0,-3.1,-15.2,0.0217,1.6796,0.0754,0.8913,-1.046,0.1644,0.2898,-0.0112,-0.092,-0.0537,1,0,0,3,0
652,323,./back_view_dataset_videos/4.mov,Left,163.0,11.0,12.3,2.1,15.1,-0.0735,1.7203,-0.0642,0.8801,-1.05,-0.1752,0.2944,0.0075,0.1002,-0.0093,1,1,1,3,0
653,347,./back_view_dataset_videos/4.mov,Right,162.2,9.3,22.0,-0.4,-5.1,-0.0163,1.6814,0.0538,0.8636,-1.0148,0.1836,0.2344,-0.0014,-0.0299,-0.0701,1,2,0,3,3
654,368,./back_view_dataset_videos/4.mov,Left,164.8,8.4,12.3,4.2,10.7,-0.0812,1.7157,-0.0812,0.865,-1.0346,-0.1882,0.3006,0.0161,0.0691,0.0,1,2,1,3,1
655,14,./back_view_dataset_videos/5.mov,Right,0,44.7,85.7,-64.7,-178.3,0.1933,0.9704,0.0887,0.5698,-0.9342,-0.4105,0.0392,-0.0528,-0.003,0.1047,0,0,0,0,0
656,40,./back_view_dataset_videos/5.mov,Left,137.2,17.4,31.5,-5.6,-7.2,-0.0186,1.1456,-0.1001,0.6374,-0.9471,-0.4479,0.6407,-0.0479,-0.1049,0.0815,0,0,0,2,2
657,53,./back_view_dataset_videos/5.mov,Right,205.8,12.0,85.7,170.1,174.8,-0.0446,1.7039,-0.2031,0.8018,-0.9601,-0.4821,0.5648,0.0812,0.0717,0.1585,3,1,0,0,0
658,70,./back_view_dataset_videos/5.mov,Right,207.2,11.5,85.7,5.4,-177.5,0.1432,1.4925,0.2023,0.7054,-1.0042,-0.1176,0.4784,0.0111,-0.0088,-0.0592,3,1,0,2,0
659,73,./back_view_dataset_videos/5.mov,Left,452.7,39.8,56.2,172.5,177.7,0.1765,1.5115,0.1237,0.6278,-1.0129,0.3026,0.312,0.0249,0.0263,0.0529,3,0,0,0,0
660,88,./back_view_dataset_videos/5.mov,Left,409.8,8.6,56.2,-1.8,-1.6,-0.0673,1.567,-0.1723,0.7738,-0.9841,-0.5218,0.7646,-0.0153,-0.0249,0.105,3,2,0,3,3
661,98,./back_view_dataset_videos/5.mov,Right,400.9,25.1,85.7,-178.3,176.3,-0.1686,1.322,-0.1627,0.7206,-0.9754,-0.402,0.5434,-0.0075,0.0381,-0.0059,3,0,0,0,0
662,130,./back_view_dataset_videos/5.mov,Left,359.6,44.8,56.2,-4.2,-1.3,0.0899,1.5373,-0.0814,0.735,-0.9919,-0.2927,0.4398,-0.0181,-0.0093,0.1714,3,0,0,3,3
663,148,./back_view_dataset_videos/5.mov,Right,339.4,31.3,85.7,1.9,-0.6,0.0249,1.5276,0.0877,0.7614,-1.0029,0.3931,0.637,0.0166,-0.0091,-0.0628,3,0,0,3,3
664,163,./back_view_dataset_videos/5.mov,Left,352.0,26.8,62.0,-1.6,-4.7,-0.0697,1.1168,-0.08,0.5971,-0.9666,-0.4347,0.784,-0.0139,-0.0653,0.0102,3,0,0,3,3
665,175,./back_view_dataset_videos/5.mov,Right,354.9,20.3,85.7,169.6,169.7,-0.098,1.6304,-0.1183,0.6919,-0.916,-0.5512,0.661,0.0639,0.1386,0.0203,3,0,0,0,0
666,193,./back_view_dataset_videos/5.mov,Right,353.4,5.9,85.7,5.3,0.3,0.1327,1.6332,0.2208,0.734,-0.9972,0.394,0.5238,0.0444,0.0049,-0.0881,3,3,0,2,3
667,203,./back_view_dataset_videos/5.mov,Left,249.3,20.1,62.0,2.1,-2.8,-0.0533,1.0307,-0.077,0.5708,-0.9817,-0.395,0.5366,0.0171,-0.036,0.0237,3,0,0,3,3
668,223,./back_view_dataset_videos/5.mov,Right,241.9,25.9,85.7,-4.5,0.3,0.0929,1.0506,0.1021,0.529,-0.9855,0.2565,0.556,-0.0351,0.0047,-0.0092,3,0,0,3,3
669,250,./back_view_dataset_videos/5.mov,Left,213.8,17.0,62.0,-1.2,-3.2,-0.0351,1.5053,-0.1136,0.7516,-0.9725,-0.5132,0.6865,-0.0111,-0.0509,0.0785,3,0,0,3,3
670,254,./back_view_dataset_videos/5.mov,Right,311.4,20.0,85.7,167.1,-176.5,-0.0835,1.6918,-0.1205,0.7388,-1.017,-0.3521,0.4101,0.0624,-0.0365,0.037,3,0,0,0,0
671,272,./back_view_dataset_videos/5.mov,Right,311.4,6.0,85.7,3.3,7.1,0.1511,1.4693,0.2275,0.7463,-0.9542,0.379,0.5466,0.0246,0.0914,-0.0764,3,3,0,3,2
672,284,./back_view_dataset_videos/5.mov,Left,318.8,14.2,62.0,-8.8,-5.7,-0.0783,1.0117,-0.1232,0.5151,-0.9617,-0.4315,0.597,-0.0689,-0.0644,0.0449,3,1,0,1,3
673,296,./back_view_dataset_videos/5.mov,Right,318.8,18.7,85.7,168.8,177.4,-0.064,1.7351,-0.1867,0.7806,-0.976,-0.5195,0.6966,0.0893,0.0395,0.1226,3,0,0,0,0
674,325,./back_view_dataset_videos/5.mov,Left,309.4,53.9,62.0,-1.9,0.2,-0.0643,1.1512,-0.1326,0.6073,-1.0014,-0.3974,0.5805,-0.0159,0.0031,0.0684,3,0,0,3,3
675,335,./back_view_dataset_videos/5.mov,Right,309.4,51.1,85.7,171.7,173.5,-0.0264,1.6951,-0.1276,0.7393,-0.9543,-0.4573,0.5513,0.0561,0.0804,0.1012,3,0,0,0,0
676,365,./back_view_dataset_videos/5.mov,Left,302.0,51.8,62.0,-5.8,1.7,-0.0959,1.1243,-0.1014,0.6198,-1.0103,-0.4539,0.7618,-0.0477,0.0237,0.0055,3,0,0,2,3
677,377,./back_view_dataset_videos/5.mov,Right,322.6,14.0,85.7,172.0,177.2,-0.0975,1.5615,-0.1517,0.7061,-0.9792,-0.4357,0.5271,0.0524,0.035,0.0542,3,1,0,0,0
678,379,./back_view_dataset_videos/5.mov,Left,434.1,58.2,72.4,-6.4,5.0,-0.0843,1.536,-0.173,0.7033,-1.0099,-0.3286,0.1088,-0.0208,0.0357,0.0887,3,0,0,2,3
679,409,./back_view_dataset_videos/5.mov,Left,424.2,19.7,72.4,-4.6,-0.1,0.1293,1.2876,0.1131,0.6727,-0.9948,-0.4249,0.6997,-0.0148,-0.0013,0.0162,3,0,0,3,3
680,418,./back_view_dataset_videos/5.mov,Right,436.6,34.8,85.7,179.6,-179.3,-0.0009,1.5451,-0.0751,0.6685,-0.9993,-0.4366,0.5503,0.0023,-0.0082,0.0742,3,0,0,0,0
681,449,./back_view_dataset_videos/5.mov,Left,413.8,22.5,72.4,-23.1,-4.8,0.1822,1.2144,0.0216,0.605,-0.9732,-0.3554,0.5251,-0.0425,-0.0403,0.1606,3,0,0,0,3
682,457,./back_view_dataset_videos/5.mov,Right,454.2,33.7,85.7,168.5,175.3,-0.0915,1.7004,-0.1326,0.7449,-0.9607,-0.495,0.5837,0.0677,0.0587,0.0411,3,0,0,0,0
683,487,./back_view_dataset_videos/5.mov,Left,424.5,23.8,72.4,-3.3,-6.3,-0.0679,1.1579,-0.0912,0.5836,-0.9546,-0.4561,0.7053,-0.0267,-0.0874,0.0232,3,0,0,3,3
684,497,./back_view_dataset_videos/5.mov,Right,454.2,43.1,85.7,178.6,179.0,-0.1222,1.7946,-0.1751,0.8113,-0.9865,-0.5095,0.6229,0.0104,0.0131,0.0529,3,0,0,0,0
685,529,./back_view_dataset_videos/5.mov,Left,431.0,22.1,72.4,-8.1,-2.8,0.0486,1.1999,-0.0758,0.6036,-0.9776,-0.4288,0.6986,-0.033,-0.0302,0.1244,3,0,0,1,3
686,536,./back_view_dataset_videos/5.mov,Right,271.7,45.6,85.7,-177.3,-173.4,-0.0427,1.4532,-0.1109,0.7314,-1.0226,-0.144,0.3599,-0.0145,-0.0674,0.0682,3,0,0,0,0
687,572,./back_view_dataset_videos/5.mov,Left,269.2,25.9,72.4,-6.3,-2.2,0.0295,1.2881,-0.0355,0.6399,-0.9826,-0.4325,0.7989,-0.0252,-0.0255,0.065,3,0,0,2,3
688,577,./back_view_dataset_videos/5.mov,Right,308.8,16.0,85.7,-171.8,-179.4,0.0437,1.512,-0.0109,0.6641,-1.0018,-0.2349,0.3809,-0.025,-0.0064,0.0546,3,0,0,0,0
689,599,./back_view_dataset_videos/5.mov,Left,314.7,23.2,72.4,-148.5,175.8,0.1326,1.5965,0.0945,0.6241,-1.0187,0.2192,0.338,-0.0608,0.0401,0.0381,3,0,0,0,0
690,619,./back_view_dataset_videos/5.mov,Right,281.3,19.9,85.7,165.6,175.8,-0.0029,1.708,-0.1013,0.7442,-0.967,-0.4694,0.567,0.0901,0.0524,0.0984,3,0,0,0,0
691,649,./back_view_dataset_videos/5.mov,Left,281.3,23.8,72.4,-5.1,-3.4,-0.0235,1.1746,-0.0855,0.6185,-0.9753,-0.4472,0.6366,-0.0441,-0.0464,0.062,3,0,0,2,3
692,680,./back_view_dataset_videos/5.mov,Right,251.1,29.1,85.7,4.5,4.0,0.1383,1.6694,0.2233,0.8169,-0.9717,0.3569,0.5836,0.0357,0.055,-0.085,3,0,0,3,3
693,691,./back_view_dataset_videos/5.mov,Left,277.7,20.5,72.4,-5.7,-6.1,-0.0089,1.1313,-0.1234,0.5991,-0.9514,-0.4797,0.5501,-0.0507,-0.0965,0.1144,3,0,0,2,3
694,731,./back_view_dataset_videos/5.mov,Left,225.1,59.0,147.5,-4.8,-3.5,-0.0501,1.2052,-0.1007,0.6675,-0.9733,-0.4456,0.7838,-0.0433,-0.0534,0.0506,3,0,0,3,3
695,742,./back_view_dataset_videos/5.mov,Right,253.3,69.4,91.4,171.2,177.1,-0.1392,1.6717,-0.1795,0.7264,-0.9742,-0.504,0.5536,0.0649,0.0398,0.0403,3,0,0,0,0
696,760,./back_view_dataset_videos/5.mov,Right,188.8,6.0,91.4,2.9,4.9,0.1197,1.585,0.1982,0.7286,-0.9654,0.345,0.5275,0.0252,0.0673,-0.0785,3,3,0,3,3
697,775,./back_view_dataset_videos/5.mov,Left,198.3,32.3,147.5,-2.7,-2.0,-0.0341,1.3976,-0.1007,0.6875,-0.9812,-0.5534,0.7818,-0.0239,-0.0333,0.0666,3,0,0,3,3
698,802,./back_view_dataset_videos/5.mov,Right,192.5,53.5,105.3,4.7,-1.7,0.1461,1.6242,0.2217,0.7397,-1.0109,0.3569,0.3616,0.0398,-0.0236,-0.0756,3,0,0,3,3
699,811,./back_view_dataset_videos/5.mov,Left,227.2,33.0,147.5,-6.1,-7.2,-0.0643,1.0578,-0.1327,0.5675,-0.9475,-0.4175,0.5666,-0.0506,-0.1051,0.0684,3,0,0,2,2
700,832,./back_view_dataset_videos/5.mov,Right,234.1,14.6,105.3,-1.6,-1.5,0.1656,1.1624,0.1058,0.622,-1.0098,0.3604,0.7587,-0.0131,-0.0214,0.0598,3,1,0,3,3
701,856,./back_view_dataset_videos/5.mov,Left,212.1,23.5,147.5,-5.0,-1.5,-0.0277,1.2676,-0.0893,0.6325,-0.9876,-0.468,0.6128,-0.035,-0.0214,0.0616,3,0,0,3,3
702,866,./back_view_dataset_videos/5.mov,Right,245.6,59.5,105.3,176.1,173.9,-0.1208,1.6793,-0.1339,0.7422,-0.9544,-0.4686,0.481,0.0223,0.0681,0.0131,3,0,0,0,0
703,880,./back_view_dataset_videos/5.mov,Right,236.9,6.5,105.3,3.2,-0.8,0.0885,1.6213,0.1482,0.7882,-1.0064,0.436,0.6319,0.0294,-0.0129,-0.0597,3,3,0,3,3
704,892,./back_view_dataset_videos/5.mov,Left,249.3,26.9,147.5,-4.5,-3.1,-0.0532,1.1068,-0.1167,0.5515,-0.9779,-0.4175,0.6049,-0.0379,-0.044,0.0635,3,0,0,3,3
705,922,./back_view_dataset_videos/5.mov,Right,234.4,29.3,105.3,1.1,1.8,0.105,1.5856,0.1942,0.7482,-0.9859,0.3779,0.5775,0.0093,0.0261,-0.0893,3,0,0,3,3
706,932,./back_view_dataset_videos/5.mov,Left,262.5,25.3,147.5,-1.1,-3.6,-0.0547,1.0451,-0.1039,0.5327,-0.9742,-0.4328,0.7381,-0.0091,-0.0505,0.0492,3,0,0,3,3
707,955,./back_view_dataset_videos/5.mov,Right,232.3,21.9,105.3,5.8,1.6,0.158,1.3169,0.1328,0.6889,-0.9864,0.459,0.7523,0.0495,0.0268,0.0252,3,0,0,2,3
708,976,./back_view_dataset_videos/5.mov,Left,232.3,20.3,147.5,-5.2,-2.3,-0.0367,1.2035,-0.1172,0.667,-0.9799,-0.5101,0.6954,-0.0452,-0.0342,0.0805,3,0,0,2,3
709,994,./back_view_dataset_videos/5.mov,Right,238.5,28.0,105.3,-2.1,-4.2,0.1646,1.1833,0.1175,0.5807,-1.0279,0.3519,0.6298,-0.0175,-0.0582,0.047,3,0,0,3,3
710,1024,./back_view_dataset_videos/5.mov,Left,208.8,68.7,147.5,-1.1,-1.5,0.0917,1.6914,-0.1274,0.7612,-0.9839,-0.507,0.6729,-0.0071,-0.0218,0.2191,3,0,0,3,3
711,1043,./back_view_dataset_videos/5.mov,Right,200.4,38.8,105.3,1.1,1.9,0.0931,1.669,0.1671,0.7633,-0.985,0.4239,0.621,0.0097,0.0295,-0.074,3,0,0,3,3
712,1054,./back_view_dataset_videos/5.mov,Left,203.8,33.1,147.5,0.7,2.6,0.0099,1.0468,-0.039,0.5518,-1.016,-0.3339,0.5706,0.0056,0.0367,0.0489,3,0,0,3,3
713,1075,./back_view_dataset_videos/5.mov,Right,210.1,21.5,105.3,0.1,-3.8,0.1374,1.2867,0.1354,0.6466,-1.0125,0.2232,0.4737,0.0007,-0.0507,0.0021,3,0,0,3,3
714,1096,./back_view_dataset_videos/5.mov,Left,186.8,18.9,147.5,-2.7,-3.0,-0.0456,1.1875,-0.0862,0.6309,-0.9781,-0.4377,0.7031,-0.022,-0.0427,0.0406,3,0,0,3,3
715,1108,./back_view_dataset_videos/5.mov,Right,204.5,63.4,108.7,172.8,172.9,-0.1733,1.7729,-0.1841,0.7701,-0.941,-0.53,0.5057,0.0466,0.0935,0.0108,3,0,0,0,0
716,1126,./back_view_dataset_videos/5.mov,Right,208.1,6.5,108.7,3.3,2.0,0.1001,1.5682,0.192,0.7452,-0.984,0.3419,0.3289,0.027,0.0283,-0.0919,3,3,0,3,3
717,1136,./back_view_dataset_videos/5.mov,Left,227.9,18.9,147.5,1.2,-3.2,-0.0761,1.2295,-0.0559,0.6673,-0.9735,-0.4951,0.7826,0.0098,-0.0481,-0.0201,3,0,0,3,3
718,1163,./back_view_dataset_videos/5.mov,Right,229.6,38.6,108.7,2.0,-2.6,0.127,1.6445,0.2126,0.771,-1.0195,0.41,0.573,0.0176,-0.0397,-0.0856,3,0,0,3,3
719,1181,./back_view_dataset_videos/5.mov,Left,230.9,65.1,147.5,-2.7,-1.9,-0.0499,1.4732,-0.1277,0.7106,-0.975,-0.604,0.9162,-0.0236,-0.0311,0.0778,3,0,0,3,3
720,1187,./back_view_dataset_videos/5.mov,Right,264.7,32.0,108.7,168.8,175.5,-0.0984,1.6408,-0.1547,0.7258,-0.9647,-0.4733,0.5393,0.0741,0.0558,0.0563,3,0,0,0,0
721,1205,./back_view_dataset_videos/5.mov,Right,268.2,11.0,108.7,3.6,-0.6,0.1558,1.667,0.2029,0.7655,-1.0047,0.4387,0.6278,0.0313,-0.0095,-0.0471,3,1,0,3,3
722,1217,./back_view_dataset_videos/5.mov,Left,284.1,17.2,147.5,-4.3,-2.1,-0.0151,1.1015,-0.1314,0.5817,-0.9837,-0.4551,0.6115,-0.0361,-0.0312,0.1162,3,0,0,3,3
723,1237,./back_view_dataset_videos/5.mov,Right,269.3,15.8,108.7,1.4,2.9,0.1576,1.051,0.1323,0.5945,-0.9782,0.3869,0.7322,0.0112,0.0428,0.0254,3,0,0,3,3
724,1258,./back_view_dataset_videos/5.mov,Left,265.7,21.2,147.5,-3.9,-6.9,-0.0741,1.1332,-0.1059,0.6052,-0.9463,-0.4848,0.6686,-0.0321,-0.1044,0.0318,3,0,0,3,3
725,1285,./back_view_dataset_videos/5.mov,Right,237.6,78.8,112.9,3.0,-0.4,0.1022,1.6209,0.1564,0.7761,-1.003,0.4137,0.63,0.0224,-0.0062,-0.0542,3,0,0,3,3
726,1301,./back_view_dataset_videos/5.mov,Left,249.0,65.3,147.5,-2.4,-2.3,-0.0522,1.2274,-0.1356,0.619,-0.9792,-0.5251,0.65,-0.0206,-0.0356,0.0834,3,0,0,3,3
727,1324,./back_view_dataset_videos/5.mov,Right,243.6,43.9,112.9,1.4,-1.3,0.1291,1.4728,0.1714,0.7283,-1.0105,0.4395,0.6786,0.0126,-0.022,-0.0423,3,0,0,3,3
728,1339,./back_view_dataset_videos/5.mov,Left,199.0,17.7,147.5,3.0,-5.7,-0.0751,1.1535,-0.0903,0.5799,-0.9599,-0.4324,0.5893,0.0234,-0.0785,0.0153,3,0,0,3,3
729,1367,./back_view_dataset_videos/5.mov,Right,190.2,21.8,112.9,1.9,-1.1,0.1152,1.6206,0.1989,0.7661,-1.008,0.4147,0.4811,0.0156,-0.016,-0.0837,3,0,0,3,3
730,1379,./back_view_dataset_videos/5.mov,Left,190.2,18.2,147.5,-6.4,-5.4,-0.0256,1.1282,-0.1097,0.5629,-0.9596,-0.4488,0.5572,-0.0545,-0.0801,0.0841,3,0,0,2,3
731,1420,./back_view_dataset_videos/5.mov,Left,178.7,39.4,147.5,-5.4,-2.4,-0.0291,1.0648,-0.1169,0.5112,-0.9814,-0.4415,0.5605,-0.047,-0.0372,0.0879,3,0,0,2,3
732,1441,./back_view_dataset_videos/5.mov,Right,178.7,41.0,112.9,3.4,-1.7,0.0694,1.2227,0.1035,0.6229,-1.0035,0.2801,0.497,0.0289,-0.0246,-0.0341,3,0,0,3,3
733,1469,./back_view_dataset_videos/5.mov,Left,178.1,19.6,147.5,-0.4,-1.0,-0.0031,1.6374,-0.1536,0.7651,-0.9921,-0.4664,0.6873,-0.0039,-0.0154,0.1505,3,0,0,3,3
734,1472,./back_view_dataset_videos/5.mov,Right,298.9,37.1,112.9,169.5,178.5,-0.1342,1.7827,-0.1827,0.8078,-0.9849,-0.4718,0.5319,0.0679,0.0192,0.0485,3,0,0,0,0
735,1499,./back_view_dataset_videos/5.mov,Left,296.1,22.4,147.5,0.7,-2.4,-0.0539,1.0083,-0.1076,0.536,-0.9828,-0.411,0.6013,0.006,-0.0345,0.0537,3,0,0,3,3
736,1525,./back_view_dataset_videos/5.mov,Right,283.5,30.2,112.9,4.8,-0.9,0.0797,1.4061,0.1354,0.6998,-1.0073,0.4485,0.7244,0.0422,-0.0161,-0.0557,3,0,0,3,3
737,23,./back_view_dataset_videos/6.mov,Right,0,33.4,39.0,178.8,179.8,0.0612,1.6893,-0.1115,0.841,-0.9989,-0.3482,0.4881,0.0032,0.002,0.1727,0,0,0,0,0
738,29,./back_view_dataset_videos/6.mov,Left,595.4,56.3,55.4,-0.5,3.3,-0.0186,1.6547,-0.2568,0.717,-1.0228,-0.5306,0.6952,-0.003,0.0516,0.2382,3,0,0,3,3
739,47,./back_view_dataset_videos/6.mov,Left,396.9,7.1,55.4,173.8,-176.9,0.0115,1.6728,0.0627,0.8102,-0.9773,0.4422,0.7359,0.0182,-0.0403,-0.0513,3,2,0,0,0
740,56,./back_view_dataset_videos/6.mov,Right,396.9,15.8,40.1,0.1,-1.3,0.1251,1.8473,0.1881,0.8172,-1.0104,0.5248,0.4081,0.0011,-0.0219,-0.063,3,0,0,3,3
741,71,./back_view_dataset_videos/6.mov,Left,357.2,12.1,55.4,-1.1,1.3,-0.2241,1.7507,-0.3608,0.8236,-1.0002,-0.5362,0.6677,-0.0084,0.0181,0.1367,3,1,0,3,3
742,73,./back_view_dataset_videos/6.mov,Right,643.0,10.9,40.1,-178.9,179.0,-0.095,1.7896,-0.282,0.8208,-0.9858,-0.533,0.6044,-0.009,0.0145,0.187,3,1,0,0,0
743,94,./back_view_dataset_videos/6.mov,Left,564.2,15.4,55.4,-5.8,-33.9,0.009,1.662,0.0023,0.7747,-0.975,-0.0976,0.0444,-0.006,-0.0459,0.0067,3,0,0,2,0
744,115,./back_view_dataset_videos/6.mov,Left,507.9,15.7,55.4,0.6,-1.9,-0.1902,1.6667,-0.3514,0.8126,-0.9781,-0.5831,0.7706,0.0057,-0.0318,0.1612,3,0,0,3,3
745,116,./back_view_dataset_videos/6.mov,Right,890.9,25.2,40.1,0.6,-2.2,-0.1194,1.6879,0.0017,0.7993,-0.9882,0.0851,0.0614,0.001,-0.0234,-0.1212,3,0,0,3,3
746,139,./back_view_dataset_videos/6.mov,Left,835.9,12.5,55.4,178.4,-179.5,0.1491,1.7159,0.214,0.8033,-0.9951,0.4195,0.6906,0.0132,-0.0084,-0.0648,3,1,0,0,0
747,160,./back_view_dataset_videos/6.mov,Left,832.4,20.0,55.4,0.3,0.3,-0.1476,1.7294,-0.2703,0.7975,-1.0022,-0.5501,0.7767,0.0029,0.006,0.1227,3,0,0,3,3
748,182,./back_view_dataset_videos/6.mov,Right,803.0,21.6,40.1,9.3,1.1,-0.023,1.6145,-0.0319,0.7877,-0.9932,0.3297,0.5121,0.0183,0.0098,0.009,3,0,0,1,3
749,202,./back_view_dataset_videos/6.mov,Left,795.6,13.2,55.4,-1.4,-2.2,-0.0488,1.6553,-0.2175,0.8512,-0.9797,-0.5192,0.7098,-0.0145,-0.0406,0.1687,3,1,0,3,3
750,208,./back_view_dataset_videos/6.mov,Right,646.8,8.3,40.1,178.2,179.5,-0.1542,1.9107,-0.3094,0.849,-0.9889,-0.5526,0.665,0.0161,0.0077,0.1552,3,2,0,0,0
751,236,./back_view_dataset_videos/6.mov,Right,641.4,6.3,40.1,0.5,1.8,0.1835,1.9471,0.2619,0.8287,-0.9814,0.476,0.6026,0.0051,0.0341,-0.0784,3,3,0,3,3
752,245,./back_view_dataset_videos/6.mov,Left,669.8,19.5,55.4,0.9,-2.2,-0.1029,1.6203,-0.2535,0.875,-0.9785,-0.5853,0.9103,0.0089,-0.0403,0.1506,3,0,0,3,3
753,268,./back_view_dataset_videos/6.mov,Right,242.7,8.7,40.1,1.2,-2.9,0.1259,1.5379,0.1982,0.8083,-1.0226,0.4233,0.7527,0.0112,-0.0486,-0.0723,3,2,0,3,3
754,292,./back_view_dataset_videos/6.mov,Left,241.9,11.8,55.4,1.1,-0.7,-0.1144,1.6055,-0.1858,0.8489,-0.9913,-0.5206,0.8237,0.0066,-0.0114,0.0714,3,1,0,3,3
755,311,./back_view_dataset_videos/6.mov,Right,244.1,10.8,40.1,0.4,-3.8,0.1921,1.5536,0.2446,0.854,-1.0259,0.3735,0.7177,0.004,-0.0629,-0.0525,3,1,0,3,3
756,332,./back_view_dataset_videos/6.mov,Left,245.1,16.8,55.4,0.5,0.6,-0.083,1.5777,-0.2164,0.8873,-1.0017,-0.5989,0.7398,0.005,0.0108,0.1334,3,0,0,3,3
757,356,./back_view_dataset_videos/6.mov,Right,241.4,45.6,51.3,3.4,-3.8,0.1331,1.5553,0.1726,0.8327,-1.0316,0.4812,0.922,0.0244,-0.0632,-0.0395,3,0,0,3,3
758,380,./back_view_dataset_videos/6.mov,Left,185.6,13.2,55.4,-2.0,-0.6,-0.0228,1.5976,-0.1736,0.8178,-0.9908,-0.5736,0.8806,-0.0185,-0.0093,0.1509,3,1,0,3,3
759,386,./back_view_dataset_videos/6.mov,Right,244.0,20.5,51.3,167.5,174.5,0.0198,1.9245,-0.1261,0.8073,-0.9598,-0.4479,0.5054,0.0414,0.057,0.146,3,0,0,0,0
760,415,./back_view_dataset_videos/6.mov,Right,209.8,10.5,51.3,1.4,-1.0,0.1072,1.9306,0.2224,0.9069,-1.0066,0.4636,0.542,0.0147,-0.018,-0.1152,3,1,0,3,3
761,419,./back_view_dataset_videos/6.mov,Left,302.0,25.7,55.4,0.5,-1.1,-0.0536,1.592,-0.2706,0.7739,-0.9877,-0.5939,0.817,0.0056,-0.0198,0.2169,3,0,0,3,3
762,446,./back_view_dataset_videos/6.mov,Right,300.0,47.5,54.7,170.2,1.0,0.0166,1.5314,-0.1004,0.8117,-0.996,0.2141,0.4991,0.0248,0.0079,0.117,3,0,0,0,3
763,464,./back_view_dataset_videos/6.mov,Left,301.3,18.9,55.4,1.7,-0.4,-0.1213,1.5616,-0.3707,0.8328,-0.9946,-0.5759,0.9363,0.0166,-0.0069,0.2494,3,0,0,3,3
764,490,./back_view_dataset_videos/6.mov,Right,297.2,6.1,54.7,1.1,-2.1,0.1122,1.6191,0.145,0.8212,-1.0177,0.468,0.8171,0.0107,-0.0371,-0.0327,3,3,0,3,3
765,512,./back_view_dataset_videos/6.mov,Left,298.9,16.2,55.4,0.5,0.1,-0.1361,1.5883,-0.3288,0.8163,-1.0008,-0.5538,0.7995,0.0049,0.0023,0.1926,3,0,0,3,3
766,517,./back_view_dataset_videos/6.mov,Right,369.6,7.0,54.7,-179.7,179.6,-0.1828,1.7008,-0.2574,0.7454,-0.9913,-0.5217,0.6001,-0.0024,0.0063,0.0746,3,2,0,0,0
767,538,./back_view_dataset_videos/6.mov,Right,316.4,11.5,54.7,2.0,-1.3,0.0677,1.6862,0.1457,0.8174,-1.0101,0.4381,0.6206,0.0184,-0.0217,-0.078,3,1,0,3,3
768,559,./back_view_dataset_videos/6.mov,Left,322.3,13.3,55.4,-1.0,-0.3,-0.0934,1.6729,-0.2377,0.8503,-0.9947,-0.5925,0.7758,-0.0095,-0.0046,0.1444,3,1,0,3,3
769,583,./back_view_dataset_videos/6.mov,Right,229.2,15.4,54.7,1.8,0.9,0.0014,1.6838,0.1111,0.8102,-0.9921,0.4577,0.6659,0.0169,0.0149,-0.1097,3,0,0,3,3
770,599,./back_view_dataset_videos/6.mov,Left,240.6,14.8,55.4,1.6,0.4,-0.0764,1.4966,-0.2549,0.8188,-1.0017,-0.524,0.7693,0.0154,0.0066,0.1785,3,1,0,3,3
771,607,./back_view_dataset_videos/6.mov,Right,271.6,12.5,54.7,176.3,179.5,-0.1426,1.8574,-0.3402,0.835,-0.991,-0.5815,0.7311,0.0386,0.009,0.1975,3,1,0,0,0
772,646,./back_view_dataset_videos/6.mov,Left,265.9,31.0,55.4,-1.2,-1.0,-0.0673,1.562,-0.2082,0.8028,-0.9885,-0.5847,0.7841,-0.0111,-0.018,0.1409,3,0,0,3,3
773,665,./back_view_dataset_videos/6.mov,Right,269.1,53.1,54.7,1.3,0.3,0.1583,1.5075,0.2174,0.8248,-0.9961,0.4556,0.6997,0.013,0.0059,-0.0592,3,0,0,3,3
774,691,./back_view_dataset_videos/6.mov,Left,197.0,13.6,55.4,-1.7,0.2,0.0031,1.6012,-0.1009,0.8092,-0.9979,-0.538,0.772,-0.0116,0.0037,0.104,3,1,0,3,3
775,715,./back_view_dataset_videos/6.mov,Right,194.3,15.1,54.7,2.9,0.0,0.087,1.6169,0.0537,0.797,-0.9997,0.442,0.686,0.0218,0.0,0.0333,3,0,0,3,3
776,733,./back_view_dataset_videos/6.mov,Left,197.9,15.2,55.4,0.3,-1.6,-0.1012,1.4232,-0.2717,0.7943,-0.9841,-0.5746,0.9086,0.0034,-0.0281,0.1705,3,0,0,3,3
777,758,./back_view_dataset_videos/6.mov,Right,197.1,33.1,54.7,157.9,-143.4,-0.0687,1.4684,-0.0641,0.7653,-1.0077,-0.1306,0.092,0.025,-0.028,-0.0046,3,0,0,0,0
778,778,./back_view_dataset_videos/6.mov,Left,191.5,19.2,55.4,-1.1,-2.1,0.0477,1.4233,-0.147,0.7599,-0.9792,-0.5674,0.8205,-0.0103,-0.0364,0.1946,3,0,0,3,3
779,799,./back_view_dataset_videos/6.mov,Right,157.0,23.6,54.7,-0.2,-2.0,0.1829,1.4831,0.258,0.8082,-1.012,0.384,0.7792,-0.002,-0.0334,-0.075,1,0,0,3,3
780,824,./back_view_dataset_videos/6.mov,Left,163.4,23.9,55.4,-1.9,-1.5,-0.0629,1.4102,-0.2223,0.7596,-0.987,-0.5055,0.8507,-0.017,-0.0259,0.1595,1,0,0,3,3
781,845,./back_view_dataset_videos/6.mov,Right,161.2,51.3,62.6,-1.0,-3.7,0.2389,1.4999,0.2826,0.8017,-1.0263,0.3858,0.817,-0.0104,-0.0611,-0.0437,1,0,0,3,3
782,871,./back_view_dataset_videos/6.mov,Left,161.2,15.0,55.4,-0.0,0.9,-0.0702,1.4514,-0.2109,0.7727,-1.0076,-0.5459,0.7814,-0.0001,0.0157,0.1407,1,1,0,3,3
783,878,./back_view_dataset_videos/6.mov,Right,206.3,26.9,62.6,173.5,178.3,-0.2009,1.8985,-0.2535,0.874,-0.9804,-0.5438,0.6071,0.0505,0.0262,0.0526,3,0,0,0,0
784,916,./back_view_dataset_videos/6.mov,Left,193.3,15.4,55.4,-1.2,-1.8,-0.0515,1.6172,-0.1613,0.8117,-0.982,-0.5557,0.8434,-0.0104,-0.0302,0.1097,3,0,0,3,3
785,940,./back_view_dataset_videos/6.mov,Right,194.0,29.8,62.6,3.5,-1.5,0.0896,1.6735,0.132,0.8458,-1.0113,0.4419,0.8427,0.0318,-0.0255,-0.0424,3,0,0,3,3
786,961,./back_view_dataset_videos/6.mov,Left,193.0,13.9,55.4,-0.4,0.3,-0.0992,1.5589,-0.2354,0.8073,-1.0011,-0.5998,0.8257,-0.0038,0.0058,0.1363,3,1,0,3,3
787,989,./back_view_dataset_videos/6.mov,Right,187.6,43.5,62.6,1.7,0.8,0.1815,1.6895,0.2029,0.7254,-0.9951,0.3385,0.4733,0.0087,0.0097,-0.0214,3,0,0,3,3
788,1010,./back_view_dataset_videos/6.mov,Right,191.1,33.6,62.6,175.9,178.2,-0.1383,1.6839,-0.2622,0.8036,-0.9827,-0.505,0.7506,0.0296,0.0267,0.1239,3,0,0,0,0
789,1012,./back_view_dataset_videos/6.mov,Left,393.0,24.5,55.4,2.2,0.8,-0.0885,1.6789,-0.2951,0.7966,-0.9876,-0.4355,0.522,0.0061,0.0072,0.2066,3,0,0,3,3
790,1054,./back_view_dataset_videos/6.mov,Left,386.5,39.2,56.4,-2.1,-1.8,-0.0406,1.5214,-0.1899,0.7689,-0.9831,-0.5401,0.7806,-0.0187,-0.0309,0.1494,3,0,0,3,3
791,1079,./back_view_dataset_videos/6.mov,Right,340.6,37.6,62.6,5.0,-0.1,0.0608,1.688,-0.0004,0.8233,-1.0003,0.2748,0.3075,0.0158,-0.0009,0.0612,3,0,0,2,3
792,1099,./back_view_dataset_videos/6.mov,Left,351.2,20.8,56.4,-10.4,178.8,-0.169,1.5922,-0.1805,0.7978,-1.0046,0.244,0.4015,-0.0075,0.0135,0.0116,3,0,0,0,0
793,1127,./back_view_dataset_videos/6.mov,Right,348.5,39.6,62.6,1.9,4.0,0.0764,1.834,0.2316,0.8207,-0.9716,0.3835,0.3801,0.0119,0.0563,-0.1552,3,0,0,3,3
794,1147,./back_view_dataset_videos/6.mov,Left,349.6,41.2,56.4,-0.5,1.4,0.05,1.6323,-0.2075,0.7799,-0.98,-0.4708,0.5011,-0.0022,0.0116,0.2575,3,0,0,3,3
795,1150,./back_view_dataset_videos/6.mov,Right,482.4,24.5,62.6,176.6,-179.0,-0.0263,1.799,-0.2607,0.7913,-0.9993,-0.5544,0.657,0.0235,-0.0144,0.2344,3,0,0,0,0
796,1175,./back_view_dataset_videos/6.mov,Right,479.0,8.4,62.6,0.4,1.7,0.1426,1.883,0.1982,0.7569,-0.9872,0.4504,0.0174,0.0034,0.0248,-0.0556,3,2,0,3,3
797,1189,./back_view_dataset_videos/6.mov,Left,287.7,18.6,56.4,-0.5,-2.3,-0.0883,1.5166,-0.309,0.7815,-0.9798,-0.5139,0.8183,-0.0045,-0.04,0.2207,3,0,0,3,3
798,1234,./back_view_dataset_videos/6.mov,Left,287.0,12.2,56.4,-0.3,-0.7,-0.0833,1.5486,-0.2446,0.8022,-0.9922,-0.5863,0.7967,-0.0032,-0.0136,0.1612,3,1,0,3,3
799,1237,./back_view_dataset_videos/6.mov,Right,418.0,52.5,62.6,-0.8,-0.7,0.0045,1.7134,-0.0169,0.753,-0.9977,0.3647,0.6668,-0.0056,-0.0115,0.0214,3,0,0,3,3
800,14,./back_view_dataset_videos/7.mov,Left,0,6.3,8.1,-3.9,3.2,-0.1449,1.6311,-0.1635,0.7336,-1.0259,-0.4529,0.5551,-0.0261,0.0523,0.0186,0,3,2,3,3
801,31,./back_view_dataset_videos/7.mov,Left,208.3,9.7,11.5,0.7,-1.6,-0.1919,1.5804,-0.321,0.7757,-0.9841,-0.5733,0.7444,0.0067,-0.0306,0.1291,3,2,1,3,3
802,38,./back_view_dataset_videos/7.mov,Right,357.0,13.3,27.5,172.4,178.9,-0.2773,1.8425,-0.3004,0.8021,-0.9825,-0.5392,0.6703,0.0421,0.0156,0.0231,3,1,0,0,0
803,65,./back_view_dataset_videos/7.mov,Right,281.7,10.4,32.4,1.6,2.4,0.1996,1.7929,0.2176,0.8419,-0.9779,0.5485,0.4091,0.0141,0.04,-0.018,3,1,0,3,3
804,80,./back_view_dataset_videos/7.mov,Left,270.3,24.7,33.5,0.4,-1.5,-0.0847,1.563,-0.2671,0.7876,-0.9865,-0.5205,0.737,0.0035,-0.027,0.1824,3,0,0,3,3
805,107,./back_view_dataset_videos/7.mov,Right,242.5,24.2,32.4,-0.5,2.3,0.2276,1.6955,0.2151,0.8337,-0.9795,0.4984,0.6059,-0.0044,0.041,0.0125,3,0,0,3,3
806,128,./back_view_dataset_videos/7.mov,Left,230.1,14.7,33.5,0.0,-0.5,-0.2329,1.5717,-0.355,0.7818,-0.9945,-0.5653,0.7717,0.0002,-0.0096,0.122,3,1,0,3,3
807,151,./back_view_dataset_videos/7.mov,Right,219.3,32.3,44.6,2.9,-0.9,-0.1665,1.6172,-0.0221,0.8132,-1.0049,0.3417,0.5539,0.0155,-0.0125,-0.1444,3,0,0,3,3
808,173,./back_view_dataset_videos/7.mov,Left,212.0,15.7,33.5,-2.1,-0.0,-0.1299,1.6359,-0.2893,0.8281,-0.9972,-0.5854,0.9721,-0.0217,-0.0006,0.1594,3,0,0,3,3
809,199,./back_view_dataset_videos/7.mov,Right,203.0,18.0,44.6,-4.7,-3.8,-0.0179,1.6856,0.1317,0.8396,-1.0193,0.2548,0.2953,-0.0211,-0.0417,-0.1496,3,0,0,3,3
810,220,./back_view_dataset_videos/7.mov,Left,160.8,6.4,33.5,-0.7,-0.1,-0.1951,1.4782,-0.2609,0.7751,-0.9993,-0.5312,0.958,-0.007,-0.0009,0.0658,1,3,0,3,3
811,239,./back_view_dataset_videos/7.mov,Right,167.7,23.8,44.6,1.4,-3.6,0.1898,1.4569,0.2273,0.7914,-1.0235,0.3557,0.632,0.0131,-0.0559,-0.0374,2,0,0,3,3
812,268,./back_view_dataset_videos/7.mov,Left,153.5,11.8,33.5,-0.9,-0.6,-0.1993,1.5347,-0.2842,0.7717,-0.9939,-0.5854,0.8975,-0.0087,-0.0108,0.085,1,1,0,3,3
813,289,./back_view_dataset_videos/7.mov,Right,158.1,8.0,44.6,3.1,-0.9,0.0031,1.5227,0.063,0.7982,-1.0028,0.352,0.1415,0.0178,-0.0138,-0.0599,1,2,0,3,3
814,308,./back_view_dataset_videos/7.mov,Left,160.4,23.5,33.5,0.4,1.9,-0.1576,1.536,-0.277,0.8271,-1.016,-0.5856,0.9402,0.004,0.0355,0.1193,1,0,0,3,3
815,319,./back_view_dataset_videos/7.mov,Right,181.4,14.1,44.6,0.6,-2.4,-0.1196,1.786,0.066,0.8152,-1.0061,0.2725,0.5744,0.003,-0.0362,-0.1856,3,1,0,3,3
816,347,./back_view_dataset_videos/7.mov,Right,177.0,5.4,44.6,0.1,3.0,0.2638,1.7884,0.2602,0.8258,-0.9689,0.4841,0.5553,0.0009,0.0574,0.0036,3,3,0,3,3
817,359,./back_view_dataset_videos/7.mov,Left,196.9,14.0,33.5,-0.3,-2.9,-0.1561,1.6074,-0.3115,0.8107,-0.9683,-0.6284,0.8403,-0.0025,-0.053,0.1554,3,1,0,3,3
818,380,./back_view_dataset_videos/7.mov,Right,196.9,11.7,44.6,-0.0,-2.7,0.247,1.6052,0.2419,0.8243,-1.0233,0.478,0.672,-0.0003,-0.0486,0.0051,3,1,0,3,3
819,406,./back_view_dataset_videos/7.mov,Left,190.6,9.8,33.5,1.4,1.5,-0.062,1.6428,-0.1513,0.795,-1.0068,-0.5547,0.8689,0.0067,0.0232,0.0893,3,2,0,3,3
820,409,./back_view_dataset_videos/7.mov,Right,322.9,20.6,44.6,0.7,-0.2,-0.0218,1.6727,0.0382,0.8131,-0.9908,0.3308,0.4965,0.0047,-0.0041,-0.06,3,0,0,3,3
821,452,./back_view_dataset_videos/7.mov,Left,312.1,13.2,33.5,-2.3,-2.4,-0.0581,1.5136,-0.2007,0.7854,-0.9741,-0.5957,0.8125,-0.0227,-0.0408,0.1426,3,1,0,3,3
822,475,./back_view_dataset_videos/7.mov,Right,308.1,35.0,44.6,0.1,-2.3,0.0737,1.5206,0.1788,0.7636,-1.0179,0.4287,0.6771,0.0014,-0.0407,-0.1052,3,0,0,3,3
823,493,./back_view_dataset_videos/7.mov,Left,292.4,10.2,33.5,2.2,-1.5,-0.0406,1.5957,-0.1715,0.8649,-0.9845,-0.5753,0.7367,0.021,-0.0277,0.1309,3,1,0,3,3
824,506,./back_view_dataset_videos/7.mov,Right,310.6,10.6,44.6,-159.7,-9.5,-0.0317,1.6833,-0.0681,0.6799,-0.9353,-0.3274,0.1393,-0.0206,-0.0154,0.0364,3,1,0,0,2
825,508,./back_view_dataset_videos/7.mov,Left,495.0,8.7,33.5,-6.9,-4.3,0.0192,1.9802,-0.1567,0.8358,-0.9497,-0.5087,0.5472,-0.0337,-0.0401,0.1759,3,2,0,2,3
826,538,./back_view_dataset_videos/7.mov,Right,488.7,11.3,44.6,0.5,-0.2,0.1353,1.8973,0.1324,0.891,-1.0017,0.5605,0.6408,0.0038,-0.0041,0.0029,3,1,0,3,3
827,541,./back_view_dataset_videos/7.mov,Left,619.2,8.6,33.5,1.9,1.2,-0.124,1.5589,-0.2339,0.8296,-1.0102,-0.5237,0.8251,0.0163,0.0206,0.1098,3,2,0,3,3
828,14,./back_view_dataset_videos/8.mov,Right,0,5.8,8.7,1.1,-0.8,-0.0401,1.4689,0.0265,0.7795,-1.0063,0.4735,0.6817,0.0083,-0.0152,-0.0666,0,3,2,3,3
829,40,./back_view_dataset_videos/8.mov,Left,138.1,13.1,18.1,-0.6,-1.1,-0.0863,1.5925,-0.2431,0.7559,-0.9854,-0.5967,0.8299,-0.005,-0.0199,0.1567,0,1,0,3,3
830,61,./back_view_dataset_videos/8.mov,Right,154.5,24.9,39.1,2.1,0.2,0.0805,1.4437,0.1149,0.7618,-0.9966,0.4516,0.6821,0.0218,0.004,-0.0343,1,0,0,3,3
831,85,./back_view_dataset_videos/8.mov,Left,152.9,14.8,18.1,1.4,-0.8,-0.0866,1.5261,-0.2593,0.7798,-0.9924,-0.5414,0.8721,0.0143,-0.0153,0.1727,1,1,0,3,3
832,104,./back_view_dataset_videos/8.mov,Right,161.9,9.2,39.1,-0.5,-2.2,0.1106,1.3866,0.1632,0.7402,-1.0159,0.3951,0.6246,-0.0044,-0.0362,-0.0526,1,2,0,3,3
833,130,./back_view_dataset_videos/8.mov,Left,157.1,17.1,19.9,-1.7,-1.6,-0.1063,1.4527,-0.3145,0.7461,-0.982,-0.6065,0.8946,-0.0169,-0.0286,0.2083,1,0,0,3,3
834,155,./back_view_dataset_videos/8.mov,Left,154.9,11.1,38.3,179.6,-172.8,-0.0679,1.5471,-0.0111,0.7737,-0.9891,0.0704,0.4074,0.0012,-0.0216,-0.0568,1,1,0,0,0
835,166,./back_view_dataset_videos/8.mov,Right,179.4,12.1,39.1,1.6,2.5,0.0942,1.7978,0.1845,0.809,-0.9764,0.557,0.6213,0.0155,0.0455,-0.0904,3,1,0,3,3
836,176,./back_view_dataset_videos/8.mov,Left,201.8,19.8,38.3,1.9,-0.1,-0.1369,1.526,-0.3644,0.8019,-0.999,-0.5205,0.8589,0.0189,-0.0021,0.2275,3,0,0,3,3
837,200,./back_view_dataset_videos/8.mov,Right,203.3,9.7,39.1,1.9,-0.1,0.0864,1.5318,0.1492,0.7614,-1.0006,0.4784,0.6796,0.0194,-0.002,-0.0628,3,2,0,3,3
838,224,./back_view_dataset_videos/8.mov,Left,200.6,10.9,38.3,0.7,0.1,-0.2291,1.5438,-0.3771,0.7705,-1.0007,-0.5556,0.8412,0.0069,0.0018,0.148,3,1,0,3,3
839,227,./back_view_dataset_videos/8.mov,Right,331.5,23.9,39.1,176.1,178.5,-0.2425,1.7211,-0.2488,0.76,-0.9883,-0.3844,0.7405,0.0101,0.0155,0.0063,3,0,0,0,0
840,269,./back_view_dataset_videos/8.mov,Left,318.5,18.8,39.2,0.2,0.1,-0.0633,1.4807,-0.1996,0.7873,-0.9992,-0.5676,0.8359,0.0023,0.0014,0.1363,3,0,0,3,3
841,274,./back_view_dataset_videos/8.mov,Right,391.0,20.2,39.1,-0.4,0.7,0.0519,1.6688,-0.0063,0.7488,-0.9886,0.3213,0.359,-0.0015,0.011,0.0582,3,0,0,3,3
842,299,./back_view_dataset_videos/8.mov,Right,391.0,11.7,39.1,1.2,3.6,-0.0244,1.6327,0.1252,0.7721,-0.9667,0.5632,0.7621,0.0108,0.0637,-0.1496,3,1,0,3,3
843,319,./back_view_dataset_videos/8.mov,Left,372.7,22.4,39.2,0.3,1.0,-0.0684,1.5468,-0.3202,0.8015,-1.0091,-0.525,0.9489,0.0025,0.0185,0.2519,3,0,0,3,3
844,352,./back_view_dataset_videos/8.mov,Right,341.4,15.5,39.1,0.5,3.1,0.2281,1.8552,0.2941,0.8111,-0.9713,0.5305,0.5671,0.0047,0.0573,-0.066,3,0,0,3,3
845,364,./back_view_dataset_videos/8.mov,Left,360.1,18.3,39.2,0.1,-2.0,-0.1065,1.5963,-0.2614,0.8007,-0.98,-0.5877,0.8872,0.0014,-0.0372,0.1549,3,0,0,3,3
846,386,./back_view_dataset_videos/8.mov,Right,361.8,33.7,44.3,3.6,0.3,0.0484,1.5616,0.1433,0.7933,-0.9963,0.4583,0.619,0.037,0.0056,-0.0949,3,0,0,3,3
847,410,./back_view_dataset_videos/8.mov,Left,230.9,13.3,39.2,-1.4,-1.1,-0.1258,1.5695,-0.2732,0.7836,-0.9895,-0.5457,0.8583,-0.013,-0.0199,0.1474,3,1,0,3,3
848,413,./back_view_dataset_videos/8.mov,Right,369.8,14.4,44.3,-33.4,-0.6,-0.1023,1.5727,-0.1484,0.7008,-0.9902,0.1714,0.1917,-0.0274,-0.0067,0.0461,3,1,0,0,3
850,481,./back_view_dataset_videos/8.mov,Right,289.1,34.0,44.3,162.8,179.7,0.0047,1.5254,-0.0065,0.7863,-0.9975,-0.3976,0.6114,0.0258,0.0035,0.0112,3,0,0,0,0
851,527,./back_view_dataset_videos/8.mov,Right,276.4,6.7,44.3,1.7,0.4,0.0967,1.5632,0.1634,0.8194,-0.9947,0.4713,0.7935,0.0173,0.008,-0.0667,3,3,0,3,3
852,574,./back_view_dataset_videos/8.mov,Right,272.4,4.8,44.3,1.1,0.8,0.1277,1.6256,0.1918,0.831,-0.9903,0.4159,0.6929,0.0102,0.0143,-0.0641,3,3,0,3,3
853,617,./back_view_dataset_videos/8.mov,Right,245.4,8.3,44.3,2.9,2.0,0.1081,1.5661,0.1893,0.8067,-0.9773,0.4551,0.6878,0.0286,0.0383,-0.0812,3,2,0,3,3
854,664,./back_view_dataset_videos/8.mov,Right,234.5,16.8,44.3,2.0,-0.3,0.1533,1.5714,0.2317,0.7977,-1.0016,0.4634,0.7256,0.0196,-0.0054,-0.0784,3,0,0,3,3
855,710,./back_view_dataset_videos/8.mov,Right,225.6,20.0,44.3,3.0,0.4,0.0862,1.5675,0.1737,0.7907,-0.9966,0.5135,0.7924,0.0282,0.0067,-0.0875,3,0,0,3,3
856,757,./back_view_dataset_videos/8.mov,Right,85.6,30.7,47.1,2.0,-0.6,0.0858,1.5926,0.2233,0.823,-1.0055,0.5129,0.7685,0.0197,-0.0113,-0.1375,0,0,0,3,3
857,805,./back_view_dataset_videos/8.mov,Right,83.4,6.7,47.1,2.0,0.7,0.1153,1.5784,0.166,0.798,-0.9936,0.4667,0.7629,0.0186,0.0116,-0.0507,0,3,0,3,3
858,850,./back_view_dataset_videos/8.mov,Right,77.9,22.6,47.1,9.7,-7.2,-0.0309,1.6076,0.03,0.8247,-0.9981,-0.0784,0.07,0.0337,-0.0119,-0.061,0,0,0,1,2
859,895,./back_view_dataset_videos/8.mov,Right,78.1,17.3,47.1,0.6,-2.4,0.1716,1.5471,0.2457,0.8052,-1.0199,0.4488,0.7078,0.006,-0.0412,-0.074,0,0,0,3,3
860,926,./back_view_dataset_videos/8.mov,Right,83.1,28.2,47.1,172.6,176.7,-0.2318,1.8785,-0.2387,0.8979,-0.9668,-0.5015,0.6334,0.042,0.0389,0.0069,0,0,0,0,0
861,946,./back_view_dataset_videos/8.mov,Right,95.1,10.3,47.1,2.5,1.2,0.0828,1.7805,0.1921,0.8362,-0.9891,0.526,0.8006,0.0251,0.0217,-0.1093,0,1,0,3,3
862,991,./back_view_dataset_videos/8.mov,Right,95.5,11.7,47.1,1.5,0.6,0.1112,1.6173,0.208,0.8184,-0.9935,0.469,0.6978,0.0148,0.0115,-0.0968,0,1,0,3,3
863,1018,./back_view_dataset_videos/8.mov,Right,102.3,5.8,47.1,178.3,179.3,-0.2299,1.802,-0.333,0.7918,-0.9905,-0.4777,0.6683,0.0111,0.0099,0.103,0,3,0,0,0
864,1042,./back_view_dataset_videos/8.mov,Right,111.5,10.7,47.1,1.8,2.7,-0.0008,1.7989,0.1423,0.8529,-0.9744,0.4792,0.6799,0.0183,0.049,-0.1431,0,1,0,3,3
864,14,./back_view_dataset_videos/9.mov,Left,0,9.0,7.9,-1.9,-2.2,-0.0096,1.4663,-0.1139,0.688,-0.9799,-0.5414,0.7913,-0.0182,-0.0382,0.1043,0,2,2,3,3
865,17,./back_view_dataset_videos/9.mov,Right,1197.1,37.7,72.9,171.8,176.9,-0.0054,1.6629,-0.1366,0.7101,-0.9652,-0.5673,0.5964,0.056,0.045,0.1312,3,0,0,0,0
866,37,./back_view_dataset_videos/9.mov,Right,688.4,5.8,72.9,3.4,2.4,0.0741,1.661,0.1574,0.8093,-0.9784,0.5331,0.6875,0.0301,0.0417,-0.0833,3,3,0,3,3
867,58,./back_view_dataset_videos/9.mov,Left,515.9,20.0,41.4,-1.9,-0.5,-0.0353,1.6438,-0.192,0.7551,-0.9945,-0.552,0.7426,-0.0204,-0.0093,0.1567,3,0,0,3,3
868,80,./back_view_dataset_videos/9.mov,Left,427.7,49.4,65.1,-176.2,178.2,0.1614,1.6361,0.2378,0.7552,-1.0127,0.4577,0.5797,-0.0283,0.0266,-0.0764,3,0,0,0,0
869,100,./back_view_dataset_videos/9.mov,Left,378.1,13.2,65.1,-0.7,-0.6,-0.0785,1.6811,-0.2195,0.7889,-0.9941,-0.5505,0.7433,-0.0075,-0.0104,0.141,3,1,0,3,3
870,101,./back_view_dataset_videos/9.mov,Right,913.7,55.8,72.9,168.2,177.2,-0.0567,1.6726,-0.1619,0.7126,-0.9703,-0.5303,0.6693,0.0703,0.0381,0.1052,3,0,0,0,0
871,122,./back_view_dataset_videos/9.mov,Left,807.6,60.6,65.1,-176.2,176.3,0.2054,1.6566,0.2354,0.7417,-1.0265,0.4876,0.5449,-0.0301,0.0558,-0.03,3,0,0,0,0
872,143,./back_view_dataset_videos/9.mov,Right,728.0,24.5,72.9,170.0,170.5,-0.0166,1.6273,-0.122,0.672,-0.9238,-0.5381,0.6622,0.0547,0.1281,0.1055,3,0,0,0,0
873,175,./back_view_dataset_videos/9.mov,Left,592.4,55.4,81.2,-2.4,-2.0,0.0035,1.2539,-0.0363,0.645,-0.9828,-0.5053,0.7422,-0.0195,-0.0328,0.0398,3,0,0,3,3
874,187,./back_view_dataset_videos/9.mov,Right,607.4,60.3,91.5,173.5,171.8,-0.0664,1.6514,0.0156,0.6891,-0.9383,-0.5015,0.5592,0.0258,0.0994,-0.082,3,0,0,0,0
875,203,./back_view_dataset_videos/9.mov,Right,614.0,3.8,91.5,1.7,-1.1,0.0958,1.5815,0.1474,0.7964,-1.0097,0.5625,0.7756,0.0172,-0.0208,-0.0516,3,3,0,3,3
876,208,./back_view_dataset_videos/9.mov,Left,683.4,46.6,91.4,176.2,178.1,0.1681,1.748,0.1823,0.7413,-1.0134,0.4454,0.5891,0.0157,0.0279,-0.0143,3,0,0,0,0
877,226,./back_view_dataset_videos/9.mov,Left,685.9,8.7,91.4,-0.1,0.5,-0.0181,1.6402,-0.1416,0.7605,-1.003,-0.5576,0.8283,-0.0008,0.0087,0.1235,3,2,0,3,3
878,229,./back_view_dataset_videos/9.mov,Right,386.6,47.6,91.5,169.7,173.5,-0.0519,1.6652,-0.1853,0.7292,-0.9496,-0.5018,0.6811,0.0749,0.0901,0.1335,3,0,0,0,0
879,254,./back_view_dataset_videos/9.mov,Left,383.2,34.1,91.4,176.3,-179.6,0.0703,1.5823,0.1401,0.6753,-0.9968,0.4249,0.4176,0.0171,-0.0053,-0.0699,3,0,0,0,0
880,268,./back_view_dataset_videos/9.mov,Left,393.9,8.1,91.4,-1.0,-0.3,-0.0036,1.582,-0.1273,0.7167,-0.9975,-0.5328,0.7535,-0.0111,-0.0046,0.1237,3,2,0,3,3
881,274,./back_view_dataset_videos/9.mov,Right,454.7,45.6,99.1,175.5,177.8,-0.001,1.6647,-0.0876,0.6578,-0.9799,-0.437,0.483,0.0117,0.0241,0.0867,3,0,0,0,0
882,289,./back_view_dataset_videos/9.mov,Right,447.2,47.4,99.1,2.6,0.7,0.0686,1.6027,0.1364,0.8,-0.9913,0.5564,0.7585,0.0228,0.0128,-0.0678,3,0,0,3,3
883,302,./back_view_dataset_videos/9.mov,Left,453.7,57.5,91.4,0.9,-0.4,-0.171,1.2381,-0.2099,0.6221,-0.9961,-0.474,0.8413,0.0093,-0.0066,0.0389,3,0,0,3,3
884,323,./back_view_dataset_videos/9.mov,Right,385.3,46.5,99.1,3.9,-2.7,0.1278,1.2684,0.1221,0.6604,-1.0186,0.3788,0.8198,0.036,-0.0434,0.0057,3,0,0,3,3
885,353,./back_view_dataset_videos/9.mov,Left,375.3,32.3,91.4,-0.6,1.4,-0.0389,1.6282,-0.1626,0.775,-1.0127,-0.5192,0.6859,-0.0063,0.0255,0.1238,3,0,0,3,3
886,365,./back_view_dataset_videos/9.mov,Right,263.1,65.5,109.9,3.9,-0.3,0.1961,1.2304,0.1928,0.6353,-1.0028,0.5011,0.8318,0.0371,-0.0057,0.0033,3,0,0,3,3
887,397,./back_view_dataset_videos/9.mov,Left,259.1,75.9,91.4,0.6,0.3,0.0758,1.6813,-0.1782,0.7467,-1.0019,-0.5392,0.726,0.0053,0.0054,0.2539,3,0,0,3,3
888,413,./back_view_dataset_videos/9.mov,Right,255.1,44.3,109.9,5.2,0.9,0.0266,1.5031,0.1198,0.7432,-0.9909,0.5581,0.7706,0.0529,0.0177,-0.0931,3,0,0,2,3
889,428,./back_view_dataset_videos/9.mov,Left,210.2,46.3,91.4,0.4,-0.8,-0.1142,1.2325,-0.1642,0.5965,-0.9928,-0.4888,0.7375,0.0038,-0.0143,0.0499,3,0,0,3,3
890,449,./back_view_dataset_videos/9.mov,Right,201.7,41.6,109.9,-2.3,-1.9,0.1368,1.2019,0.1484,0.599,-1.014,0.3982,0.7672,-0.0204,-0.0304,-0.0116,3,0,0,3,3
891,481,./back_view_dataset_videos/9.mov,Left,181.2,46.3,91.4,-0.2,1.7,0.0414,1.599,-0.1599,0.7812,-1.0153,-0.4979,0.698,-0.0024,0.0306,0.2013,3,0,0,3,3
892,493,./back_view_dataset_videos/9.mov,Right,197.2,89.4,109.9,-0.8,-3.0,0.0883,1.2721,0.1309,0.6749,-1.025,0.4534,0.8521,-0.0076,-0.0517,-0.0426,3,0,0,3,3
893,518,./back_view_dataset_videos/9.mov,Left,200.2,38.4,91.4,-4.2,-3.1,-0.098,1.3272,-0.1384,0.7199,-0.9693,-0.5947,0.8809,-0.043,-0.0607,0.0404,3,0,0,3,3
894,526,./back_view_dataset_videos/9.mov,Right,218.9,40.3,109.9,174.1,175.9,-0.054,1.6001,-0.1295,0.7042,-0.9716,-0.4283,0.5728,0.0315,0.0511,0.0755,3,0,0,0,0
895,547,./back_view_dataset_videos/9.mov,Left,226.3,74.4,91.4,-129.2,178.8,0.0686,1.4651,-0.1112,0.627,-1.003,0.3092,0.47,-0.0571,0.0102,0.1798,3,0,0,0,0
896,563,./back_view_dataset_videos/9.mov,Left,226.3,18.5,91.4,-1.1,-1.3,-0.0454,1.4579,-0.1476,0.6912,-0.9876,-0.5306,0.7689,-0.0113,-0.0248,0.1022,3,0,0,3,3
897,569,./back_view_dataset_videos/9.mov,Right,271.1,63.0,109.9,172.6,176.4,-0.0915,1.6675,-0.1726,0.7303,-0.9707,-0.4912,0.5507,0.0528,0.05,0.0812,3,0,0,0,0
898,587,./back_view_dataset_videos/9.mov,Right,274.7,6.4,109.9,4.5,-2.4,0.0884,1.6466,0.1864,0.7669,-1.0187,0.5697,0.7735,0.0445,-0.0426,-0.0979,3,3,0,3,3
899,601,./back_view_dataset_videos/9.mov,Left,292.7,26.5,91.4,-4.6,-1.0,-0.0128,1.2255,-0.0419,0.6271,-0.9932,-0.4044,0.5782,-0.0223,-0.0137,0.0291,3,0,0,3,3
900,622,./back_view_dataset_videos/9.mov,Right,276.7,18.6,109.9,5.5,-1.0,0.0805,1.3399,0.0474,0.6985,-1.0078,0.4619,0.8549,0.0482,-0.0175,0.0332,3,0,0,2,3
901,640,./back_view_dataset_videos/9.mov,Left,283.7,66.0,91.4,1.7,-1.6,-0.1399,1.1725,-0.1463,0.5604,-0.98,-0.3831,0.7448,0.0165,-0.028,0.0064,3,0,0,3,3
902,656,./back_view_dataset_videos/9.mov,Right,255.6,38.8,109.9,173.6,173.9,-0.2321,1.8495,-0.1642,0.8856,-0.9397,-0.615,0.5682,0.0569,0.103,-0.0679,3,0,0,0,0
903,673,./back_view_dataset_videos/9.mov,Right,260.7,9.8,109.9,2.3,-1.0,0.0565,1.6094,0.2029,0.7628,-1.0069,0.5345,0.7186,0.0217,-0.0172,-0.1464,3,2,0,3,3
904,682,./back_view_dataset_videos/9.mov,Left,282.5,19.3,91.4,1.5,-0.4,-0.1585,1.2704,-0.1498,0.6026,-0.9956,-0.4383,0.7405,0.0154,-0.0069,-0.0087,3,0,0,3,3
905,700,./back_view_dataset_videos/9.mov,Right,232.6,30.4,109.9,177.0,175.3,-0.1852,1.7283,-0.2114,0.7301,-0.9571,-0.5472,0.6052,0.0211,0.0685,0.0262,3,0,0,0,0
906,715,./back_view_dataset_videos/9.mov,Right,237.6,7.8,109.9,2.7,0.7,0.0959,1.5911,0.2088,0.772,-0.9931,0.5534,0.7918,0.0264,0.0123,-0.1129,3,2,0,3,3
907,727,./back_view_dataset_videos/9.mov,Left,242.9,26.3,91.4,0.5,-2.1,-0.1533,1.1659,-0.1428,0.5614,-0.9812,-0.448,0.7332,0.0047,-0.0363,-0.0105,3,0,0,3,3
908,742,./back_view_dataset_videos/9.mov,Right,251.5,19.6,109.9,169.1,177.3,-0.1638,1.702,-0.2426,0.7477,-0.9664,-0.5687,0.6293,0.0904,0.0374,0.0789,3,0,0,0,0
909,781,./back_view_dataset_videos/9.mov,Left,238.1,28.8,91.4,-0.9,2.3,-0.0118,1.6358,-0.1238,0.7722,-1.0215,-0.5184,0.7486,-0.0094,0.043,0.112,3,0,0,3,3
910,793,./back_view_dataset_videos/9.mov,Right,247.4,31.7,109.9,1.0,-3.4,0.0856,1.2362,0.081,0.5892,-1.0264,0.4189,0.7301,0.0092,-0.0542,0.0046,3,0,0,3,3
911,812,./back_view_dataset_videos/9.mov,Left,244.6,31.6,91.4,2.3,-3.3,-0.082,1.1092,-0.1042,0.5497,-0.9665,-0.3829,0.603,0.0187,-0.0564,0.0222,3,0,0,3,3
912,838,./back_view_dataset_videos/9.mov,Right,212.0,25.9,109.9,5.1,0.9,0.0218,1.2287,0.0579,0.6076,-0.991,0.4065,0.7602,0.0456,0.0151,-0.0361,3,0,0,2,3
913,857,./back_view_dataset_videos/9.mov,Left,210.7,26.0,91.4,0.7,-1.7,-0.1444,1.1486,-0.1568,0.5992,-0.9855,-0.5045,0.7796,0.0068,-0.0287,0.0124,3,0,0,3,3
914,871,./back_view_dataset_videos/9.mov,Right,212.9,48.4,109.9,173.1,175.7,-0.1431,1.6728,-0.2272,0.7274,-0.959,-0.5508,0.5139,0.0523,0.0628,0.0841,3,0,0,0,0
915,901,./back_view_dataset_videos/9.mov,Left,190.4,11.1,91.4,3.2,-1.3,-0.1334,1.1426,-0.1563,0.5901,-0.9882,-0.4529,0.7895,0.0304,-0.0226,0.0229,3,1,0,3,3
916,922,./back_view_dataset_videos/9.mov,Right,181.9,41.4,109.9,-5.4,3.3,0.1662,1.1252,0.1734,0.595,-0.9697,0.234,0.587,-0.0479,0.0422,-0.0072,3,0,0,2,3
917,953,./back_view_dataset_videos/9.mov,Left,184.8,61.0,113.3,-1.1,5.1,0.0746,1.5668,-0.0805,0.7577,-1.0428,-0.4409,0.6814,-0.0104,0.0906,0.1551,3,0,0,3,3
918,971,./back_view_dataset_videos/9.mov,Right,172.4,84.9,118.0,6.8,-0.3,0.0661,1.497,0.1329,0.7445,-1.003,0.5731,0.893,0.0711,-0.0065,-0.0668,2,0,0,2,3
919,998,./back_view_dataset_videos/9.mov,Left,165.4,79.4,113.3,-1.1,-0.6,-0.0466,1.5686,-0.1384,0.7555,-0.9944,-0.541,0.6994,-0.0108,-0.0111,0.0918,2,0,0,3,3
920,1000,./back_view_dataset_videos/9.mov,Right,372.6,85.5,119.8,-1.0,-0.4,0.0301,1.5118,0.3751,0.5986,-1.003,0.4932,0.787,-0.0096,-0.0075,-0.3449,3,0,0,3,3
921,1019,./back_view_dataset_videos/9.mov,Right,372.6,7.5,119.8,3.5,0.0,0.0513,1.5903,0.1556,0.7935,-0.9966,0.5762,0.83,0.034,0.0004,-0.1043,3,2,0,3,3
922,1024,./back_view_dataset_videos/9.mov,Left,430.3,45.5,113.3,-178.6,-179.2,0.1464,1.7136,0.2021,0.7762,-0.9916,0.5395,0.5693,-0.0099,-0.0136,-0.0557,3,0,0,0,0
923,1042,./back_view_dataset_videos/9.mov,Left,440.2,5.6,113.3,-1.3,0.3,-0.0464,1.5558,-0.1275,0.7335,-1.0019,-0.553,0.7797,-0.0121,0.0049,0.0811,3,3,0,3,3
924,1045,./back_view_dataset_videos/9.mov,Right,568.5,78.4,135.4,3.9,-4.0,-0.0434,1.5345,0.1659,0.6133,-1.0107,0.1885,0.6899,0.0231,-0.0508,-0.2093,3,0,0,3,3
925,1066,./back_view_dataset_videos/9.mov,Left,575.4,47.8,113.3,-178.5,179.1,0.0492,1.6863,0.1369,0.7409,-1.0057,0.4412,0.5327,-0.0076,0.0126,-0.0877,3,0,0,0,0
926,1087,./back_view_dataset_videos/9.mov,Left,571.8,7.1,113.3,-1.8,-0.8,-0.011,1.7367,-0.1279,0.8035,-0.9917,-0.5829,0.7804,-0.0179,-0.0143,0.1169,3,2,0,3,3
927,1090,./back_view_dataset_videos/9.mov,Right,704.9,32.3,135.4,171.4,171.9,-0.004,1.7196,0.1394,0.7574,-0.9484,-0.4302,0.3434,0.0227,0.0771,-0.1434,3,0,0,0,0
928,1129,./back_view_dataset_videos/9.mov,Left,491.9,43.9,113.3,-1.4,1.2,-0.0168,1.6428,-0.1963,0.8004,-1.0106,-0.5364,0.764,-0.0137,0.0219,0.1795,3,0,0,3,3
929,1147,./back_view_dataset_videos/9.mov,Right,493.2,81.1,135.4,4.9,-0.9,-0.0035,1.5234,0.0616,0.7178,-1.0084,0.5773,0.7661,0.0456,-0.0175,-0.0651,3,0,0,3,3
930,1160,./back_view_dataset_videos/9.mov,Left,438.0,14.3,113.3,173.1,177.7,0.004,1.4877,0.0883,0.6901,-1.0107,0.4886,0.5209,0.0242,0.0315,-0.0843,3,1,0,0,0
931,1175,./back_view_dataset_videos/9.mov,Left,443.0,73.8,113.3,-6.5,12.0,-0.0303,1.636,-0.1565,0.7209,-1.0151,-0.3346,0.0955,-0.0184,0.0642,0.1262,3,0,0,2,1
932,1195,./back_view_dataset_videos/9.mov,Right,315.8,46.9,135.4,3.3,-0.0,0.0809,1.6097,0.1897,0.7806,-0.9999,0.5455,0.7675,0.0332,-0.0003,-0.1087,3,0,0,3,3
933,1217,./back_view_dataset_videos/9.mov,Left,314.8,17.1,113.3,-1.9,-1.7,-0.0766,1.6593,-0.1789,0.7566,-0.9839,-0.5479,0.7753,-0.02,-0.0281,0.1024,3,0,0,3,3
934,1235,./back_view_dataset_videos/9.mov,Right,318.4,50.0,135.4,4.6,0.2,0.0487,1.462,0.0801,0.7056,-0.9976,0.5494,0.7832,0.0442,0.0043,-0.0314,3,0,0,3,3
935,14,./back_view_dataset_videos/10.mov,Right,0,17.3,22.7,1.9,-3.9,0.0449,1.3984,0.1539,0.7094,-1.034,0.4644,0.6487,0.019,-0.0744,-0.109,0,0,0,3,3
936,34,./back_view_dataset_videos/10.mov,Left,178.1,34.0,47.0,-2.8,-2.3,-0.1033,1.3117,-0.1847,0.6764,-0.9759,-0.6043,0.9068,-0.0277,-0.044,0.0814,3,0,0,3,3
937,46,./back_view_dataset_videos/10.mov,Right,237.4,21.3,35.9,175.7,177.4,-0.1467,1.7539,-0.2194,0.7829,-0.9642,-0.6168,0.6114,0.0338,0.0409,0.0727,3,0,0,0,0
938,88,./back_view_dataset_videos/10.mov,Right,186.6,32.2,40.3,171.0,175.2,-0.027,1.6018,-0.1601,0.7434,-0.9519,-0.5654,0.6362,0.0637,0.0652,0.1331,3,0,0,0,0
939,109,./back_view_dataset_videos/10.mov,Right,182.3,10.9,40.3,3.1,-2.0,0.1207,1.5518,0.2076,0.7443,-1.0169,0.4608,0.73,0.0293,-0.0347,-0.0869,3,1,0,3,3
940,125,./back_view_dataset_videos/10.mov,Left,190.4,37.4,53.1,-0.8,-1.4,-0.0521,1.5024,-0.1574,0.7336,-0.9859,-0.5939,0.9662,-0.0082,-0.0266,0.1053,3,0,0,3,3
941,131,./back_view_dataset_videos/10.mov,Right,257.6,30.0,40.3,-179.7,-179.3,0.0203,1.5482,-0.1358,0.7031,-1.0003,-0.5309,0.6553,-0.0024,-0.0106,0.1561,3,0,0,0,0
942,175,./back_view_dataset_videos/10.mov,Left,232.3,19.8,53.1,-0.6,1.7,0.0337,1.6205,-0.1018,0.7568,-1.0155,-0.5528,0.7826,-0.0065,0.0318,0.1355,3,0,0,3,3
943,178,./back_view_dataset_videos/10.mov,Right,351.7,45.0,47.6,168.5,-179.6,0.0597,1.5741,-0.0356,0.6875,-0.9967,-0.477,0.617,0.0532,-0.0053,0.0953,3,0,0,0,0
944,215,./back_view_dataset_videos/10.mov,Left,341.5,19.9,53.1,-1.9,0.1,-0.0094,1.3699,-0.0816,0.6589,-0.9993,-0.5619,0.8032,-0.0155,0.0018,0.0721,3,0,0,3,3
945,224,./back_view_dataset_videos/10.mov,Right,353.8,43.0,48.4,174.9,179.4,-0.0411,1.8158,-0.1223,0.8083,-0.9861,-0.5536,0.5766,0.0326,0.0082,0.0811,3,0,0,0,0
946,250,./back_view_dataset_videos/10.mov,Left,360.4,16.8,53.1,175.5,-179.9,0.0034,1.574,0.0456,0.6555,-0.9976,0.4016,0.6867,0.0176,-0.0017,-0.0422,3,0,0,0,0
947,265,./back_view_dataset_videos/10.mov,Left,368.8,7.4,53.1,1.0,-2.9,-0.0082,1.6146,-0.1231,0.7281,-0.9736,-0.546,0.705,0.0098,-0.0502,0.1149,3,2,0,3,3
948,277,./back_view_dataset_videos/10.mov,Right,378.1,34.7,48.4,-2.1,-4.2,0.0945,1.3365,0.1187,0.6774,-1.0292,0.3772,0.7279,-0.021,-0.0752,-0.0243,3,0,0,3,3
949,299,./back_view_dataset_videos/10.mov,Left,324.1,17.8,53.1,-0.6,-3.7,-0.0408,1.2958,-0.127,0.6848,-0.9689,-0.476,0.6292,-0.0058,-0.0621,0.0862,3,0,0,3,3
950,320,./back_view_dataset_videos/10.mov,Right,335.2,44.9,48.4,-2.4,-0.8,0.1277,1.3163,0.0881,0.6596,-0.9975,0.2972,0.4984,-0.018,-0.0119,0.0396,3,0,0,3,3
951,344,./back_view_dataset_videos/10.mov,Left,205.4,24.5,53.1,-0.3,0.5,-0.0395,1.1951,-0.1296,0.5999,-1.003,-0.4109,0.5342,-0.0021,0.0077,0.0901,3,0,0,3,3
952,371,./back_view_dataset_videos/10.mov,Right,209.8,40.0,48.4,4.2,-1.6,0.1193,1.4425,0.1175,0.7141,-1.0133,0.4778,0.7264,0.0408,-0.0272,0.0018,3,0,0,3,3
953,389,./back_view_dataset_videos/10.mov,Left,185.1,15.2,53.1,0.9,0.4,-0.0025,1.3576,-0.0994,0.6931,-1.0002,-0.4033,0.6408,0.0091,0.0072,0.0969,3,0,0,3,3
954,412,./back_view_dataset_videos/10.mov,Right,187.3,28.8,48.4,2.2,-2.4,0.1022,1.3542,0.1055,0.731,-1.0146,0.3675,0.7448,0.0184,-0.0388,-0.0033,3,0,0,3,3
955,442,./back_view_dataset_videos/10.mov,Left,172.5,19.2,53.1,-0.8,-3.2,-0.0159,1.5275,-0.1412,0.73,-0.9694,-0.5728,0.7889,-0.0078,-0.058,0.1252,2,0,0,3,3
956,445,./back_view_dataset_videos/10.mov,Right,283.8,48.1,51.8,174.4,-178.5,-0.0018,1.6285,-0.1468,0.7483,-1.0045,-0.5387,0.7039,0.0453,-0.0224,0.1451,3,0,0,0,0
957,469,./back_view_dataset_videos/10.mov,Right,282.1,7.7,51.8,1.5,2.5,0.1109,1.6273,0.2279,0.7669,-0.9796,0.4945,0.5785,0.0141,0.04,-0.117,3,2,0,3,3
958,484,./back_view_dataset_videos/10.mov,Left,290.6,34.0,53.1,-3.4,-3.8,0.0234,1.4134,-0.0412,0.7295,-0.9648,-0.5141,0.8515,-0.0351,-0.0703,0.0646,3,0,0,3,3
959,494,./back_view_dataset_videos/10.mov,Right,316.6,41.2,61.6,175.5,177.1,-0.0961,1.8119,-0.2018,0.8213,-0.9719,-0.5261,0.58,0.033,0.0409,0.1058,3,0,0,0,0
960,514,./back_view_dataset_videos/10.mov,Right,322.3,9.7,61.6,1.5,-2.0,0.1013,1.6225,0.2289,0.7517,-1.0163,0.5011,0.7709,0.0141,-0.033,-0.1276,3,2,0,3,3
961,14,./back_view_dataset_videos/11.mov,Right,0,2.2,9.6,4.8,0.6,0.1152,1.4714,0.1376,0.721,-0.9948,0.5033,0.8153,0.0452,0.0101,-0.0224,0,3,1,3,3
962,26,./back_view_dataset_videos/11.mov,Left,293.1,57.6,57.1,-0.6,-2.5,-0.1497,1.2817,-0.2073,0.6452,-0.9784,-0.4781,0.5857,-0.0047,-0.0431,0.0575,3,0,0,3,3
963,41,./back_view_dataset_videos/11.mov,Right,263.8,47.5,77.9,1.3,1.4,0.104,1.5867,0.0527,0.6892,-0.983,0.3859,0.7446,0.0094,0.0237,0.0513,3,0,0,3,3
964,65,./back_view_dataset_videos/11.mov,Left,224.7,47.8,63.2,179.1,177.3,0.1944,1.5299,0.1796,0.6427,-1.0166,0.3666,0.4684,0.0057,0.0334,0.0148,3,0,0,0,0
965,85,./back_view_dataset_videos/11.mov,Left,212.5,15.1,63.2,-0.3,-0.3,0.0448,1.6162,-0.1893,0.7466,-0.994,-0.5903,0.7819,-0.0032,-0.006,0.2341,3,0,0,3,3
966,88,./back_view_dataset_videos/11.mov,Right,404.5,24.4,77.9,6.3,-0.2,0.0676,1.6189,-0.0225,0.6835,-0.9867,0.2443,0.6614,0.0252,-0.0028,0.0901,3,0,0,2,3
967,109,./back_view_dataset_videos/11.mov,Left,365.0,30.5,63.9,179.4,177.6,0.1296,1.5433,0.1425,0.6947,-1.0169,0.4369,0.6095,0.0026,0.0342,-0.0129,3,0,0,0,0
968,130,./back_view_dataset_videos/11.mov,Left,336.8,11.8,63.9,-0.7,0.4,-0.003,1.5527,-0.1701,0.7549,-1.0017,-0.5905,0.8135,-0.0071,0.0071,0.1671,3,1,0,3,3
969,133,./back_view_dataset_videos/11.mov,Right,441.2,59.4,77.9,0.1,-1.6,-0.0102,1.6426,0.3198,0.6724,-1.0101,0.4224,0.7009,0.0005,-0.0275,-0.3301,3,0,0,3,3
970,155,./back_view_dataset_videos/11.mov,Right,424.6,11.7,77.9,1.4,1.5,0.1691,1.5928,0.2639,0.7463,-0.9869,0.5091,0.7451,0.013,0.0254,-0.0948,3,1,0,3,3
971,173,./back_view_dataset_videos/11.mov,Left,419.7,41.5,68.5,-1.2,-2.3,0.049,1.4412,-0.1141,0.6884,-0.9775,-0.5808,0.843,-0.011,-0.0418,0.1631,3,0,0,3,3
972,182,./back_view_dataset_videos/11.mov,Right,450.2,23.1,77.9,-6.4,-3.9,0.076,1.6201,0.1935,0.7877,-1.0218,0.3324,0.6827,-0.0559,-0.066,-0.1175,3,0,0,2,3
973,196,./back_view_dataset_videos/11.mov,Right,459.6,2.7,77.9,3.3,-0.8,0.1566,1.4788,0.1785,0.7303,-1.0073,0.5371,0.8396,0.0341,-0.0149,-0.0219,3,3,0,3,3
974,221,./back_view_dataset_videos/11.mov,Left,330.7,25.1,68.5,-0.8,0.0,0.0368,1.567,-0.1344,0.7276,-0.9961,-0.602,0.776,-0.0086,0.0,0.1712,3,0,0,3,3
975,226,./back_view_dataset_videos/11.mov,Right,397.7,34.9,77.9,159.1,171.0,0.0601,1.6865,0.1017,0.7744,-0.9476,-0.4,0.488,0.0374,0.0595,-0.0417,3,0,0,0,0
976,250,./back_view_dataset_videos/11.mov,Left,395.1,17.7,68.5,-179.7,179.9,0.1936,1.797,0.2303,0.7566,-1.0005,0.4967,0.719,-0.0024,0.0018,-0.0367,3,0,0,0,0
977,268,./back_view_dataset_videos/11.mov,Left,272.9,9.1,68.5,-1.7,-0.5,0.0008,1.5651,-0.1348,0.7205,-0.9917,-0.6066,0.8151,-0.0178,-0.0093,0.1355,3,2,0,3,3
978,272,./back_view_dataset_videos/11.mov,Right,362.9,25.9,77.9,-2.4,-4.1,0.0174,1.7048,0.293,0.7059,-0.995,0.1194,0.5833,-0.016,-0.0521,-0.2756,3,0,0,3,3
979,292,./back_view_dataset_videos/11.mov,Right,360.4,8.9,77.9,0.8,-0.5,0.099,1.654,0.2333,0.7939,-1.0041,0.4824,0.717,0.0078,-0.0088,-0.1343,3,2,0,3,3
980,296,./back_view_dataset_videos/11.mov,Left,421.5,45.2,68.5,180.0,178.4,0.2046,1.6861,0.1923,0.6801,-1.0116,0.4295,0.4987,0.0003,0.0232,0.0123,3,0,0,0,0
981,313,./back_view_dataset_videos/11.mov,Left,415.9,9.4,68.5,-2.0,-1.7,-0.0023,1.6218,-0.1483,0.7404,-0.9816,-0.5999,0.7769,-0.0214,-0.032,0.146,3,2,0,3,3
982,316,./back_view_dataset_videos/11.mov,Right,544.9,34.4,77.9,5.2,-1.2,0.0982,1.6242,-0.007,0.6854,-1.0082,0.4389,0.7933,0.0316,-0.0206,0.1053,3,0,0,2,3
983,338,./back_view_dataset_videos/11.mov,Right,477.0,8.4,77.9,1.2,-0.7,0.1181,1.5141,0.1804,0.7194,-1.0058,0.464,0.7034,0.0107,-0.0123,-0.0623,3,2,0,3,3
984,340,./back_view_dataset_videos/11.mov,Left,678.5,31.2,68.5,174.9,179.3,0.1044,1.5395,0.0925,0.6435,-1.0046,0.3556,0.4931,0.0174,0.0096,0.0119,3,0,0,0,0
985,358,./back_view_dataset_videos/11.mov,Left,678.5,8.5,68.5,0.0,0.5,0.0,1.5287,-0.1199,0.7229,-1.0037,-0.5551,0.7728,0.0004,0.0092,0.1199,3,2,0,3,3
986,364,./back_view_dataset_videos/11.mov,Right,641.8,20.7,77.9,174.8,176.1,-0.098,1.8375,-0.1878,0.8667,-0.9573,-0.5948,0.61,0.0415,0.0583,0.0898,3,0,0,0,0
987,404,./back_view_dataset_videos/11.mov,Left,630.8,19.9,68.5,-1.1,0.3,0.0087,1.5588,-0.0867,0.7076,-1.0025,-0.5263,0.7718,-0.0092,0.0055,0.0954,3,0,0,3,3
988,410,./back_view_dataset_videos/11.mov,Right,594.2,39.8,77.9,176.5,177.1,-0.1582,1.8009,-0.1726,0.8015,-0.9633,-0.6061,0.6077,0.026,0.0442,0.0144,3,0,0,0,0
989,28,./back_view_dataset_videos/12.mov,Right,0,12.4,12.2,0.8,1.8,0.0547,1.3069,0.1922,0.6628,-0.9806,0.6437,0.9733,0.0078,0.0375,-0.1374,0,1,1,3,3
990,31,./back_view_dataset_videos/13.mov,Right,0,12.5,6.3,2.0,1.2,0.0337,1.571,0.2084,0.7799,-0.9866,0.6315,0.9915,0.0204,0.0254,-0.1747,0,1,2,3,3
991,52,./back_view_dataset_videos/13.mov,Left,170.1,15.3,13.4,-5.3,-2.4,-0.0449,1.5835,-0.2324,0.8005,-0.9711,-0.6778,1.0221,-0.0525,-0.0495,0.1875,2,0,0,2,3
992,74,./back_view_dataset_videos/13.mov,Right,166.2,14.2,12.4,2.0,1.6,0.0111,1.4637,0.1981,0.7263,-0.983,0.6035,0.9825,0.0196,0.0331,-0.187,2,1,1,3,3
993,98,./back_view_dataset_videos/13.mov,Left,160.4,12.2,13.4,-4.3,-2.9,-0.093,1.6239,-0.2556,0.8513,-0.9645,-0.6901,1.0472,-0.0443,-0.057,0.1626,1,1,0,3,3
994,118,./back_view_dataset_videos/13.mov,Right,165.0,13.3,12.4,0.8,0.7,0.0451,1.4827,0.2269,0.7117,-0.9926,0.595,0.922,0.0082,0.0148,-0.1817,1,1,1,3,3
995,142,./back_view_dataset_videos/13.mov,Left,161.8,12.7,15.7,-4.0,-3.3,-0.0615,1.6331,-0.2064,0.8522,-0.9588,-0.7105,1.0136,-0.0404,-0.0676,0.1449,1,1,0,3,3
996,163,./back_view_dataset_videos/13.mov,Right,163.1,14.0,12.4,1.5,1.4,0.0575,1.4576,0.2364,0.7406,-0.9859,0.5995,0.9667,0.0145,0.0282,-0.1789,1,1,1,3,3
997,182,./back_view_dataset_videos/13.mov,Left,166.7,11.7,15.7,-3.1,-1.4,-0.0751,1.5359,-0.2293,0.7943,-0.984,-0.6478,0.9624,-0.0309,-0.0288,0.1542,2,1,0,3,3
998,206,./back_view_dataset_videos/13.mov,Right,164.5,12.0,12.4,2.0,0.9,0.0175,1.4043,0.1698,0.6907,-0.9911,0.5645,0.8887,0.0198,0.0177,-0.1523,1,1,1,3,3
999,226,./back_view_dataset_videos/13.mov,Left,165.5,12.2,15.7,-2.8,-1.1,-0.0418,1.5735,-0.2097,0.7956,-0.986,-0.66,0.9784,-0.0272,-0.0234,0.1679,2,1,0,3,3
1000,250,./back_view_dataset_videos/13.mov,Right,163.8,13.5,12.9,2.0,0.9,0.0208,1.4702,0.1996,0.7276,-0.9909,0.5648,0.8596,0.019,0.0181,-0.1788,1,1,1,3,3
1001,274,./back_view_dataset_videos/13.mov,Left,163.8,12.0,15.7,-3.9,-2.2,-0.0986,1.7025,-0.2424,0.8709,-0.969,-0.7328,1.1076,-0.0418,-0.0454,0.1439,1,1,0,3,3
1002,295,./back_view_dataset_videos/13.mov,Right,162.8,11.6,12.9,1.5,1.0,0.0562,1.5466,0.2228,0.7349,-0.9893,0.5863,0.9881,0.015,0.0212,-0.1666,1,1,1,3,3
1003,314,./back_view_dataset_videos/13.mov,Left,167.7,8.5,15.7,-2.3,-1.0,-0.0892,1.5546,-0.1999,0.8107,-0.9856,-0.6925,1.1365,-0.0234,-0.0222,0.1107,2,2,0,3,3
1004,338,./back_view_dataset_videos/13.mov,Right,165.0,11.3,14.1,1.1,1.3,0.0384,1.5403,0.191,0.7738,-0.9861,0.5821,1.0875,0.0111,0.0277,-0.1526,2,1,0,3,3
1005,359,./back_view_dataset_videos/13.mov,Left,162.8,11.9,17.1,-2.1,-1.7,-0.1307,1.581,-0.2573,0.8056,-0.9791,-0.6742,1.0658,-0.0219,-0.0367,0.1266,1,1,0,3,3
1006,385,./back_view_dataset_videos/13.mov,Right,161.3,13.5,14.1,2.4,3.3,0.0146,1.5684,0.1936,0.7809,-0.9619,0.6746,1.0298,0.0243,0.0685,-0.179,1,1,0,3,3
1007,401,./back_view_dataset_videos/13.mov,Left,166.9,10.8,17.1,-1.9,0.0,-0.0919,1.5827,-0.2423,0.7949,-0.9989,-0.6712,1.1088,-0.0194,0.0002,0.1505,2,1,0,3,3
1008,427,./back_view_dataset_videos/13.mov,Right,165.5,10.2,15.0,0.4,1.4,0.0229,1.5045,0.1616,0.7301,-0.9848,0.5554,1.1851,0.0048,0.0283,-0.1387,2,1,0,3,3
1009,467,./back_view_dataset_videos/13.mov,Right,158.1,14.1,15.0,1.4,-1.3,-0.0034,1.4799,0.1841,0.7329,-1.0123,0.5541,0.9334,0.0146,-0.0257,-0.1875,1,1,0,3,3
1010,512,./back_view_dataset_videos/13.mov,Right,146.7,12.1,15.0,1.7,1.0,0.04,1.4512,0.1985,0.7108,-0.9898,0.5855,0.9245,0.0163,0.0203,-0.1586,0,1,0,3,3
1011,533,./back_view_dataset_videos/13.mov,Left,144.5,9.9,17.1,-3.1,-2.1,-0.0638,1.5213,-0.1972,0.755,-0.9732,-0.6997,1.1129,-0.0308,-0.0446,0.1334,0,2,0,3,3
1012,556,./back_view_dataset_videos/13.mov,Right,145.3,14.6,15.0,0.7,1.2,-0.0394,1.4337,0.1582,0.6774,-0.9876,0.5811,0.9349,0.0067,0.0248,-0.1976,0,1,0,3,3
1013,575,./back_view_dataset_videos/13.mov,Left,147.5,12.4,17.1,-2.4,-1.1,-0.0504,1.558,-0.2191,0.79,-0.9873,-0.661,1.1154,-0.024,-0.0223,0.1687,0,1,0,3,3
1014,601,./back_view_dataset_videos/13.mov,Right,147.5,9.3,15.0,-0.4,1.3,0.0261,1.4267,0.1458,0.6928,-0.9871,0.5706,1.189,-0.0042,0.0257,-0.1197,0,2,0,3,3
1015,620,./back_view_dataset_videos/13.mov,Left,143.1,14.2,17.1,-3.1,-1.2,-0.0519,1.5161,-0.2502,0.7322,-0.9837,-0.6972,1.2183,-0.0316,-0.0245,0.1983,0,1,0,3,3
1016,644,./back_view_dataset_videos/13.mov,Right,144.5,12.0,15.0,0.5,0.4,-0.0091,1.4909,0.1568,0.7108,-0.9957,0.5833,1.0118,0.005,0.0085,-0.1658,0,1,0,3,3
1017,664,./back_view_dataset_videos/13.mov,Left,155.7,13.4,17.1,-3.6,-2.7,-0.0498,1.5073,-0.2239,0.7762,-0.9685,-0.67,0.9512,-0.0357,-0.0548,0.1741,1,1,0,3,3
1018,683,./back_view_dataset_videos/13.mov,Right,169.3,11.6,19.4,-0.3,-0.6,0.0903,1.5557,0.1654,0.7778,-1.0055,0.5616,0.9955,-0.0027,-0.0109,-0.0751,2,1,0,3,3
1019,706,./back_view_dataset_videos/13.mov,Left,167.4,12.0,17.1,-2.1,-1.2,-0.0848,1.6021,-0.2523,0.8163,-0.9843,-0.7007,1.0113,-0.0218,-0.0269,0.1675,2,1,0,3,3
1020,730,./back_view_dataset_videos/13.mov,Right,166.6,10.5,19.4,1.0,0.5,0.0406,1.5498,0.1846,0.7697,-0.9948,0.6141,1.0305,0.0103,0.0103,-0.144,2,1,0,3,3
1021,751,./back_view_dataset_videos/13.mov,Left,164.4,9.6,17.1,-1.9,-1.8,-0.078,1.584,-0.2099,0.8025,-0.9781,-0.6923,0.9969,-0.0193,-0.0393,0.1319,1,2,0,3,3
1022,775,./back_view_dataset_videos/13.mov,Right,165.8,9.6,19.4,0.7,1.3,0.0797,1.541,0.2153,0.7367,-0.9863,0.6192,0.9686,0.007,0.0256,-0.1356,2,2,0,3,3
1023,794,./back_view_dataset_videos/13.mov,Left,165.8,14.8,17.1,-3.1,-2.0,-0.015,1.4829,-0.208,0.7533,-0.9756,-0.6779,0.9531,-0.0305,-0.0424,0.193,2,1,0,3,3
1024,814,./back_view_dataset_videos/13.mov,Right,169.5,11.4,19.4,-1.4,-1.3,0.0215,1.6097,0.1879,0.782,-1.0131,0.5445,0.9766,-0.0135,-0.0264,-0.1665,2,1,0,3,3
1025,838,./back_view_dataset_videos/13.mov,Left,165.8,11.5,17.1,-2.3,-1.8,-0.0534,1.482,-0.1995,0.7617,-0.9788,-0.6637,0.9633,-0.0222,-0.0385,0.1461,2,1,0,3,3
1026,862,./back_view_dataset_videos/13.mov,Right,160.9,10.5,19.4,1.6,2.6,0.0367,1.5729,0.1871,0.7582,-0.9732,0.6158,1.0055,0.016,0.0523,-0.1504,1,1,0,3,3
1027,884,./back_view_dataset_videos/13.mov,Left,161.8,11.9,17.1,-4.2,-3.1,-0.0928,1.545,-0.2432,0.7647,-0.9649,-0.6671,0.9835,-0.0413,-0.0627,0.1505,1,1,0,3,3
1028,904,./back_view_dataset_videos/13.mov,Right,165.5,11.0,19.4,2.1,1.3,0.0114,1.5814,0.1662,0.7828,-0.9859,0.6222,0.9824,0.0212,0.0272,-0.1547,2,1,0,3,3
1029,925,./back_view_dataset_videos/13.mov,Left,165.5,11.2,17.1,-2.2,-1.3,-0.0548,1.5756,-0.2116,0.7833,-0.9836,-0.6851,0.9911,-0.0216,-0.0277,0.1568,2,1,0,3,3
1030,947,./back_view_dataset_videos/13.mov,Right,167.2,11.7,19.4,0.2,0.5,-0.0148,1.4979,0.146,0.7226,-0.9949,0.5702,0.9635,0.0019,0.01,-0.1609,2,1,0,3,3
1031,968,./back_view_dataset_videos/13.mov,Left,165.0,8.9,17.1,-1.0,-0.6,-0.1251,1.5798,-0.247,0.8004,-0.9934,-0.6526,0.9705,-0.0098,-0.0119,0.1218,1,2,0,3,3
1032,994,./back_view_dataset_videos/13.mov,Right,159.8,13.8,19.4,1.2,1.7,0.027,1.4445,0.2124,0.6863,-0.9831,0.5919,0.9366,0.0114,0.0335,-0.1854,1,1,0,3,3
1033,1012,./back_view_dataset_videos/13.mov,Left,166.0,12.2,17.1,-1.7,-1.5,-0.0993,1.5722,-0.2044,0.8037,-0.9806,-0.6966,1.0039,-0.0163,-0.032,0.105,2,1,0,3,3
1034,1036,./back_view_dataset_videos/13.mov,Right,166.0,13.1,19.4,0.9,0.9,0.0433,1.4597,0.2128,0.7306,-0.9905,0.5925,0.9013,0.0086,0.0187,-0.1695,2,1,0,3,3
1035,1057,./back_view_dataset_videos/13.mov,Left,167.0,7.8,17.1,-1.1,-1.4,-0.115,1.5884,-0.2225,0.8053,-0.9813,-0.7013,1.0543,-0.011,-0.0291,0.1075,2,2,0,3,3
1036,1079,./back_view_dataset_videos/13.mov,Right,165.0,10.8,19.4,0.3,0.9,0.0526,1.4962,0.1989,0.7267,-0.9911,0.6026,0.9754,0.0026,0.0174,-0.1463,1,1,0,3,3
1037,1102,./back_view_dataset_videos/13.mov,Left,163.1,10.4,17.1,-4.1,-2.3,-0.0898,1.4926,-0.223,0.7676,-0.9718,-0.6931,1.0476,-0.0394,-0.047,0.1332,1,1,0,3,3
1038,1126,./back_view_dataset_videos/13.mov,Right,161.4,13.0,19.4,2.2,2.3,0.039,1.5309,0.2242,0.727,-0.9761,0.6036,0.9651,0.0208,0.0457,-0.1853,1,1,0,3,3
1039,1145,./back_view_dataset_videos/13.mov,Left,163.7,12.2,17.1,-2.6,-1.7,-0.064,1.4925,-0.2199,0.7718,-0.9786,-0.682,0.9658,-0.0249,-0.0361,0.1559,1,1,0,3,3
1040,1168,./back_view_dataset_videos/13.mov,Right,165.9,10.6,19.4,1.3,1.4,0.0618,1.4897,0.2082,0.7053,-0.9856,0.5944,0.9424,0.0121,0.0281,-0.1463,2,1,0,3,3
1041,1190,./back_view_dataset_videos/13.mov,Left,161.4,14.0,17.1,-4.2,-2.2,-0.025,1.4962,-0.2076,0.7614,-0.9706,-0.7047,1.0158,-0.0407,-0.0457,0.1826,1,1,0,3,3
1042,1213,./back_view_dataset_videos/13.mov,Right,162.2,11.4,19.4,0.4,1.2,0.0407,1.4632,0.1907,0.7178,-0.9879,0.5783,0.9739,0.0035,0.0242,-0.1499,1,1,0,3,3
1043,1232,./back_view_dataset_videos/13.mov,Left,164.4,12.2,17.1,-3.2,-2.1,-0.036,1.4671,-0.1932,0.7397,-0.973,-0.6876,0.9798,-0.0309,-0.0437,0.1572,1,1,0,3,3
1044,1256,./back_view_dataset_videos/13.mov,Right,162.8,13.0,19.4,1.5,1.4,0.0446,1.4618,0.2214,0.6983,-0.9856,0.5991,0.9676,0.0138,0.0286,-0.1768,1,1,0,3,3
1045,1276,./back_view_dataset_videos/13.mov,Left,165.7,12.3,18.7,-2.2,-1.5,-0.1032,1.4962,-0.2281,0.7554,-0.9805,-0.6854,1.037,-0.0211,-0.0309,0.1249,2,1,0,3,3
1046,1300,./back_view_dataset_videos/13.mov,Right,165.7,13.2,19.4,1.3,1.5,0.0304,1.4519,0.2071,0.7006,-0.9843,0.598,0.9265,0.0127,0.0312,-0.1767,2,1,0,3,3
1047,1319,./back_view_dataset_videos/13.mov,Left,165.7,8.6,18.7,-0.9,-0.6,-0.0854,1.5026,-0.1957,0.7746,-0.9912,-0.6698,1.0356,-0.0087,-0.0129,0.1103,2,2,0,3,3
1048,1342,./back_view_dataset_videos/13.mov,Right,165.7,11.5,19.4,-0.4,-0.8,0.0582,1.5254,0.2135,0.7642,-1.0081,0.558,0.9452,-0.0038,-0.0164,-0.1554,2,1,0,3,3
1049,1364,./back_view_dataset_videos/13.mov,Left,165.7,12.1,18.7,-2.4,-1.7,-0.0555,1.478,-0.2123,0.7491,-0.9787,-0.6743,0.9982,-0.0231,-0.0358,0.1568,2,1,0,3,3
1050,1388,./back_view_dataset_videos/13.mov,Right,164.9,14.8,19.4,1.8,1.2,0.0007,1.493,0.2078,0.7095,-0.9877,0.5948,0.9673,0.0174,0.0245,-0.2071,1,1,0,3,3
1051,1408,./back_view_dataset_videos/13.mov,Left,163.7,13.2,18.7,-2.2,-1.9,-0.0534,1.4682,-0.2234,0.7411,-0.9766,-0.6804,0.9933,-0.0213,-0.0407,0.17,1,1,0,3,3
1052,1432,./back_view_dataset_videos/13.mov,Right,163.7,13.1,19.4,0.1,0.7,0.0435,1.4776,0.2222,0.7072,-0.993,0.5798,0.9632,0.0006,0.0137,-0.1787,1,1,0,3,3
1053,1454,./back_view_dataset_videos/13.mov,Left,161.6,13.3,18.7,-3.3,-1.9,-0.0558,1.4788,-0.217,0.7765,-0.9756,-0.6926,1.0002,-0.0322,-0.0381,0.1612,1,1,0,3,3
1054,1477,./back_view_dataset_videos/13.mov,Right,162.5,15.1,19.4,2.8,0.8,0.0041,1.4878,0.2094,0.7295,-0.9915,0.6104,0.9349,0.0278,0.0162,-0.2053,1,0,0,3,3
1055,1495,./back_view_dataset_videos/13.mov,Left,163.8,12.0,18.7,-1.2,-0.6,-0.0967,1.4392,-0.2111,0.7177,-0.9936,-0.6208,0.9979,-0.0115,-0.0115,0.1143,1,1,0,3,3
1056,1519,./back_view_dataset_videos/13.mov,Right,163.0,12.1,19.4,0.5,0.2,0.0448,1.4571,0.2023,0.7199,-0.998,0.5772,0.9165,0.0043,0.0039,-0.1575,1,1,0,3,3
1057,1543,./back_view_dataset_videos/13.mov,Left,161.3,15.3,18.7,-3.7,-2.1,-0.0394,1.4591,-0.2367,0.736,-0.9754,-0.6673,0.9687,-0.0369,-0.0426,0.1973,1,0,0,3,3
1058,1564,./back_view_dataset_videos/13.mov,Right,163.9,14.1,19.4,1.3,1.8,-0.0022,1.4863,0.1861,0.7361,-0.9817,0.6108,0.9734,0.0129,0.0358,-0.1883,1,1,0,3,3
1059,1583,./back_view_dataset_videos/13.mov,Left,165.1,10.1,18.7,-0.5,-0.9,-0.1106,1.526,-0.2427,0.7858,-0.99,-0.6457,0.9876,-0.005,-0.0187,0.1322,2,1,0,3,3
1060,1607,./back_view_dataset_videos/13.mov,Right,165.1,12.1,19.4,1.1,-0.1,0.0042,1.5641,0.1653,0.8145,-1.0015,0.6165,0.9892,0.0111,-0.003,-0.1611,2,1,0,3,3
1061,1628,./back_view_dataset_videos/13.mov,Left,166.1,13.6,18.7,-2.5,-1.5,-0.0619,1.4606,-0.2348,0.7436,-0.9831,-0.6407,0.936,-0.0254,-0.0317,0.173,2,1,0,3,3
1062,1652,./back_view_dataset_videos/13.mov,Right,165.3,13.7,19.4,2.0,1.4,0.0028,1.5308,0.1971,0.7354,-0.9851,0.6287,0.9825,0.0199,0.0285,-0.1942,2,1,0,3,3
1063,1675,./back_view_dataset_videos/13.mov,Left,159.9,14.6,18.7,-2.3,-2.2,-0.0435,1.5099,-0.2352,0.7577,-0.9737,-0.6815,0.9904,-0.0232,-0.0475,0.1917,1,1,0,3,3
1064,1696,./back_view_dataset_videos/13.mov,Right,162.5,11.2,19.4,0.8,0.7,0.0605,1.5009,0.2083,0.7565,-0.9922,0.6137,0.9717,0.0078,0.0149,-0.1478,1,1,0,3,3
1065,1718,./back_view_dataset_videos/13.mov,Left,164.2,11.6,18.7,-2.3,-3.0,-0.0639,1.5017,-0.2172,0.7533,-0.9652,-0.6802,0.9797,-0.0231,-0.0626,0.1533,1,1,0,3,3
1066,1739,./back_view_dataset_videos/13.mov,Right,164.2,10.4,19.4,0.3,0.1,0.0683,1.53,0.2025,0.7707,-0.9989,0.603,0.9322,0.0033,0.0021,-0.1342,1,1,0,3,3
1067,26,./back_view_dataset_videos/14.mov,Right,0,10.8,12.0,0.8,1.1,0.0884,1.524,0.2411,0.7253,-0.9884,0.6023,1.0227,0.0078,0.0222,-0.1528,0,1,1,3,3
1068,49,./back_view_dataset_videos/14.mov,Left,156.5,17.7,15.1,-1.4,-2.3,-0.0515,1.5106,-0.237,0.7649,-0.9747,-0.6564,0.9333,-0.0135,-0.0478,0.1856,1,0,0,3,3
1069,92,./back_view_dataset_videos/14.mov,Left,120.1,15.9,15.1,-1.6,-1.6,-0.0335,1.5538,-0.2505,0.7898,-0.9811,-0.6691,0.9601,-0.0162,-0.0343,0.217,0,0,0,3,3
1070,116,./back_view_dataset_videos/14.mov,Right,130.1,11.3,20.6,1.6,2.4,0.0479,1.5756,0.2088,0.7699,-0.9749,0.6265,1.0378,0.0161,0.049,-0.161,0,1,0,3,3
1071,136,./back_view_dataset_videos/14.mov,Left,142.6,11.3,15.1,-1.6,-2.1,-0.0962,1.5376,-0.2489,0.7736,-0.9733,-0.7106,1.0434,-0.0166,-0.0439,0.1528,0,1,0,3,3
1072,158,./back_view_dataset_videos/14.mov,Right,146.8,12.3,20.6,0.8,1.2,0.0142,1.5604,0.1879,0.7618,-0.9864,0.6395,1.0955,0.0087,0.0266,-0.1737,0,1,0,3,3
1073,179,./back_view_dataset_videos/14.mov,Left,150.9,10.2,15.1,-2.0,-2.0,-0.0763,1.5045,-0.2115,0.7514,-0.9769,-0.6682,0.9645,-0.0199,-0.0438,0.1352,1,1,0,3,3
1074,205,./back_view_dataset_videos/14.mov,Right,149.1,14.1,20.6,1.5,1.9,0.0131,1.4816,0.2099,0.6979,-0.9791,0.6225,0.9837,0.0139,0.0383,-0.1968,0,1,0,3,3
1075,223,./back_view_dataset_videos/14.mov,Left,155.5,13.6,15.1,-1.4,-1.0,-0.0682,1.4899,-0.2446,0.7591,-0.9878,-0.6703,0.972,-0.0135,-0.0221,0.1764,1,1,0,3,3
1076,244,./back_view_dataset_videos/14.mov,Right,157.3,11.8,20.6,0.5,0.2,0.0158,1.4818,0.1749,0.7198,-0.9982,0.5708,0.9904,0.0051,0.0037,-0.1591,1,1,0,3,3
1077,266,./back_view_dataset_videos/14.mov,Left,167.3,8.3,15.1,-2.6,-1.8,-0.1093,1.5838,-0.2238,0.8006,-0.9775,-0.7113,1.0623,-0.0271,-0.0392,0.1145,2,2,0,3,3
1078,289,./back_view_dataset_videos/14.mov,Right,168.1,12.2,20.6,0.5,0.2,-0.0081,1.4322,0.1467,0.7192,-0.9979,0.5514,0.964,0.0049,0.0042,-0.1548,2,1,0,3,3
1079,310,./back_view_dataset_videos/14.mov,Left,167.1,11.1,15.1,-2.3,-0.7,-0.0285,1.5487,-0.1731,0.8129,-0.9915,-0.6575,1.1354,-0.0228,-0.0142,0.1446,2,1,0,3,3
1080,331,./back_view_dataset_videos/14.mov,Right,168.0,12.7,20.6,0.0,-2.7,0.0041,1.5854,0.1758,0.8211,-1.0252,0.5149,0.9012,0.0004,-0.0534,-0.1717,2,1,0,3,3
1081,356,./back_view_dataset_videos/14.mov,Left,164.6,11.4,15.1,-3.3,-2.9,-0.0939,1.5397,-0.2494,0.7653,-0.9634,-0.7119,1.0867,-0.0343,-0.0622,0.1555,1,1,0,3,3
1082,376,./back_view_dataset_videos/14.mov,Right,169.8,14.3,20.6,1.2,1.3,0.0081,1.4746,0.204,0.7077,-0.9866,0.5975,0.9744,0.0119,0.0262,-0.1959,2,1,0,3,3
1083,398,./back_view_dataset_videos/14.mov,Left,165.3,10.7,15.1,-2.0,-2.5,-0.0407,1.4681,-0.1771,0.7497,-0.9712,-0.6673,0.9789,-0.0195,-0.0516,0.1364,2,1,0,3,3
1084,418,./back_view_dataset_videos/14.mov,Right,166.3,8.4,20.6,0.0,-1.1,0.0704,1.4422,0.1779,0.7175,-1.011,0.5563,0.9191,0.0004,-0.0221,-0.1075,2,2,0,3,3
1085,442,./back_view_dataset_videos/14.mov,Left,164.6,12.9,15.1,-2.7,-3.1,-0.0529,1.5341,-0.2264,0.7788,-0.9576,-0.7524,1.1182,-0.0275,-0.0668,0.1735,1,1,0,3,3
1086,485,./back_view_dataset_videos/14.mov,Left,155.5,12.4,15.1,-2.5,-2.7,-0.0585,1.5353,-0.2267,0.7672,-0.965,-0.7266,1.025,-0.0247,-0.0575,0.1682,1,1,0,3,3
1087,529,./back_view_dataset_videos/14.mov,Left,144.3,14.0,15.1,-2.4,-3.0,-0.0276,1.5384,-0.2138,0.7914,-0.9641,-0.6969,0.9891,-0.0243,-0.064,0.1862,0,1,0,3,3
1088,551,./back_view_dataset_videos/14.mov,Right,143.4,13.2,22.0,-0.1,-0.2,0.0374,1.4713,0.2203,0.6886,-1.0016,0.5904,0.9193,-0.0008,-0.0035,-0.1829,0,1,0,3,3
1089,571,./back_view_dataset_videos/14.mov,Left,147.9,11.5,15.1,-0.8,-1.3,-0.0702,1.5678,-0.2243,0.8081,-0.9816,-0.7189,1.0712,-0.0081,-0.0292,0.1541,0,1,0,3,3
1090,593,./back_view_dataset_videos/14.mov,Right,145.8,10.3,22.0,0.2,-1.3,0.0471,1.5206,0.1865,0.75,-1.0118,0.5265,0.9873,0.0019,-0.0245,-0.1394,0,1,0,3,3
1091,614,./back_view_dataset_videos/14.mov,Left,146.8,14.0,18.2,-0.3,-1.8,-0.1225,1.5788,-0.2561,0.7926,-0.977,-0.7062,1.042,-0.0032,-0.0393,0.1336,0,1,0,3,3
1092,637,./back_view_dataset_videos/14.mov,Right,143.8,12.1,23.5,1.9,-0.7,0.0244,1.4662,0.1602,0.7573,-1.0068,0.5556,1.0563,0.0192,-0.0138,-0.1358,0,1,0,3,3
1093,659,./back_view_dataset_videos/14.mov,Left,145.5,12.8,18.2,-1.8,-2.6,-0.0969,1.4502,-0.2561,0.7513,-0.9699,-0.6865,1.0428,-0.0186,-0.0545,0.1592,0,1,0,3,3
1094,677,./back_view_dataset_videos/14.mov,Right,160.1,10.7,23.5,-3.6,-3.9,0.074,1.5416,0.1652,0.7924,-1.0374,0.5206,0.9265,-0.0356,-0.0762,-0.0912,1,1,0,3,3
1095,704,./back_view_dataset_videos/14.mov,Left,166.5,15.8,18.2,-2.9,-3.0,-0.0483,1.5193,-0.2564,0.7827,-0.9666,-0.6652,0.9742,-0.0294,-0.0616,0.208,2,0,0,3,3
1096,724,./back_view_dataset_videos/14.mov,Right,168.6,15.4,23.5,2.5,1.2,-0.0006,1.4571,0.208,0.6991,-0.9873,0.6108,1.0122,0.0249,0.0244,-0.2086,2,0,0,3,3
1097,745,./back_view_dataset_videos/14.mov,Left,167.5,12.8,18.2,-2.4,-0.5,-0.1145,1.5322,-0.2335,0.7932,-0.9938,-0.6595,1.0621,-0.0244,-0.0114,0.119,2,1,0,3,3
1098,766,./back_view_dataset_videos/14.mov,Right,168.5,10.9,23.6,0.3,0.4,0.0271,1.4412,0.1601,0.7117,-0.996,0.585,1.086,0.0025,0.0075,-0.1329,2,1,0,3,3
1099,788,./back_view_dataset_videos/14.mov,Left,167.5,15.1,18.2,-0.6,-1.3,-0.0941,1.5627,-0.2496,0.803,-0.9856,-0.6545,1.009,-0.0062,-0.0276,0.1555,2,0,0,3,3
1100,808,./back_view_dataset_videos/14.mov,Right,170.4,6.7,23.6,-0.2,-2.0,0.1002,1.5125,0.1877,0.7643,-1.0193,0.5363,0.9793,-0.0023,-0.039,-0.0875,2,3,0,3,3
1101,832,./back_view_dataset_videos/14.mov,Left,168.7,12.2,18.2,-2.3,-1.5,-0.0904,1.5828,-0.2566,0.815,-0.9813,-0.6778,0.994,-0.0239,-0.0332,0.1662,2,1,0,3,3
1102,875,./back_view_dataset_videos/14.mov,Left,154.2,10.7,18.2,-1.0,-1.1,-0.0623,1.5006,-0.2012,0.7684,-0.9875,-0.6602,0.9637,-0.0101,-0.0234,0.1389,1,1,0,3,3
1103,898,./back_view_dataset_videos/14.mov,Right,157.1,13.2,23.6,1.0,0.6,0.0094,1.4685,0.1895,0.6992,-0.9935,0.6166,0.9588,0.0097,0.0118,-0.1801,1,1,0,3,3
1104,919,./back_view_dataset_videos/14.mov,Left,156.0,10.9,18.2,-1.6,-1.2,-0.0945,1.5625,-0.2399,0.8066,-0.9855,-0.6765,0.9645,-0.0161,-0.0272,0.1455,1,1,0,3,3
1105,943,./back_view_dataset_videos/14.mov,Right,153.3,10.3,23.6,1.2,1.6,0.0617,1.4729,0.2022,0.7009,-0.9824,0.6267,0.996,0.0119,0.0328,-0.1405,1,1,0,3,3
1106,962,./back_view_dataset_videos/14.mov,Left,155.6,9.9,18.2,-1.2,-1.5,-0.0804,1.4896,-0.2099,0.7495,-0.9829,-0.6581,0.96,-0.012,-0.0324,0.1295,1,2,0,3,3
1107,983,./back_view_dataset_videos/14.mov,Right,156.6,5.7,23.6,-2.8,-1.6,0.1101,1.6351,0.1892,0.8379,-1.0159,0.5849,0.9446,-0.0265,-0.0319,-0.0792,1,3,0,3,3
1108,1007,./back_view_dataset_videos/14.mov,Left,152.8,10.2,18.2,-2.0,-2.0,-0.0975,1.4583,-0.2301,0.7251,-0.9758,-0.6944,0.9908,-0.02,-0.0422,0.1326,1,1,0,3,3
1109,1028,./back_view_dataset_videos/14.mov,Right,155.5,13.4,23.6,0.8,-0.6,0.0577,1.5049,0.1935,0.7347,-1.0061,0.5752,0.9572,0.0074,-0.0123,-0.1358,1,1,0,3,3
1110,1049,./back_view_dataset_videos/14.mov,Left,166.5,7.9,18.2,-1.5,-0.6,-0.1228,1.5147,-0.2252,0.7755,-0.9927,-0.6595,0.9705,-0.0149,-0.0131,0.1024,2,2,0,3,3
1111,1075,./back_view_dataset_videos/14.mov,Right,164.2,10.7,24.6,0.8,0.8,0.0501,1.4878,0.1959,0.7178,-0.991,0.6176,1.0195,0.0075,0.0167,-0.1458,1,1,0,3,3
1112,1094,./back_view_dataset_videos/14.mov,Left,166.5,10.7,18.2,-2.0,-2.3,-0.0924,1.4585,-0.2273,0.7428,-0.9742,-0.669,0.9654,-0.0204,-0.0478,0.1349,2,1,0,3,3
1113,1115,./back_view_dataset_videos/14.mov,Right,169.1,14.0,24.6,-0.6,-0.0,-0.0031,1.4397,0.1756,0.7224,-1.0002,0.5881,0.964,-0.0055,-0.0006,-0.1787,2,1,0,3,3
1114,1136,./back_view_dataset_videos/14.mov,Left,166.9,9.3,18.2,-1.1,-1.3,-0.1004,1.4498,-0.2165,0.7397,-0.986,-0.6305,0.9761,-0.011,-0.0273,0.1161,2,2,0,3,3
1115,1157,./back_view_dataset_videos/14.mov,Right,166.9,7.0,24.6,-2.2,-0.8,0.0905,1.5828,0.1495,0.858,-1.0081,0.5804,0.9748,-0.0216,-0.0162,-0.059,2,3,0,3,3
1116,1202,./back_view_dataset_videos/14.mov,Right,158.1,11.2,24.6,0.7,0.1,0.021,1.4656,0.1676,0.7274,-0.9988,0.5729,0.9897,0.0068,0.0024,-0.1467,1,1,0,3,3
1117,1223,./back_view_dataset_videos/14.mov,Left,158.1,10.6,18.2,-0.1,-0.5,-0.1017,1.4884,-0.2386,0.7539,-0.9934,-0.6633,0.9219,-0.0006,-0.0108,0.1369,1,1,0,3,3
1118,1246,./back_view_dataset_videos/14.mov,Right,156.3,13.4,24.6,1.3,1.5,0.0216,1.493,0.2014,0.7357,-0.9831,0.6379,1.0009,0.0133,0.0311,-0.1798,1,1,0,3,3
1119,1267,./back_view_dataset_videos/14.mov,Left,160.4,11.1,18.2,-0.9,0.0,-0.1108,1.5833,-0.2621,0.8099,-1.0,-0.6581,0.988,-0.0093,0.0008,0.1512,1,1,0,3,3
1120,1291,./back_view_dataset_videos/14.mov,Right,155.5,13.2,24.6,1.7,1.7,0.0241,1.5354,0.2082,0.7506,-0.9815,0.6305,1.0077,0.0165,0.0353,-0.1841,1,1,0,3,3
1121,1310,./back_view_dataset_videos/14.mov,Left,157.7,8.8,18.2,-0.8,-1.9,-0.1178,1.5148,-0.2256,0.7692,-0.9762,-0.6855,1.0259,-0.008,-0.0407,0.1078,1,2,0,3,3
1122,1333,./back_view_dataset_videos/14.mov,Right,155.9,13.6,24.6,2.3,0.6,0.0192,1.6028,0.2095,0.8135,-0.9936,0.6218,1.0201,0.0237,0.0114,-0.1903,1,1,0,3,3
1123,1354,./back_view_dataset_videos/14.mov,Left,155.9,10.0,18.2,-1.4,0.8,-0.1281,1.569,-0.265,0.7911,-1.008,-0.6475,0.9754,-0.0152,0.0178,0.1369,1,2,0,3,3
1124,1376,./back_view_dataset_videos/14.mov,Right,166.3,10.3,24.6,2.0,1.7,0.0544,1.6136,0.2059,0.7812,-0.9807,0.6476,1.0534,0.0205,0.0369,-0.1515,2,1,0,3,3
1125,1397,./back_view_dataset_videos/14.mov,Left,166.3,9.9,18.2,-0.9,-0.2,-0.1366,1.5187,-0.2702,0.756,-0.9967,-0.6478,0.9633,-0.0091,-0.0048,0.1337,2,2,0,3,3
1126,1420,./back_view_dataset_videos/14.mov,Right,166.3,12.0,24.6,2.2,1.6,0.0385,1.6284,0.2167,0.7888,-0.9826,0.6364,1.0573,0.0218,0.0316,-0.1782,2,1,0,3,3
1127,1441,./back_view_dataset_videos/14.mov,Left,166.3,8.6,18.2,-0.9,0.6,-0.1433,1.6137,-0.2656,0.8075,-1.005,-0.6685,0.9585,-0.009,0.0125,0.1223,2,2,0,3,3
1128,1465,./back_view_dataset_videos/14.mov,Right,166.3,13.0,24.6,2.6,2.1,0.0282,1.5184,0.2059,0.749,-0.9775,0.6305,0.9913,0.0262,0.0403,-0.1777,2,1,0,3,3
1129,1484,./back_view_dataset_videos/14.mov,Left,166.3,12.8,18.2,-1.2,-0.2,-0.1011,1.6043,-0.2788,0.821,-0.996,-0.6859,0.9917,-0.0129,-0.0051,0.1777,2,1,0,3,3
1130,1508,./back_view_dataset_videos/14.mov,Right,165.5,12.7,24.6,1.0,2.7,0.0169,1.5285,0.1977,0.728,-0.9724,0.6181,1.0049,0.0101,0.0521,-0.1807,2,1,0,3,3
1131,1526,./back_view_dataset_videos/14.mov,Left,169.1,14.7,19.3,-0.6,-0.4,-0.1334,1.5081,-0.2286,0.7453,-0.9954,-0.6398,1.1555,-0.0058,-0.0092,0.0952,2,1,0,3,3
1132,1550,./back_view_dataset_videos/14.mov,Right,167.4,13.2,24.6,0.8,0.8,-0.0138,1.4398,0.1623,0.6919,-0.9916,0.5504,1.1328,0.0081,0.0163,-0.176,2,1,0,3,3
1133,1570,./back_view_dataset_videos/14.mov,Left,168.4,12.6,19.3,-2.2,-1.6,-0.0975,1.5856,-0.2725,0.801,-0.9781,-0.7257,1.1825,-0.0229,-0.0355,0.175,2,1,0,3,3
1134,1591,./back_view_dataset_videos/14.mov,Right,170.3,15.1,24.6,0.1,-1.2,0.0221,1.5002,0.2217,0.7618,-1.0108,0.5265,0.8034,0.0008,-0.0225,-0.1995,2,0,0,3,3
1135,1612,./back_view_dataset_videos/14.mov,Left,170.3,16.0,20.5,-1.6,-2.1,-0.0727,1.5207,-0.193,0.8014,-0.9758,-0.6818,1.0178,-0.0157,-0.0451,0.1203,2,0,0,3,3
1136,1634,./back_view_dataset_videos/14.mov,Right,172.0,14.4,24.6,0.7,1.2,0.021,1.4451,0.203,0.7382,-0.9883,0.5692,0.9411,0.0062,0.0233,-0.1821,2,1,0,3,3
1137,1655,./back_view_dataset_videos/14.mov,Left,169.7,8.5,20.5,-0.7,-0.8,-0.1189,1.5005,-0.2268,0.7749,-0.9903,-0.6663,0.9684,-0.0068,-0.0164,0.1079,2,2,0,3,3
1138,1678,./back_view_dataset_videos/14.mov,Right,170.6,13.2,24.6,1.8,2.0,0.0002,1.501,0.1812,0.7273,-0.9799,0.5994,0.9782,0.0177,0.0397,-0.1811,2,1,0,3,3
1139,1699,./back_view_dataset_videos/14.mov,Left,167.0,11.7,20.5,-0.3,-1.3,-0.0765,1.512,-0.2251,0.7943,-0.9822,-0.6945,1.0452,-0.0029,-0.0285,0.1486,2,1,0,3,3
1140,1720,./back_view_dataset_videos/14.mov,Right,169.7,12.0,24.6,2.0,0.5,0.0132,1.4983,0.1738,0.7424,-0.9947,0.5644,0.9457,0.0203,0.0105,-0.1606,2,1,0,3,3
1141,1742,./back_view_dataset_videos/14.mov,Left,167.6,14.6,20.5,-2.6,-1.8,-0.0548,1.472,-0.2412,0.7554,-0.979,-0.6707,1.0119,-0.0262,-0.0367,0.1864,2,1,0,3,3
1142,1762,./back_view_dataset_videos/14.mov,Right,168.7,11.5,24.6,1.6,-0.9,0.0275,1.563,0.1854,0.786,-1.0089,0.5722,0.9742,0.0159,-0.0178,-0.1579,2,1,0,3,3
1143,1783,./back_view_dataset_videos/14.mov,Left,168.7,11.6,20.5,-0.8,0.2,-0.138,1.5146,-0.233,0.776,-1.0013,-0.6359,0.9995,-0.0077,0.0033,0.095,2,1,0,3,3
1144,1807,./back_view_dataset_videos/14.mov,Right,167.0,17.1,24.6,2.3,1.6,-0.0544,1.4821,0.1708,0.7481,-0.9832,0.6062,1.0129,0.0224,0.0325,-0.2252,2,0,0,3,3
1145,1828,./back_view_dataset_videos/14.mov,Left,167.0,12.0,20.5,-3.2,-1.9,-0.0881,1.4399,-0.2345,0.7498,-0.9782,-0.6649,0.9661,-0.0302,-0.0394,0.1464,2,1,0,3,3
1146,1849,./back_view_dataset_videos/14.mov,Right,168.8,13.5,24.6,0.6,-0.8,0.031,1.4701,0.2051,0.7455,-1.0082,0.583,0.9248,0.006,-0.0163,-0.1741,2,1,0,3,3
1147,1870,./back_view_dataset_videos/14.mov,Left,168.8,14.3,20.5,-1.3,-0.8,-0.1147,1.5721,-0.2423,0.8211,-0.9885,-0.6964,1.019,-0.0135,-0.0168,0.1277,2,1,0,3,3
1148,1892,./back_view_dataset_videos/14.mov,Right,167.9,14.6,24.6,1.5,1.9,-0.0063,1.4558,0.1884,0.7098,-0.9801,0.613,0.9478,0.015,0.039,-0.1947,2,1,0,3,3
1149,1913,./back_view_dataset_videos/14.mov,Left,168.8,15.5,20.5,-2.3,-2.1,-0.0612,1.4589,-0.2027,0.7664,-0.9751,-0.6822,1.0552,-0.0219,-0.0436,0.1416,2,0,0,3,3
1150,1936,./back_view_dataset_videos/14.mov,Right,165.9,15.0,24.6,0.1,1.8,-0.0259,1.4276,0.169,0.7017,-0.9818,0.5879,1.0489,0.001,0.036,-0.1949,2,0,0,3,3
1151,1955,./back_view_dataset_videos/14.mov,Left,168.2,11.5,20.5,-0.9,-0.9,-0.0425,1.4575,-0.1816,0.7714,-0.9879,-0.672,1.0291,-0.0093,-0.0183,0.1391,2,1,0,3,3
1152,1979,./back_view_dataset_videos/14.mov,Right,168.2,14.7,24.6,1.1,0.9,-0.0275,1.4279,0.1717,0.6714,-0.991,0.5534,1.1108,0.0112,0.0176,-0.1991,2,1,0,3,3
1153,1999,./back_view_dataset_videos/14.mov,Left,169.2,13.0,20.5,-1.4,0.1,-0.0824,1.4247,-0.2426,0.732,-0.9972,-0.6727,1.0297,-0.0138,0.0018,0.1602,2,1,0,3,3
1154,2021,./back_view_dataset_videos/14.mov,Right,168.3,13.9,24.6,0.5,0.9,0.03,1.3536,0.1997,0.6669,-0.9911,0.5773,0.9897,0.005,0.0177,-0.1697,2,1,0,3,3
1155,2042,./back_view_dataset_videos/14.mov,Left,168.3,9.4,20.5,-1.8,-1.2,-0.104,1.5225,-0.2256,0.7851,-0.9824,-0.7194,1.052,-0.0176,-0.0273,0.1217,2,2,0,3,3
1156,2063,./back_view_dataset_videos/14.mov,Right,169.2,13.5,24.6,-1.3,-0.9,0.0166,1.4231,0.1868,0.7164,-1.0094,0.5626,0.9403,-0.012,-0.0188,-0.1702,2,1,0,3,3
1157,28,./back_view_dataset_videos/15.mov,Left,0,12.2,9.9,-2.3,-2.4,-0.047,1.4998,-0.2072,0.7598,-0.968,-0.7236,1.0523,-0.0231,-0.0508,0.1602,0,1,1,3,3
1158,47,./back_view_dataset_videos/15.mov,Right,188.3,11.2,14.6,0.1,-1.2,0.0189,1.4766,0.1554,0.7899,-1.0118,0.531,0.9371,0.0012,-0.0237,-0.1365,3,1,0,3,3
1159,70,./back_view_dataset_videos/15.mov,Left,172.0,12.0,12.9,-1.7,-2.1,-0.0394,1.5302,-0.1977,0.7884,-0.9755,-0.6746,1.0053,-0.0173,-0.0446,0.1583,2,1,1,3,3
1160,92,./back_view_dataset_videos/15.mov,Right,168.8,12.7,14.6,2.0,1.6,0.0372,1.5823,0.2224,0.7621,-0.9837,0.6068,0.9497,0.0199,0.0321,-0.1852,2,1,0,3,3
1161,112,./back_view_dataset_videos/15.mov,Left,171.4,11.5,14.2,-2.8,-1.8,-0.0839,1.5194,-0.231,0.7991,-0.9768,-0.6985,0.9561,-0.0278,-0.0388,0.1472,2,1,0,3,3
1162,134,./back_view_dataset_videos/15.mov,Right,169.6,14.1,14.6,1.2,1.1,0.0226,1.5438,0.2212,0.756,-0.9884,0.6096,0.9903,0.0116,0.0229,-0.1986,2,1,0,3,3
1163,154,./back_view_dataset_videos/15.mov,Left,171.2,13.8,17.5,-4.0,-1.9,-0.1068,1.5018,-0.2196,0.7593,-0.9755,-0.7009,1.0541,-0.0397,-0.0407,0.1129,2,1,0,3,3
1164,176,./back_view_dataset_videos/15.mov,Right,170.0,13.8,14.6,1.2,0.2,0.0429,1.4598,0.228,0.7085,-0.9978,0.5725,0.9375,0.011,0.0045,-0.1851,2,1,0,3,3
1165,196,./back_view_dataset_videos/15.mov,Left,171.1,15.0,19.9,-2.7,-1.9,-0.0655,1.4685,-0.1901,0.7655,-0.9748,-0.6898,0.9993,-0.026,-0.039,0.1246,2,1,0,3,3
1166,217,./back_view_dataset_videos/15.mov,Right,168.8,9.1,15.2,-1.7,-1.6,0.0963,1.5017,0.212,0.7808,-1.0151,0.5201,0.8821,-0.0168,-0.0318,-0.1157,2,2,0,3,3
1167,239,./back_view_dataset_videos/15.mov,Left,169.7,14.7,22.0,-2.8,-2.2,-0.081,1.4556,-0.2054,0.7491,-0.9723,-0.7089,1.006,-0.0268,-0.0461,0.1245,2,1,0,3,3
1168,260,./back_view_dataset_videos/15.mov,Right,170.7,12.6,15.2,0.2,-0.3,0.0283,1.5674,0.2016,0.7912,-1.0026,0.5527,0.975,0.0019,-0.0069,-0.1733,2,1,0,3,3
1169,280,./back_view_dataset_videos/15.mov,Left,170.7,13.4,22.0,-1.9,-0.8,-0.1181,1.4804,-0.1896,0.7431,-0.9902,-0.6599,0.9971,-0.0179,-0.0159,0.0716,2,1,0,3,3
1170,302,./back_view_dataset_videos/15.mov,Right,170.7,12.1,16.3,0.1,-1.0,0.0466,1.4755,0.2039,0.7407,-1.0097,0.538,0.8974,0.0006,-0.0206,-0.1573,2,1,0,3,3
1171,322,./back_view_dataset_videos/15.mov,Left,170.7,16.8,22.4,-1.2,-0.7,-0.1233,1.5562,-0.2323,0.816,-0.9898,-0.6971,1.1045,-0.0125,-0.0144,0.109,2,0,0,3,3
1172,344,./back_view_dataset_videos/15.mov,Right,170.7,8.2,18.1,0.6,-0.5,0.098,1.4596,0.2046,0.7206,-1.0049,0.5393,0.9666,0.0057,-0.011,-0.1066,2,2,0,3,3
1173,367,./back_view_dataset_videos/15.mov,Left,167.8,16.0,23.5,-2.4,-2.4,-0.02,1.4353,-0.2167,0.7484,-0.9692,-0.7027,1.0138,-0.0243,-0.0506,0.1968,2,0,0,3,3
1174,386,./back_view_dataset_videos/15.mov,Right,170.0,13.2,24.4,-0.7,-0.9,0.0309,1.5339,0.1869,0.7754,-1.0066,0.5143,0.9449,-0.0068,-0.0174,-0.156,2,1,0,3,3
1175,406,./back_view_dataset_videos/15.mov,Left,172.0,6.6,23.5,-0.7,0.7,-0.1463,1.5435,-0.2348,0.7766,-1.0058,-0.6714,0.9667,-0.0074,0.0142,0.0885,2,3,0,3,3
1176,428,./back_view_dataset_videos/15.mov,Right,171.1,10.9,24.4,0.4,-1.0,0.043,1.5626,0.1889,0.8042,-1.0099,0.5457,0.9129,0.0043,-0.0214,-0.1458,2,1,0,3,3
1177,452,./back_view_dataset_videos/15.mov,Left,167.3,13.8,23.5,-2.9,-1.5,-0.0973,1.446,-0.2687,0.7458,-0.9801,-0.6916,1.0025,-0.03,-0.031,0.1714,2,1,0,3,3
1178,472,./back_view_dataset_videos/15.mov,Right,169.4,13.0,24.4,0.7,-0.0,0.0241,1.4651,0.1944,0.7255,-1.0003,0.5559,0.9313,0.0063,-0.0007,-0.1703,2,1,0,3,3
1179,493,./back_view_dataset_videos/15.mov,Left,168.3,12.2,23.5,-1.1,-1.2,-0.036,1.4638,-0.1893,0.754,-0.9848,-0.67,0.9671,-0.0113,-0.0264,0.1532,2,1,0,3,3
1180,514,./back_view_dataset_videos/15.mov,Right,169.3,13.1,24.4,0.7,0.0,0.0081,1.3818,0.1693,0.6905,-0.9996,0.5322,0.8957,0.0061,0.0008,-0.1612,2,1,0,3,3
1181,533,./back_view_dataset_videos/15.mov,Left,173.4,10.3,23.5,0.6,0.7,-0.0987,1.5599,-0.2193,0.7833,-1.0063,-0.6458,0.9451,0.0058,0.0149,0.1206,2,1,0,3,3
1182,554,./back_view_dataset_videos/15.mov,Right,171.1,11.5,27.9,-1.5,-1.9,0.1156,1.4999,0.1912,0.786,-1.0169,0.506,0.921,-0.0134,-0.0351,-0.0756,2,1,0,3,3
1183,578,./back_view_dataset_videos/15.mov,Left,167.4,12.7,23.5,-1.5,-1.6,-0.0602,1.5714,-0.232,0.8077,-0.979,-0.7063,1.0361,-0.0153,-0.035,0.1717,2,1,0,3,3
1184,601,./back_view_dataset_videos/15.mov,Right,166.5,15.8,27.9,0.6,-0.7,0.0015,1.4978,0.2158,0.7418,-1.0068,0.5593,0.9362,0.0061,-0.0137,-0.2142,2,0,0,3,3
1185,620,./back_view_dataset_videos/15.mov,Left,171.4,10.0,23.5,-2.5,-1.4,-0.0534,1.5128,-0.1854,0.7653,-0.982,-0.6823,1.0171,-0.0244,-0.0307,0.1321,2,1,0,3,3
1186,643,./back_view_dataset_videos/15.mov,Right,168.5,14.0,27.9,0.2,-0.5,0.0103,1.4574,0.194,0.7206,-1.0043,0.5405,0.8846,0.002,-0.009,-0.1836,2,1,0,3,3
1187,664,./back_view_dataset_videos/15.mov,Left,168.5,14.0,23.5,-3.3,-2.5,-0.0572,1.4832,-0.2311,0.7444,-0.9701,-0.6846,1.0193,-0.0318,-0.0513,0.1739,2,1,0,3,3
1188,686,./back_view_dataset_videos/15.mov,Right,167.5,12.4,27.9,1.4,0.8,0.0385,1.4909,0.212,0.703,-0.9919,0.5927,0.9497,0.0136,0.0155,-0.1735,2,1,0,3,3
1189,706,./back_view_dataset_videos/15.mov,Left,166.4,15.5,23.5,-1.5,-2.1,-0.008,1.4853,-0.2059,0.7704,-0.9745,-0.6761,0.979,-0.0146,-0.0443,0.1979,2,0,0,3,3
1190,727,./back_view_dataset_videos/15.mov,Right,166.4,15.6,27.9,-1.6,-0.9,0.0474,1.5715,0.2205,0.7811,-1.0088,0.5572,0.9426,-0.0158,-0.0178,-0.1731,2,0,0,3,3
1191,748,./back_view_dataset_videos/15.mov,Left,169.0,15.5,23.7,-1.6,-1.6,-0.0695,1.485,-0.2072,0.7581,-0.9803,-0.6808,0.9555,-0.0154,-0.0334,0.1376,2,0,0,3,3
1192,767,./back_view_dataset_videos/15.mov,Right,173.1,9.9,27.9,-4.4,-2.8,0.0507,1.605,0.1834,0.8429,-1.0267,0.5138,0.934,-0.0425,-0.0552,-0.1328,2,2,0,3,3
1193,790,./back_view_dataset_videos/15.mov,Left,169.0,16.9,23.7,-1.1,-1.3,-0.0046,1.4945,-0.2236,0.7747,-0.984,-0.6688,0.9718,-0.0113,-0.0268,0.219,2,0,0,3,3
1194,811,./back_view_dataset_videos/15.mov,Right,170.9,14.3,27.9,-0.5,-0.9,0.0879,1.5624,0.211,0.7991,-1.0089,0.5412,1.011,-0.0052,-0.0184,-0.1232,2,1,0,3,3
1195,832,./back_view_dataset_videos/15.mov,Left,170.9,10.7,23.7,-2.5,-1.8,-0.0817,1.4867,-0.2221,0.7451,-0.9775,-0.6862,0.9652,-0.0242,-0.037,0.1404,2,1,0,3,3
1196,851,./back_view_dataset_videos/15.mov,Right,174.1,9.2,27.9,-3.3,-2.3,0.0807,1.5346,0.198,0.809,-1.0216,0.5153,0.9024,-0.0331,-0.0448,-0.1173,2,2,0,3,3
1197,874,./back_view_dataset_videos/15.mov,Left,171.2,14.6,23.7,-1.8,-0.8,-0.0849,1.5609,-0.2688,0.8243,-0.9885,-0.6934,1.02,-0.0188,-0.0183,0.184,2,1,0,3,3
1198,895,./back_view_dataset_videos/15.mov,Right,171.2,10.3,28.9,-0.9,-1.7,0.0481,1.4874,0.1803,0.7635,-1.0162,0.5498,0.9569,-0.0086,-0.0326,-0.1322,2,1,0,3,3
1199,916,./back_view_dataset_videos/15.mov,Left,171.2,13.0,23.7,-1.0,-0.6,-0.0579,1.5061,-0.2248,0.7834,-0.9926,-0.6591,1.0115,-0.0098,-0.0122,0.1669,2,1,0,3,3
1200,935,./back_view_dataset_videos/15.mov,Right,171.2,10.0,28.9,-2.9,-4.4,0.0836,1.5498,0.2177,0.7925,-1.0408,0.4892,0.9056,-0.0273,-0.0844,-0.1341,2,1,0,3,3
1201,958,./back_view_dataset_videos/15.mov,Left,171.2,16.8,23.7,-0.6,-0.8,-0.0136,1.5682,-0.2383,0.8259,-0.9888,-0.6907,1.0058,-0.0059,-0.0161,0.2246,2,0,0,3,3
1202,979,./back_view_dataset_videos/15.mov,Right,171.2,14.9,35.4,-0.6,-2.0,0.0782,1.544,0.2082,0.817,-1.0197,0.5365,0.9691,-0.0058,-0.0404,-0.13,2,1,0,3,3
1203,1003,./back_view_dataset_videos/15.mov,Left,168.5,18.0,23.7,-3.3,-1.1,-0.042,1.3855,-0.2587,0.7194,-0.9854,-0.6681,1.0287,-0.0321,-0.0219,0.2167,2,0,0,3,3
1204,1021,./back_view_dataset_videos/15.mov,Right,169.8,11.0,35.4,-0.6,-2.7,0.1073,1.511,0.2045,0.7795,-1.0245,0.4977,0.9801,-0.0061,-0.051,-0.0972,2,1,0,3,3
1205,1046,./back_view_dataset_videos/15.mov,Left,168.3,17.2,25.0,-3.4,-2.9,-0.0293,1.489,-0.2307,0.7562,-0.9642,-0.681,0.9753,-0.033,-0.0572,0.2013,2,0,0,3,3
1206,1063,./back_view_dataset_videos/15.mov,Right,173.3,9.7,35.4,-0.6,-2.4,0.0634,1.4443,0.1822,0.7523,-1.0211,0.492,0.8887,-0.006,-0.045,-0.1189,2,2,0,3,3
1207,1084,./back_view_dataset_videos/15.mov,Left,173.3,9.8,25.0,-1.1,-0.7,-0.0836,1.6015,-0.2179,0.8264,-0.9902,-0.6855,1.0322,-0.0117,-0.0161,0.1343,2,2,0,3,3
1208,1130,./back_view_dataset_videos/15.mov,Left,159.5,15.9,25.0,-3.1,-3.1,-0.0376,1.4533,-0.2405,0.7422,-0.9614,-0.6921,1.0119,-0.0306,-0.0621,0.2029,1,0,0,3,3
1209,1148,./back_view_dataset_videos/15.mov,Right,164.9,13.3,35.4,-0.1,-1.1,0.0354,1.5447,0.2166,0.7763,-1.0105,0.561,0.9153,-0.0007,-0.0211,-0.1812,1,1,0,3,3
1210,1172,./back_view_dataset_videos/15.mov,Left,162.2,14.3,25.0,-2.2,-3.3,-0.0263,1.4689,-0.211,0.743,-0.9625,-0.6701,1.0474,-0.0212,-0.0661,0.1847,1,1,0,3,3
1211,1190,./back_view_dataset_videos/15.mov,Right,168.4,14.7,35.4,-0.4,-1.0,-0.0218,1.541,0.1771,0.7838,-1.0095,0.5397,0.9235,-0.0036,-0.0199,-0.1989,2,1,0,3,3
1212,1211,./back_view_dataset_videos/15.mov,Left,164.9,13.1,25.0,-0.7,-0.7,-0.0415,1.5963,-0.2193,0.8296,-0.9885,-0.7156,1.047,-0.0076,-0.0146,0.1777,1,1,0,3,3
1213,1232,./back_view_dataset_videos/15.mov,Right,168.3,12.3,35.4,0.0,-1.8,0.0815,1.5517,0.2259,0.7754,-1.0175,0.5417,0.9215,0.0001,-0.0354,-0.1444,2,1,0,3,3
1214,1256,./back_view_dataset_videos/15.mov,Left,160.6,15.7,25.0,-3.1,-2.9,-0.0463,1.4845,-0.2445,0.7803,-0.9641,-0.6978,0.9743,-0.0303,-0.0581,0.1982,1,0,0,3,3
1215,1274,./back_view_dataset_videos/15.mov,Right,164.1,16.0,35.4,-0.4,-0.3,0.0669,1.5364,0.2099,0.7784,-1.0033,0.547,0.9132,-0.0035,-0.0069,-0.1429,1,0,0,3,3
1216,1295,./back_view_dataset_videos/15.mov,Left,175.7,11.6,25.0,-0.5,-1.0,-0.0801,1.581,-0.1955,0.8262,-0.9863,-0.6857,1.0029,-0.0048,-0.0225,0.1154,3,1,0,3,3
1217,1315,./back_view_dataset_videos/15.mov,Right,173.2,13.7,35.4,-2.9,-3.8,0.1401,1.5395,0.227,0.772,-1.0345,0.4824,0.9011,-0.0284,-0.0724,-0.0868,2,1,0,3,3
1218,1339,./back_view_dataset_videos/15.mov,Left,173.2,13.9,25.0,-2.4,-1.7,-0.0174,1.5157,-0.2015,0.7696,-0.978,-0.7005,1.0116,-0.0236,-0.0352,0.1841,2,1,0,3,3
1219,1358,./back_view_dataset_videos/15.mov,Right,171.9,9.1,35.4,0.0,-3.0,0.0751,1.6113,0.1996,0.8339,-1.0294,0.5429,0.9354,0.0005,-0.0599,-0.1245,2,2,0,3,3
1220,1381,./back_view_dataset_videos/15.mov,Left,170.1,14.5,25.0,-1.6,-1.5,-0.0532,1.5699,-0.2491,0.8135,-0.98,-0.7116,1.0139,-0.0164,-0.0332,0.1959,2,1,0,3,3
1221,1399,./back_view_dataset_videos/15.mov,Right,173.6,15.1,35.4,-3.9,-3.5,0.0993,1.6128,0.2113,0.8085,-1.0326,0.4989,0.8451,-0.0369,-0.0683,-0.112,2,0,0,3,3
1222,1423,./back_view_dataset_videos/15.mov,Left,173.6,13.8,25.0,-2.3,-1.7,-0.0431,1.5991,-0.1956,0.8161,-0.9777,-0.7209,1.0348,-0.0228,-0.0376,0.1525,2,1,0,3,3
1223,1442,./back_view_dataset_videos/15.mov,Right,172.3,7.6,35.4,-2.3,-2.5,0.1438,1.5426,0.247,0.7705,-1.0237,0.5109,0.9047,-0.0231,-0.0499,-0.1032,2,2,0,3,3
1224,1465,./back_view_dataset_videos/15.mov,Left,170.5,13.4,25.0,-2.4,-1.6,-0.0107,1.5249,-0.183,0.8013,-0.979,-0.7017,1.0597,-0.0241,-0.034,0.1723,2,1,0,3,3
1225,1486,./back_view_dataset_videos/15.mov,Right,169.4,14.2,35.4,0.2,-0.0,0.0293,1.4517,0.2148,0.7166,-1.0,0.5629,0.9513,0.0017,-0.0,-0.1855,2,1,0,3,3
1226,1505,./back_view_dataset_videos/15.mov,Left,174.3,8.6,25.0,-1.1,0.4,-0.0658,1.5767,-0.1864,0.7788,-1.0011,-0.6766,1.0955,-0.0115,0.0086,0.1206,2,2,0,3,3
1227,1528,./back_view_dataset_videos/15.mov,Right,170.2,10.6,35.4,-0.0,-1.4,0.0845,1.5679,0.1996,0.7902,-1.0138,0.54,0.9639,-0.0002,-0.0282,-0.115,2,1,0,3,3
1228,1550,./back_view_dataset_videos/15.mov,Left,171.1,12.7,25.0,-1.8,-2.1,-0.0574,1.5641,-0.2324,0.7861,-0.9751,-0.6767,1.0066,-0.0191,-0.0443,0.175,2,1,0,3,3
1229,1571,./back_view_dataset_videos/15.mov,Right,167.5,10.5,35.4,0.9,-0.2,0.0554,1.6707,0.2096,0.8363,-1.0012,0.6355,1.0242,0.0095,-0.0041,-0.1542,2,1,0,3,3
1230,1592,./back_view_dataset_videos/15.mov,Left,170.2,16.3,25.0,-2.2,-1.1,-0.0001,1.5895,-0.23,0.8048,-0.9851,-0.6951,0.9977,-0.023,-0.0244,0.2298,2,0,0,3,3
1231,1610,./back_view_dataset_videos/15.mov,Right,171.5,5.2,35.4,-3.9,-2.9,0.0885,1.6098,0.1511,0.8402,-1.0264,0.5005,0.9154,-0.0379,-0.055,-0.0626,2,3,0,3,3
1232,1633,./back_view_dataset_videos/15.mov,Left,171.5,9.9,25.0,-1.3,-0.1,-0.1371,1.5512,-0.2404,0.787,-0.996,-0.7085,0.9766,-0.013,-0.0019,0.1032,2,2,0,3,3
1233,1655,./back_view_dataset_videos/15.mov,Right,170.5,15.0,35.4,0.6,-0.5,0.0003,1.5492,0.1932,0.7821,-1.0047,0.5935,0.9809,0.006,-0.0093,-0.193,2,1,0,3,3
1234,1676,./back_view_dataset_videos/15.mov,Left,168.3,12.7,25.0,-3.4,-2.3,-0.0567,1.5098,-0.225,0.763,-0.9731,-0.6838,1.0101,-0.034,-0.0485,0.1683,2,1,0,3,3
1235,1699,./back_view_dataset_videos/15.mov,Right,168.3,10.4,35.4,0.8,0.1,0.0519,1.4419,0.1843,0.7121,-0.9985,0.5812,1.0707,0.0078,0.0028,-0.1324,2,1,0,3,3
1236,1718,./back_view_dataset_videos/15.mov,Left,171.5,13.1,25.0,-1.4,-1.4,-0.0216,1.5495,-0.2017,0.777,-0.983,-0.6746,1.1613,-0.0146,-0.0297,0.1802,2,1,0,3,3
1237,1741,./back_view_dataset_videos/15.mov,Right,169.7,12.7,35.4,1.2,0.6,-0.0211,1.5258,0.1556,0.7434,-0.9933,0.6016,0.9617,0.0122,0.0128,-0.1766,2,1,0,3,3
1238,1762,./back_view_dataset_videos/15.mov,Left,169.7,16.3,25.0,-2.2,-2.4,-0.0151,1.4843,-0.2312,0.7448,-0.9704,-0.6913,0.9994,-0.0219,-0.051,0.2161,2,0,0,3,3
1239,14,./back_view_dataset_videos/16.mov,Left,0,5.7,9.0,0.4,2.4,-0.1245,1.4356,-0.1865,0.7065,-1.0236,-0.5657,0.9947,0.0043,0.0472,0.062,0,3,1,3,3
1240,41,./back_view_dataset_videos/16.mov,Right,132.8,19.8,30.8,-0.9,-1.3,0.0304,1.4651,0.1858,0.7256,-1.0118,0.5273,0.996,-0.0084,-0.0246,-0.1554,0,0,0,3,3
1241,62,./back_view_dataset_videos/16.mov,Left,151.8,12.5,15.4,-1.9,-1.3,-0.0594,1.4808,-0.2163,0.7709,-0.9856,-0.6563,0.9742,-0.0193,-0.0272,0.1569,1,1,0,3,3
1242,83,./back_view_dataset_videos/16.mov,Right,158.1,15.8,30.8,-0.3,0.2,-0.0078,1.5028,0.1884,0.7412,-0.9975,0.5682,0.9737,-0.003,0.0049,-0.1963,1,0,0,3,3
1243,103,./back_view_dataset_videos/16.mov,Left,163.4,13.4,15.9,-1.4,-1.3,-0.0388,1.4917,-0.2085,0.7804,-0.9848,-0.6683,0.968,-0.0136,-0.0281,0.1697,1,1,0,3,3
1244,125,./back_view_dataset_videos/16.mov,Right,163.3,16.1,30.8,-0.6,-0.1,0.0098,1.3251,0.2072,0.6403,-1.0005,0.5281,0.8642,-0.0053,-0.0012,-0.1974,1,0,0,3,3
1245,146,./back_view_dataset_videos/16.mov,Left,164.5,13.6,15.9,-1.7,-1.7,-0.0473,1.5085,-0.221,0.7898,-0.9799,-0.6738,0.9847,-0.0173,-0.0382,0.1737,1,1,0,3,3
1246,167,./back_view_dataset_videos/16.mov,Right,165.4,18.4,30.8,1.1,0.5,-0.0044,1.4689,0.2079,0.7045,-0.9952,0.5715,0.9269,0.0103,0.0094,-0.2123,2,0,0,3,3
1247,188,./back_view_dataset_videos/16.mov,Left,166.1,17.2,15.9,-2.2,-2.5,-0.0087,1.5238,-0.2288,0.8123,-0.9706,-0.6835,0.9375,-0.0217,-0.0524,0.22,2,0,0,3,3
1248,206,./back_view_dataset_videos/16.mov,Right,174.4,15.3,30.8,-2.5,-2.5,0.1003,1.5761,0.1747,0.772,-1.0226,0.504,0.8678,-0.0238,-0.0471,-0.0744,2,0,0,3,3
1249,229,./back_view_dataset_videos/16.mov,Left,172.5,9.8,18.4,-1.4,-1.8,-0.1036,1.5374,-0.231,0.8026,-0.976,-0.7115,1.012,-0.0137,-0.0398,0.1274,2,2,0,3,3
1250,248,./back_view_dataset_videos/16.mov,Right,174.8,12.3,30.8,-2.5,-3.5,0.0431,1.4882,0.1657,0.7569,-1.0325,0.5225,0.9011,-0.0228,-0.0653,-0.1226,2,1,0,3,3
1251,271,./back_view_dataset_videos/16.mov,Left,171.9,15.6,19.7,-2.0,-1.9,-0.0332,1.4458,-0.2232,0.7669,-0.978,-0.6684,0.9786,-0.0194,-0.0395,0.19,2,0,0,3,3
1252,290,./back_view_dataset_videos/16.mov,Right,175.1,9.6,30.8,-2.2,-2.7,0.0591,1.4843,0.1826,0.7512,-1.025,0.5168,0.8495,-0.0205,-0.0507,-0.1235,3,2,0,3,3
1253,313,./back_view_dataset_videos/16.mov,Left,173.2,14.0,21.4,-2.7,-2.0,-0.0494,1.4071,-0.2187,0.7279,-0.9765,-0.6724,0.9735,-0.0259,-0.0422,0.1694,2,1,0,3,3
1254,334,./back_view_dataset_videos/16.mov,Right,173.2,14.3,30.8,-0.5,-0.2,0.0134,1.4172,0.1961,0.703,-1.0024,0.5724,0.9441,-0.0051,-0.0049,-0.1827,2,1,0,3,3
1255,355,./back_view_dataset_videos/16.mov,Left,173.2,13.1,21.4,-3.6,-3.0,-0.0613,1.41,-0.2175,0.7408,-0.9666,-0.665,0.99,-0.0347,-0.0611,0.1562,2,1,0,3,3
1256,376,./back_view_dataset_videos/16.mov,Right,169.7,17.5,30.8,-0.4,0.1,-0.0231,1.4574,0.1752,0.6968,-0.9992,0.5925,1.0035,-0.0044,0.001,-0.1983,2,0,0,3,3
1257,397,./back_view_dataset_videos/16.mov,Left,171.5,15.5,21.4,-2.3,-2.2,-0.0598,1.3819,-0.245,0.7155,-0.9746,-0.6529,0.9313,-0.0237,-0.0448,0.1852,2,0,0,3,3
1258,413,./back_view_dataset_videos/16.mov,Right,175.9,12.3,30.8,-1.7,-3.0,0.0349,1.5486,0.1352,0.74,-1.0275,0.5113,0.9217,-0.0159,-0.0557,-0.1003,3,1,0,3,3
1259,439,./back_view_dataset_videos/16.mov,Left,173.7,17.5,21.4,-2.6,-2.5,-0.0114,1.4141,-0.2242,0.7375,-0.9708,-0.6723,0.9883,-0.0252,-0.0515,0.2128,2,0,0,3,3
1260,455,./back_view_dataset_videos/16.mov,Right,178.1,20.6,37.8,-3.2,-3.1,0.1001,1.5544,0.1599,0.751,-1.0289,0.5107,0.9159,-0.0299,-0.0593,-0.0598,3,0,0,3,3
1261,479,./back_view_dataset_videos/16.mov,Left,177.3,16.1,23.4,-3.3,-2.6,-0.0358,1.4817,-0.2411,0.7698,-0.9669,-0.7271,1.0139,-0.0335,-0.0561,0.2053,3,0,0,3,3
1262,499,./back_view_dataset_videos/16.mov,Right,178.4,16.0,37.8,0.5,-1.0,0.0016,1.473,0.1741,0.7659,-1.0096,0.5558,0.8866,0.0049,-0.0194,-0.1725,3,0,0,3,3
1263,520,./back_view_dataset_videos/16.mov,Left,178.4,11.1,23.4,-1.2,-1.1,-0.062,1.4497,-0.1951,0.7691,-0.9883,-0.6374,0.9573,-0.0116,-0.0223,0.1331,3,1,0,3,3
1264,541,./back_view_dataset_videos/16.mov,Right,178.4,15.1,37.8,2.0,0.8,-0.0266,1.452,0.1751,0.7063,-0.9915,0.5961,1.0611,0.0195,0.0155,-0.2017,3,0,0,3,3
1265,562,./back_view_dataset_videos/16.mov,Left,178.4,13.0,23.4,-1.7,-1.1,-0.0627,1.4775,-0.2259,0.7709,-0.9866,-0.6767,0.9663,-0.0175,-0.0235,0.1633,3,1,0,3,3
1266,583,./back_view_dataset_videos/16.mov,Right,171.7,19.2,37.8,2.1,1.0,-0.0058,1.486,0.1815,0.6879,-0.9898,0.571,0.9439,0.0202,0.02,-0.1873,2,0,0,3,3
1267,604,./back_view_dataset_videos/16.mov,Left,175.8,15.8,23.4,-3.1,-1.5,-0.026,1.4216,-0.2172,0.7444,-0.9827,-0.6582,0.9653,-0.0299,-0.0316,0.1912,3,0,0,3,3
1268,622,./back_view_dataset_videos/16.mov,Right,172.7,15.6,37.8,-0.1,-1.0,0.0192,1.49,0.1908,0.7017,-1.009,0.5451,0.9104,-0.0007,-0.018,-0.1716,2,0,0,3,3
1269,643,./back_view_dataset_videos/16.mov,Left,175.4,10.7,23.4,-1.7,-0.9,-0.0774,1.5114,-0.2135,0.7946,-0.9888,-0.6758,1.0291,-0.0171,-0.0193,0.136,3,1,0,3,3
1270,664,./back_view_dataset_videos/16.mov,Right,174.3,14.3,37.8,-0.4,-1.3,0.01,1.4973,0.1781,0.738,-1.0129,0.5542,0.9768,-0.004,-0.0262,-0.1682,2,1,0,3,3
1271,685,./back_view_dataset_videos/16.mov,Left,174.3,11.8,23.4,-1.1,-1.9,-0.0986,1.4718,-0.2417,0.7694,-0.9787,-0.6628,0.9919,-0.0108,-0.04,0.1431,2,1,0,3,3
1272,704,./back_view_dataset_videos/16.mov,Right,176.5,14.6,37.8,-1.7,-2.4,0.0184,1.5178,0.1547,0.755,-1.0237,0.5637,0.8748,-0.0163,-0.0475,-0.1364,3,1,0,3,3
1273,728,./back_view_dataset_videos/16.mov,Left,173.9,16.6,23.4,-2.5,-2.3,-0.0411,1.4272,-0.249,0.7292,-0.9743,-0.6524,0.9606,-0.0249,-0.0475,0.2078,2,0,0,3,3
1274,745,./back_view_dataset_videos/16.mov,Right,178.9,10.3,37.8,-1.7,-1.5,0.0544,1.5098,0.1721,0.7699,-1.0143,0.5526,0.9468,-0.0155,-0.0287,-0.1177,3,1,0,3,3
1275,769,./back_view_dataset_videos/16.mov,Left,176.2,16.5,23.4,-2.5,-2.1,-0.0033,1.4354,-0.2023,0.7624,-0.9748,-0.6743,1.0106,-0.025,-0.044,0.1989,3,0,0,3,3
1276,787,./back_view_dataset_videos/16.mov,Right,176.2,13.7,37.8,-0.6,-1.9,0.0487,1.6009,0.1819,0.7947,-1.0174,0.5095,0.8602,-0.0056,-0.037,-0.1332,3,1,0,3,3
1277,809,./back_view_dataset_videos/16.mov,Left,175.2,10.4,23.4,-1.4,-0.9,-0.0895,1.5209,-0.2264,0.7786,-0.9897,-0.6383,0.9691,-0.0141,-0.0198,0.1369,3,1,0,3,3
1278,829,./back_view_dataset_videos/16.mov,Right,176.3,12.2,37.8,-0.5,-1.8,0.0585,1.494,0.1756,0.7521,-1.0174,0.53,0.8814,-0.0047,-0.0355,-0.1172,3,1,0,3,3
1279,851,./back_view_dataset_videos/16.mov,Left,175.3,14.2,23.4,-2.1,-1.2,-0.0665,1.4856,-0.2282,0.7737,-0.9863,-0.6661,0.9875,-0.0204,-0.025,0.1617,3,1,0,3,3
1280,875,./back_view_dataset_videos/16.mov,Right,170.4,18.2,37.8,0.7,1.8,-0.0832,1.4338,0.1657,0.6775,-0.9825,0.5826,0.9225,0.0061,0.0338,-0.2488,2,0,0,3,3
1281,895,./back_view_dataset_videos/16.mov,Left,174.2,18.7,23.8,-2.6,-2.8,0.0097,1.391,-0.2205,0.7092,-0.9666,-0.686,0.9928,-0.0241,-0.0575,0.2302,2,0,0,3,3
1282,917,./back_view_dataset_videos/16.mov,Right,168.2,18.5,37.8,1.1,1.2,-0.0361,1.3735,0.2057,0.6499,-0.9883,0.5759,0.8439,0.0101,0.0218,-0.2418,2,0,0,3,3
1283,935,./back_view_dataset_videos/16.mov,Left,174.4,12.2,23.8,-2.0,-2.6,-0.055,1.4631,-0.2076,0.7597,-0.9691,-0.6923,0.9731,-0.0201,-0.057,0.1527,2,1,0,3,3
1284,956,./back_view_dataset_videos/16.mov,Right,170.8,15.2,37.8,-1.0,-1.2,0.0054,1.3503,0.1917,0.6628,-1.0117,0.5444,0.854,-0.0092,-0.0237,-0.1863,2,0,0,3,3
1285,976,./back_view_dataset_videos/16.mov,Left,172.9,7.3,23.8,-0.2,1.5,-0.0889,1.5088,-0.1833,0.7674,-1.0146,-0.615,0.9728,-0.0022,0.0298,0.0944,2,2,0,3,3
1286,1001,./back_view_dataset_videos/16.mov,Right,168.4,16.7,37.8,0.7,1.4,-0.017,1.488,0.2215,0.692,-0.9855,0.6008,0.9351,0.0066,0.0274,-0.2385,2,0,0,3,3
1287,1019,./back_view_dataset_videos/16.mov,Left,172.9,12.8,23.8,-1.0,-2.1,-0.0689,1.4918,-0.2009,0.7798,-0.9756,-0.6786,0.9772,-0.0095,-0.0454,0.1321,2,1,0,3,3
1288,1042,./back_view_dataset_videos/16.mov,Right,173.7,15.9,37.8,-0.1,0.2,0.0138,1.3771,0.2135,0.6738,-0.9977,0.572,0.8628,-0.001,0.0044,-0.1997,2,0,0,3,3
1289,1061,./back_view_dataset_videos/16.mov,Left,174.9,11.8,23.8,-1.8,-1.2,-0.0695,1.4241,-0.211,0.7459,-0.985,-0.6617,0.9842,-0.0167,-0.0259,0.1415,2,1,0,3,3
1290,1084,./back_view_dataset_videos/16.mov,Right,174.0,16.4,37.8,1.5,0.9,-0.0092,1.4612,0.2076,0.723,-0.9903,0.598,0.9418,0.0139,0.0183,-0.2169,2,0,0,3,3
1291,1103,./back_view_dataset_videos/16.mov,Left,172.7,14.4,23.8,-2.8,-1.7,-0.0247,1.489,-0.2047,0.7878,-0.9803,-0.6608,0.9887,-0.027,-0.0365,0.18,2,1,0,3,3
1292,1121,./back_view_dataset_videos/16.mov,Right,176.3,11.8,37.8,-1.7,-2.8,0.0702,1.5253,0.2146,0.789,-1.0262,0.506,0.8707,-0.0165,-0.0545,-0.1444,3,1,0,3,3
1293,1144,./back_view_dataset_videos/16.mov,Left,173.4,15.9,25.6,-0.9,-0.1,-0.0873,1.5391,-0.2062,0.7923,-0.9966,-0.6896,1.012,-0.0088,-0.0031,0.1189,2,0,0,3,3
1294,1165,./back_view_dataset_videos/16.mov,Right,176.8,14.0,37.8,0.7,0.0,0.0488,1.4104,0.2233,0.7101,-0.9999,0.5405,0.9037,0.0064,0.0001,-0.1746,3,1,0,3,3
1295,1186,./back_view_dataset_videos/16.mov,Left,173.2,14.3,25.6,-1.2,-0.8,-0.0548,1.4962,-0.199,0.7767,-0.9885,-0.6937,1.061,-0.0117,-0.0183,0.1441,2,1,0,3,3
1296,14,./back_view_dataset_videos/17.mov,Left,0,15.3,9.5,-3.2,-3.1,-0.0347,1.5659,-0.1964,0.7669,-0.9619,-0.6835,1.0206,-0.031,-0.0617,0.1617,0,0,1,3,3
1297,28,./back_view_dataset_videos/17.mov,Right,256.3,21.5,33.0,0.4,0.0,-0.0574,1.389,0.1672,0.6939,-0.9995,0.5224,0.9867,0.0041,0.0001,-0.2246,3,0,0,3,3
1298,47,./back_view_dataset_videos/17.mov,Left,222.6,10.1,14.3,-2.0,0.4,-0.0825,1.512,-0.2052,0.8223,-1.0021,-0.6775,1.0224,-0.0212,0.0081,0.1227,3,1,0,3,3
1299,65,./back_view_dataset_videos/17.mov,Right,214.8,16.6,33.0,-2.7,-3.3,0.1054,1.54,0.204,0.758,-1.03,0.4963,0.919,-0.0267,-0.0632,-0.0986,3,0,0,3,3
1300,88,./back_view_dataset_videos/17.mov,Left,200.1,14.8,18.8,-2.1,-1.5,-0.0419,1.3749,-0.2145,0.721,-0.9825,-0.658,1.0036,-0.0203,-0.0313,0.1727,3,1,0,3,3
1301,107,./back_view_dataset_videos/17.mov,Right,197.9,22.0,33.0,-3.0,-2.7,-0.0144,1.5531,0.1567,0.829,-1.0265,0.5371,0.9777,-0.031,-0.0552,-0.1711,3,0,0,3,3
1302,128,./back_view_dataset_videos/17.mov,Left,193.4,14.5,18.8,-1.2,0.3,-0.0746,1.4215,-0.2457,0.7595,-1.003,-0.5996,0.9558,-0.0116,0.0061,0.1711,3,1,0,3,3
1303,151,./back_view_dataset_videos/17.mov,Right,188.0,31.4,44.6,1.0,1.3,0.0296,1.3897,0.1663,0.644,-0.9866,0.605,1.0805,0.0097,0.0247,-0.1367,3,0,0,3,3
1304,169,./back_view_dataset_videos/17.mov,Left,189.4,12.0,18.8,-1.9,-0.1,-0.1183,1.4497,-0.2393,0.7589,-0.9981,-0.6688,1.0173,-0.019,-0.0013,0.121,3,1,0,3,3
1305,187,./back_view_dataset_videos/17.mov,Right,182.3,24.9,44.6,-2.9,-3.6,0.0418,1.5618,0.1643,0.7947,-1.0346,0.5168,0.9412,-0.0289,-0.0718,-0.1225,3,0,0,3,3
1306,211,./back_view_dataset_videos/17.mov,Left,177.4,18.7,18.8,-2.2,-1.9,-0.026,1.2946,-0.2277,0.6997,-0.9799,-0.6068,0.9027,-0.0203,-0.0398,0.2017,3,0,0,3,3
1307,230,./back_view_dataset_videos/17.mov,Right,176.1,32.0,47.4,-0.2,-0.3,-0.0792,1.3428,0.1531,0.6522,-1.0019,0.5706,0.8971,-0.0024,-0.0049,-0.2322,3,0,0,3,3
1308,250,./back_view_dataset_videos/17.mov,Left,179.0,16.5,18.8,-2.3,-1.9,-0.0485,1.3514,-0.2387,0.7096,-0.9798,-0.6127,0.9415,-0.0225,-0.0401,0.1903,3,0,0,3,3
1309,271,./back_view_dataset_videos/17.mov,Right,176.8,20.2,47.4,-0.3,1.0,-0.0352,1.4552,0.1856,0.704,-0.99,0.5965,1.0589,-0.0026,0.0192,-0.2208,3,0,0,3,3
1310,289,./back_view_dataset_videos/17.mov,Left,180.3,14.2,18.8,-0.2,1.3,-0.0611,1.5392,-0.2424,0.8208,-1.0135,-0.6314,0.9797,-0.0024,0.0272,0.1813,3,1,0,3,3
1311,310,./back_view_dataset_videos/17.mov,Right,182.2,25.8,47.4,0.6,0.5,-0.0046,1.331,0.2024,0.6195,-0.9946,0.5678,0.912,0.0061,0.0104,-0.207,3,0,0,3,3
1312,329,./back_view_dataset_videos/17.mov,Left,180.9,9.5,18.8,1.4,1.5,-0.116,1.5265,-0.2337,0.824,-1.0158,-0.6801,1.0296,0.0147,0.0335,0.1177,3,2,0,3,3
1313,347,./back_view_dataset_videos/17.mov,Right,180.9,17.6,47.4,-2.5,-3.1,0.0856,1.5094,0.1918,0.7085,-1.0281,0.4996,0.8675,-0.025,-0.058,-0.1062,3,0,0,3,3
1314,370,./back_view_dataset_videos/17.mov,Left,181.7,12.4,18.8,-2.4,-1.5,-0.068,1.4389,-0.2179,0.7563,-0.983,-0.6527,1.0068,-0.0234,-0.0321,0.1498,3,1,0,3,3
1315,389,./back_view_dataset_videos/17.mov,Right,181.7,25.9,47.4,-3.1,-2.4,0.0266,1.5149,0.2095,0.7849,-1.0232,0.542,0.8395,-0.0304,-0.0466,-0.1829,3,0,0,3,3
1316,410,./back_view_dataset_videos/17.mov,Left,180.6,13.6,18.8,-2.3,-0.6,-0.0574,1.4782,-0.2242,0.7866,-0.9922,-0.6695,1.0116,-0.0239,-0.0132,0.1668,3,1,0,3,3
1317,430,./back_view_dataset_videos/17.mov,Right,181.7,19.1,47.4,-1.2,-1.7,0.0476,1.3777,0.2033,0.7089,-1.0161,0.5338,0.8662,-0.0122,-0.0329,-0.1558,3,0,0,3,3
1318,452,./back_view_dataset_videos/17.mov,Left,177.1,16.2,18.8,-1.9,-1.8,-0.0306,1.4494,-0.2292,0.7648,-0.9781,-0.6834,1.0099,-0.0188,-0.0387,0.1986,3,0,0,3,3
1319,475,./back_view_dataset_videos/17.mov,Right,175.3,17.8,47.4,0.5,1.3,-0.0135,1.3825,0.2228,0.6447,-0.9873,0.5868,0.9036,0.0045,0.0241,-0.2362,3,0,0,3,3
1320,491,./back_view_dataset_videos/17.mov,Left,179.7,8.3,18.8,-0.1,1.2,-0.0769,1.4088,-0.1726,0.7557,-1.0119,-0.6127,0.9639,-0.0012,0.0247,0.0957,3,2,0,3,3
1321,514,./back_view_dataset_videos/17.mov,Right,174.3,17.3,47.4,-0.7,0.0,-0.0011,1.345,0.201,0.6402,-0.9995,0.5303,0.8614,-0.0065,0.0008,-0.2021,2,0,0,3,3
1322,535,./back_view_dataset_videos/17.mov,Left,176.2,17.9,18.8,-2.3,-2.6,-0.0163,1.3576,-0.2213,0.724,-0.9699,-0.6725,0.9602,-0.0213,-0.0529,0.2049,3,0,0,3,3
1323,554,./back_view_dataset_videos/17.mov,Right,176.2,14.6,47.4,-0.5,-0.3,0.0443,1.3283,0.1991,0.613,-1.003,0.5243,0.9033,-0.0044,-0.0063,-0.1548,3,1,0,3,3
1324,574,./back_view_dataset_videos/17.mov,Left,177.2,16.5,18.8,-2.9,-2.1,-0.0202,1.4064,-0.2116,0.7583,-0.976,-0.6696,0.9718,-0.028,-0.0434,0.1914,3,0,0,3,3
1325,595,./back_view_dataset_videos/17.mov,Right,176.2,21.9,47.4,1.2,-1.3,0.0245,1.3336,0.1905,0.6776,-1.0122,0.5139,0.8081,0.0108,-0.0256,-0.166,3,0,0,3,3
1326,614,./back_view_dataset_videos/17.mov,Left,179.4,16.5,18.8,-2.2,-1.7,0.0005,1.3656,-0.1965,0.7028,-0.9796,-0.6699,0.9498,-0.0208,-0.035,0.1969,3,0,0,3,3
1327,635,./back_view_dataset_videos/17.mov,Right,181.2,14.3,47.4,0.5,0.2,0.0372,1.3691,0.2069,0.7048,-0.9972,0.5424,0.8487,0.005,0.0049,-0.1697,3,1,0,3,3
1328,656,./back_view_dataset_videos/17.mov,Left,174.6,19.2,18.8,-3.1,-2.6,0.019,1.3036,-0.1869,0.7137,-0.9692,-0.6619,0.9511,-0.029,-0.0509,0.2059,2,0,0,3,3
1329,676,./back_view_dataset_videos/17.mov,Right,177.5,23.9,47.4,0.1,-0.1,-0.0378,1.3243,0.1689,0.6332,-1.0008,0.5035,0.8273,0.0007,-0.0025,-0.2068,3,0,0,3,3
1330,698,./back_view_dataset_videos/17.mov,Left,176.5,17.0,18.8,-2.9,-3.0,0.0169,1.3923,-0.188,0.7227,-0.9648,-0.6776,0.9874,-0.0284,-0.0603,0.2048,3,0,0,3,3
1331,716,./back_view_dataset_videos/17.mov,Right,177.8,18.2,47.4,1.3,0.4,-0.0045,1.4126,0.1847,0.6802,-0.9959,0.5371,0.9075,0.0119,0.0079,-0.1892,3,0,0,3,3
1332,736,./back_view_dataset_videos/17.mov,Left,177.8,15.5,18.8,-2.5,-2.4,-0.0247,1.3578,-0.2053,0.7085,-0.9738,-0.6504,0.965,-0.023,-0.0493,0.1806,3,0,0,3,3
1333,757,./back_view_dataset_videos/17.mov,Right,177.8,14.2,47.4,0.1,0.7,0.0023,1.4087,0.1818,0.6831,-0.9928,0.56,0.8349,0.0006,0.0144,-0.1795,3,1,0,3,3
1334,776,./back_view_dataset_videos/17.mov,Left,177.8,14.1,18.8,-2.6,-1.8,-0.0468,1.3485,-0.2073,0.7111,-0.979,-0.6553,0.9453,-0.0241,-0.0359,0.1605,3,1,0,3,3
1335,799,./back_view_dataset_videos/17.mov,Right,176.0,17.7,47.4,0.9,0.8,-0.0437,1.3974,0.1904,0.6644,-0.9923,0.5617,0.8912,0.0086,0.0154,-0.2341,3,0,0,3,3
1336,817,./back_view_dataset_videos/17.mov,Left,179.5,13.0,21.4,-1.5,-1.3,-0.0583,1.4901,-0.2079,0.7989,-0.9822,-0.7063,1.0275,-0.0158,-0.0287,0.1495,3,1,0,3,3
1337,838,./back_view_dataset_videos/17.mov,Right,178.5,15.9,47.4,1.1,-0.1,-0.0045,1.4424,0.2013,0.7201,-1.0007,0.5551,0.9327,0.0099,-0.0015,-0.2058,3,0,0,3,3
1338,857,./back_view_dataset_videos/17.mov,Left,181.7,12.2,21.4,-1.6,-1.7,-0.0537,1.4811,-0.2041,0.7847,-0.9787,-0.7046,1.034,-0.0165,-0.0371,0.1503,3,1,0,3,3
1339,877,./back_view_dataset_videos/17.mov,Right,179.2,26.7,47.4,-0.6,-1.0,-0.0075,1.4152,0.1856,0.7322,-1.0096,0.5642,1.0061,-0.0058,-0.0193,-0.1931,3,0,0,3,3
1340,898,./back_view_dataset_videos/17.mov,Left,178.1,17.9,21.4,-2.3,-2.4,-0.0285,1.3193,-0.227,0.7042,-0.9736,-0.6484,0.9465,-0.0222,-0.0482,0.1985,3,0,0,3,3
1341,919,./back_view_dataset_videos/17.mov,Right,178.1,17.3,47.4,1.1,0.2,-0.0278,1.4014,0.191,0.6986,-0.9978,0.5703,1.055,0.0102,0.0043,-0.2188,3,0,0,3,3
1342,937,./back_view_dataset_videos/17.mov,Left,179.4,11.6,21.4,-1.9,-0.1,-0.0807,1.5056,-0.2232,0.8118,-0.9952,-0.7092,1.0366,-0.0196,-0.0031,0.1425,3,1,0,3,3
1343,956,./back_view_dataset_videos/17.mov,Right,183.5,16.0,47.4,-1.0,-1.9,0.0114,1.4526,0.1905,0.7494,-1.0177,0.5178,0.9229,-0.0096,-0.0365,-0.1791,3,0,0,3,3
1344,980,./back_view_dataset_videos/17.mov,Left,177.3,18.6,21.4,-2.9,-2.2,0.0248,1.3573,-0.1828,0.7407,-0.9764,-0.6288,0.922,-0.0278,-0.0442,0.2076,3,0,0,3,3
1345,997,./back_view_dataset_videos/17.mov,Right,182.3,28.9,47.4,-2.9,-3.5,0.0485,1.4793,0.186,0.7345,-1.0314,0.4765,0.8574,-0.0275,-0.0667,-0.1375,3,0,0,3,3
1346,1021,./back_view_dataset_videos/17.mov,Left,177.4,18.9,21.4,-1.1,-1.5,-0.0048,1.3275,-0.214,0.7162,-0.9824,-0.6528,0.9354,-0.0102,-0.0318,0.2092,3,0,0,3,3
1347,1039,./back_view_dataset_videos/17.mov,Right,179.9,28.6,47.4,-2.1,-2.7,0.0345,1.4922,0.2065,0.783,-1.0265,0.5431,0.9098,-0.0204,-0.0535,-0.172,3,0,0,3,3
1348,1061,./back_view_dataset_videos/17.mov,Left,178.9,15.9,21.4,-1.6,-1.7,-0.0375,1.3158,-0.1923,0.7071,-0.9823,-0.6254,0.9413,-0.0154,-0.0335,0.1549,3,0,0,3,3
1349,1079,./back_view_dataset_videos/17.mov,Right,182.5,20.1,47.4,-2.5,-3.8,0.0392,1.5222,0.1696,0.7861,-1.0372,0.538,0.8778,-0.0248,-0.075,-0.1304,3,0,0,3,3
1350,1100,./back_view_dataset_videos/17.mov,Left,178.9,9.9,21.4,-2.4,-0.8,-0.0778,1.4109,-0.1938,0.7405,-0.9899,-0.6566,1.0181,-0.0247,-0.0166,0.116,3,2,0,3,3
1351,1118,./back_view_dataset_videos/17.mov,Right,180.2,14.9,47.4,-3.2,-4.4,0.0174,1.5675,0.15,0.7879,-1.0411,0.5027,0.9007,-0.0321,-0.0852,-0.1326,3,1,0,3,3
1352,1139,./back_view_dataset_videos/17.mov,Left,182.9,15.7,21.4,-0.2,1.5,-0.1125,1.5028,-0.2364,0.7819,-1.0153,-0.6104,1.0106,-0.002,0.0307,0.1239,3,0,0,3,3
1353,1162,./back_view_dataset_videos/17.mov,Right,176.0,23.1,47.4,0.8,-0.1,0.0234,1.3581,0.176,0.6101,-1.0012,0.5447,0.914,0.0076,-0.0024,-0.1526,3,0,0,3,3
1354,1183,./back_view_dataset_videos/17.mov,Left,178.7,15.3,22.9,-2.6,-1.9,-0.0505,1.3593,-0.2303,0.6998,-0.9791,-0.6537,0.9965,-0.0248,-0.0387,0.1798,3,0,0,3,3
1355,1199,./back_view_dataset_videos/17.mov,Right,181.8,18.3,47.4,-2.2,-3.1,0.0388,1.5257,0.1677,0.7846,-1.0312,0.5591,0.9246,-0.0224,-0.0628,-0.1289,3,0,0,3,3
1356,1222,./back_view_dataset_videos/17.mov,Left,180.9,16.1,22.9,-2.4,-2.3,-0.043,1.3333,-0.2251,0.7028,-0.9746,-0.6423,0.9509,-0.0229,-0.0465,0.1821,3,0,0,3,3
1357,1241,./back_view_dataset_videos/17.mov,Right,179.6,15.8,47.4,-0.0,-1.0,0.0154,1.3636,0.1808,0.6927,-1.0093,0.5512,0.9215,-0.0,-0.0187,-0.1654,3,0,0,3,3
1358,1261,./back_view_dataset_videos/17.mov,Left,180.7,14.0,22.9,-1.8,-0.8,-0.0548,1.4429,-0.2211,0.7742,-0.9903,-0.6627,0.97,-0.018,-0.0159,0.1663,3,1,0,3,3
1359,1279,./back_view_dataset_videos/17.mov,Right,180.7,20.2,47.4,-2.7,-3.8,0.0589,1.5418,0.1736,0.7343,-1.0344,0.4804,0.8527,-0.0255,-0.072,-0.1147,3,0,0,3,3
1360,1301,./back_view_dataset_videos/17.mov,Left,179.7,11.3,22.9,-0.2,-0.5,-0.0905,1.5481,-0.234,0.8287,-0.9927,-0.7056,1.0187,-0.0016,-0.0105,0.1436,3,1,0,3,3
1361,1322,./back_view_dataset_videos/17.mov,Right,181.6,25.6,47.4,-0.8,-0.4,0.0199,1.3664,0.1968,0.6928,-1.0039,0.5581,0.9301,-0.0078,-0.0079,-0.177,3,0,0,3,3
1362,1342,./back_view_dataset_videos/17.mov,Left,182.6,19.0,22.9,-1.7,-1.7,-0.006,1.3682,-0.2206,0.7433,-0.9813,-0.6399,0.9468,-0.0162,-0.0348,0.2146,3,0,0,3,3
1363,1361,./back_view_dataset_videos/17.mov,Right,178.2,23.7,47.4,-0.5,-1.7,0.0395,1.4465,0.2069,0.7361,-1.0162,0.5385,0.9186,-0.0053,-0.0331,-0.1674,3,0,0,3,3
1364,1384,./back_view_dataset_videos/17.mov,Left,178.2,19.1,22.9,-2.6,-2.9,0.0037,1.3974,-0.2187,0.7535,-0.9673,-0.668,0.9477,-0.0248,-0.0596,0.2224,3,0,0,3,3
1365,1403,./back_view_dataset_videos/17.mov,Right,178.2,17.0,47.4,-0.9,0.1,0.0571,1.3725,0.2195,0.6827,-0.9991,0.5722,0.9253,-0.0085,0.0016,-0.1624,3,0,0,3,3
1366,1424,./back_view_dataset_videos/17.mov,Left,177.1,19.8,22.9,-3.7,-2.6,0.0189,1.3693,-0.2079,0.7377,-0.9678,-0.6907,0.9826,-0.0347,-0.0536,0.2268,3,0,0,3,3
1367,1444,./back_view_dataset_videos/17.mov,Right,174.7,19.9,47.4,0.3,0.8,-0.0164,1.2715,0.2017,0.6216,-0.9927,0.5573,0.8071,0.003,0.014,-0.2181,2,0,0,3,3
1368,1462,./back_view_dataset_videos/17.mov,Left,179.2,12.2,22.9,-1.4,-0.4,-0.0537,1.3813,-0.1907,0.7459,-0.9944,-0.6341,0.9331,-0.013,-0.0093,0.137,3,1,0,3,3
1369,1484,./back_view_dataset_videos/17.mov,Right,178.2,18.6,47.4,0.9,0.0,-0.0326,1.3495,0.1997,0.6579,-0.9995,0.5694,0.8807,0.0088,0.0001,-0.2323,3,0,0,3,3
1370,1504,./back_view_dataset_videos/17.mov,Left,178.2,16.9,22.9,-2.0,-2.3,-0.0308,1.3746,-0.2254,0.7354,-0.9746,-0.6545,0.9505,-0.0193,-0.0459,0.1946,3,0,0,3,3
1371,1520,./back_view_dataset_videos/17.mov,Right,182.6,15.1,47.4,-2.3,-3.2,0.1138,1.4854,0.1922,0.734,-1.0295,0.5012,0.8272,-0.0225,-0.0602,-0.0784,3,0,0,3,3
1372,1543,./back_view_dataset_videos/17.mov,Left,182.6,9.2,22.9,-0.4,-0.3,-0.1424,1.5209,-0.2498,0.8223,-0.9938,-0.7028,1.0101,-0.0044,-0.0068,0.1074,3,2,0,3,3
1373,1562,./back_view_dataset_videos/17.mov,Right,182.6,24.4,47.4,-0.1,-0.8,0.0131,1.4854,0.2058,0.7717,-1.0083,0.5869,0.9848,-0.0014,-0.0168,-0.1927,3,0,0,3,3
1374,1583,./back_view_dataset_videos/17.mov,Left,182.6,12.8,22.9,-1.6,-0.5,-0.0818,1.4893,-0.2386,0.8013,-0.993,-0.6662,0.9745,-0.0158,-0.0111,0.1568,3,1,0,3,3
1375,1604,./back_view_dataset_videos/17.mov,Right,181.6,33.4,47.9,0.8,0.0,0.0023,1.3877,0.2031,0.62,-0.9986,0.5924,0.8739,0.0072,0.0009,-0.2008,3,0,0,3,3
1376,1624,./back_view_dataset_videos/17.mov,Left,179.1,16.0,22.9,-2.2,-1.7,-0.0451,1.3632,-0.2325,0.71,-0.982,-0.6183,0.9129,-0.0205,-0.0346,0.1873,3,0,0,3,3
1377,1645,./back_view_dataset_videos/17.mov,Right,180.1,21.3,47.9,0.5,1.3,-0.107,1.3204,0.1539,0.6529,-0.9876,0.5765,0.9566,0.0045,0.0242,-0.2609,3,0,0,3,3
1378,1664,./back_view_dataset_videos/17.mov,Left,181.2,18.4,22.9,-2.1,-1.3,0.0077,1.3568,-0.1966,0.7415,-0.9864,-0.6097,0.8964,-0.0197,-0.0265,0.2042,3,0,0,3,3
1379,1685,./back_view_dataset_videos/17.mov,Right,174.6,36.7,55.6,0.4,0.4,-0.0693,1.3419,0.1916,0.6597,-0.9963,0.5662,0.9244,0.0037,0.0073,-0.2609,2,0,0,3,3
1380,1705,./back_view_dataset_videos/17.mov,Left,177.5,15.8,22.9,-1.7,-1.1,-0.0449,1.3885,-0.2332,0.7236,-0.9882,-0.6253,0.8885,-0.0157,-0.0224,0.1884,3,0,0,3,3
1381,1723,./back_view_dataset_videos/17.mov,Right,178.8,24.7,55.6,-0.2,-1.7,0.0405,1.5206,0.1806,0.7514,-1.0158,0.5197,0.8656,-0.0015,-0.0324,-0.1401,3,0,0,3,3
1382,1744,./back_view_dataset_videos/17.mov,Left,178.8,14.1,24.7,-3.7,-1.5,-0.0658,1.4145,-0.2178,0.7238,-0.9801,-0.6822,0.9652,-0.0361,-0.0311,0.152,3,1,0,3,3
1383,14,./back_view_dataset_videos/18.mov,Left,0,11.3,11.8,-2.8,-0.9,-0.1325,1.6533,-0.2975,0.8069,-0.9906,-0.595,0.8758,-0.0277,-0.0185,0.165,0,1,1,3,3
1384,29,./back_view_dataset_videos/18.mov,Right,238.5,8.9,13.6,0.6,2.0,0.1006,1.6554,0.2306,0.8224,-0.9776,0.6415,1.0683,0.0072,0.0446,-0.1299,3,2,0,3,3
1385,52,./back_view_dataset_videos/18.mov,Left,197.0,11.1,12.6,-1.1,-0.3,-0.09,1.5402,-0.244,0.755,-0.9962,-0.6485,0.9978,-0.012,-0.0072,0.1541,3,1,1,3,3
1386,73,./back_view_dataset_videos/18.mov,Right,188.1,10.9,22.6,0.8,1.8,0.07,1.6165,0.2322,0.7749,-0.9801,0.6528,1.0707,0.0087,0.0391,-0.1622,3,1,0,3,3
1387,94,./back_view_dataset_videos/18.mov,Left,183.7,11.5,15.2,-3.2,-1.0,-0.0841,1.5038,-0.2229,0.7678,-0.9888,-0.5956,0.9938,-0.0303,-0.0219,0.1389,3,1,0,3,3
1388,113,./back_view_dataset_videos/18.mov,Right,184.6,10.0,22.6,1.2,2.4,0.0751,1.4795,0.1646,0.7317,-0.9716,0.6913,1.035,0.0125,0.0509,-0.0895,3,2,0,3,3
1389,134,./back_view_dataset_videos/18.mov,Left,182.2,12.6,15.2,-0.8,1.2,-0.1667,1.5237,-0.2977,0.8091,-1.0131,-0.6419,1.0921,-0.0087,0.0263,0.131,3,1,0,3,3
1390,157,./back_view_dataset_videos/18.mov,Right,178.4,9.1,22.6,0.5,2.1,0.0634,1.4902,0.1691,0.7544,-0.9753,0.6858,1.04,0.005,0.0456,-0.1057,3,2,0,3,3
1391,178,./back_view_dataset_videos/18.mov,Left,177.4,8.6,19.4,-1.8,-1.0,-0.1562,1.53,-0.2657,0.7742,-0.9876,-0.683,1.1194,-0.0196,-0.0216,0.1095,3,2,0,3,3
1392,197,./back_view_dataset_videos/18.mov,Right,171.2,7.3,22.6,0.4,2.0,0.0483,1.4195,0.1345,0.7227,-0.9788,0.624,1.0519,0.0044,0.0424,-0.0862,2,2,0,3,3
1393,220,./back_view_dataset_videos/18.mov,Left,171.2,12.6,19.4,-1.6,-1.1,-0.1484,1.4717,-0.2579,0.7547,-0.9847,-0.6994,1.0833,-0.0167,-0.0233,0.1096,2,1,0,3,3
1394,239,./back_view_dataset_videos/18.mov,Right,173.4,10.0,22.6,1.1,2.0,0.0407,1.4146,0.1446,0.7177,-0.979,0.6225,0.991,0.0115,0.042,-0.1039,2,1,0,3,3
1395,262,./back_view_dataset_videos/18.mov,Left,171.5,6.3,19.4,-0.9,0.0,-0.1649,1.5303,-0.2489,0.7637,-1.0,-0.6552,1.09,-0.0096,0.001,0.084,2,3,0,3,3
1396,283,./back_view_dataset_videos/18.mov,Right,169.3,8.1,22.6,1.2,1.3,0.073,1.4541,0.1742,0.7461,-0.9861,0.6418,1.0483,0.0139,0.0275,-0.1011,2,2,0,3,3
1397,304,./back_view_dataset_videos/18.mov,Left,169.3,5.6,19.4,-1.3,0.1,-0.1819,1.4406,-0.2493,0.7538,-1.0004,-0.6286,1.0578,-0.0141,0.0012,0.0675,2,3,0,3,3
1398,325,./back_view_dataset_videos/18.mov,Right,171.2,10.6,22.6,1.2,1.6,0.0572,1.4915,0.1913,0.7633,-0.9823,0.6471,1.0405,0.0136,0.0346,-0.1341,2,1,0,3,3
1399,347,./back_view_dataset_videos/18.mov,Left,170.2,9.8,19.4,-1.5,-0.3,-0.2007,1.4591,-0.2629,0.7394,-0.9965,-0.6562,1.1377,-0.0167,-0.0061,0.0622,2,2,0,3,3
1400,367,./back_view_dataset_videos/18.mov,Right,169.0,8.6,22.6,1.1,1.2,0.1019,1.4957,0.2146,0.7514,-0.9866,0.6489,1.0907,0.0129,0.0263,-0.1127,2,2,0,3,3
1401,388,./back_view_dataset_videos/18.mov,Left,170.9,6.7,19.4,-1.9,-0.2,-0.2036,1.4788,-0.29,0.7463,-0.9974,-0.6538,1.1105,-0.0211,-0.0047,0.0865,2,3,0,3,3
1402,409,./back_view_dataset_videos/18.mov,Right,168.6,7.3,22.6,0.7,1.9,0.0725,1.5034,0.169,0.7486,-0.9782,0.6651,1.0774,0.0076,0.0411,-0.0965,2,2,0,3,3
1403,428,./back_view_dataset_videos/18.mov,Left,172.7,8.2,19.4,-1.2,0.0,-0.1829,1.4464,-0.2801,0.7692,-1.0004,-0.6338,1.0974,-0.0127,0.0008,0.0971,2,2,0,3,3
1404,451,./back_view_dataset_videos/18.mov,Right,170.9,8.9,22.6,0.5,1.4,0.0764,1.5169,0.197,0.7454,-0.9848,0.6504,1.0518,0.0052,0.0289,-0.1205,2,2,0,3,3
1405,470,./back_view_dataset_videos/18.mov,Left,173.1,7.5,19.4,-1.1,0.0,-0.1946,1.4624,-0.2872,0.7575,-0.9998,-0.6513,1.1066,-0.0123,0.0001,0.0927,2,2,0,3,3
1406,493,./back_view_dataset_videos/18.mov,Right,171.2,9.7,22.6,0.8,2.0,0.043,1.5289,0.1472,0.7896,-0.9781,0.6478,0.9995,0.0086,0.0425,-0.1042,2,2,0,3,3
1407,512,./back_view_dataset_videos/18.mov,Left,174.5,11.3,19.4,-0.8,0.6,-0.1629,1.4433,-0.2769,0.7812,-1.0066,-0.6111,1.082,-0.0089,0.0136,0.114,2,1,0,3,3
1408,533,./back_view_dataset_videos/18.mov,Right,173.4,9.1,22.6,0.8,2.5,0.0835,1.4129,0.1952,0.7183,-0.9721,0.6689,1.1211,0.0083,0.0528,-0.1118,2,2,0,3,3
1409,554,./back_view_dataset_videos/18.mov,Left,173.4,11.6,19.4,-1.4,-0.5,-0.1294,1.4355,-0.2363,0.7396,-0.9938,-0.676,1.1074,-0.0157,-0.0102,0.1069,2,1,0,3,3
1410,578,./back_view_dataset_videos/18.mov,Right,170.7,8.4,22.6,-0.1,0.8,0.0891,1.5087,0.1751,0.7779,-0.9903,0.6584,1.0035,-0.0007,0.0188,-0.086,2,2,0,3,3
1411,598,./back_view_dataset_videos/18.mov,Left,169.6,12.8,19.4,-2.0,-0.6,-0.0963,1.4857,-0.2427,0.7656,-0.9928,-0.6622,1.0307,-0.0206,-0.0132,0.1464,2,1,0,3,3
1412,619,./back_view_dataset_videos/18.mov,Right,171.4,9.9,22.6,0.1,0.8,0.0668,1.5248,0.1689,0.7755,-0.9914,0.6369,1.0222,0.0009,0.0166,-0.1021,2,2,0,3,3
1413,638,./back_view_dataset_videos/18.mov,Left,171.4,10.1,19.4,-1.7,-1.0,-0.1771,1.4687,-0.2749,0.7359,-0.9876,-0.676,1.1557,-0.018,-0.0227,0.0978,2,1,0,3,3
1414,662,./back_view_dataset_videos/18.mov,Right,170.6,8.0,22.6,1.2,2.0,0.0999,1.5397,0.2045,0.748,-0.9779,0.6496,1.0595,0.0132,0.0414,-0.1046,2,2,0,3,3
1415,682,./back_view_dataset_videos/18.mov,Left,169.4,9.3,19.4,-2.0,-0.8,-0.173,1.4811,-0.2792,0.753,-0.9906,-0.6701,1.0725,-0.0221,-0.0169,0.1061,2,2,0,3,3
1416,703,./back_view_dataset_videos/18.mov,Right,169.4,10.9,22.6,0.4,1.5,0.1097,1.4433,0.1792,0.7325,-0.9827,0.6549,1.0845,0.0043,0.0334,-0.0695,2,1,0,3,3
1417,722,./back_view_dataset_videos/18.mov,Left,171.7,7.9,19.4,-2.0,-0.6,-0.1833,1.4427,-0.2803,0.7404,-0.993,-0.657,1.1237,-0.022,-0.0133,0.097,2,2,0,3,3
1418,745,./back_view_dataset_videos/18.mov,Right,172.5,7.5,22.6,-0.1,0.9,0.0619,1.4679,0.1571,0.7451,-0.9904,0.6409,1.0703,-0.0011,0.0188,-0.0953,2,2,0,3,3
1419,767,./back_view_dataset_videos/18.mov,Left,170.4,9.5,19.4,-1.5,-1.1,-0.1772,1.4737,-0.2929,0.7428,-0.9869,-0.6626,1.1625,-0.0162,-0.0252,0.1157,2,2,0,3,3
1420,787,./back_view_dataset_videos/18.mov,Right,171.5,6.4,22.6,0.3,0.9,0.1283,1.4726,0.1725,0.7589,-0.9898,0.6416,1.044,0.0028,0.0198,-0.0442,2,3,0,3,3
1421,809,./back_view_dataset_videos/18.mov,Left,168.3,9.2,19.4,-1.8,-0.8,-0.1734,1.4891,-0.2793,0.7682,-0.9912,-0.6629,1.1357,-0.0194,-0.0169,0.1059,2,2,0,3,3
1422,830,./back_view_dataset_videos/18.mov,Right,171.0,5.1,22.6,0.7,1.6,0.1147,1.4112,0.1711,0.7399,-0.9823,0.6624,1.0664,0.0075,0.0338,-0.0563,2,3,0,3,3
1423,853,./back_view_dataset_videos/18.mov,Left,168.0,9.1,19.4,-1.3,-0.2,-0.1323,1.4825,-0.2355,0.7572,-0.9977,-0.6395,1.1024,-0.0137,-0.0044,0.1032,2,2,0,3,3
1424,874,./back_view_dataset_videos/18.mov,Right,168.0,8.0,22.6,1.2,2.1,0.0917,1.413,0.1889,0.7219,-0.9763,0.664,1.0276,0.0131,0.045,-0.0972,2,2,0,3,3
1425,895,./back_view_dataset_videos/18.mov,Left,165.8,11.4,19.4,-1.7,-0.8,-0.1671,1.4297,-0.2526,0.7209,-0.99,-0.6617,1.0464,-0.0179,-0.0178,0.0856,2,1,0,3,3
1426,914,./back_view_dataset_videos/18.mov,Right,169.9,7.4,22.6,1.4,1.5,0.0498,1.4131,0.1419,0.7066,-0.9829,0.6756,1.028,0.0148,0.0325,-0.0921,2,2,0,3,3
1427,935,./back_view_dataset_videos/18.mov,Left,170.9,14.0,19.4,-1.7,-0.8,-0.181,1.4476,-0.3118,0.7704,-0.9906,-0.643,1.0929,-0.0182,-0.0187,0.1308,2,1,0,3,3
1428,958,./back_view_dataset_videos/18.mov,Right,167.9,11.0,22.6,1.1,2.3,0.0031,1.4803,0.1371,0.7438,-0.9735,0.6681,1.054,0.0118,0.0507,-0.134,2,1,0,3,3
1429,980,./back_view_dataset_videos/18.mov,Left,167.9,11.3,19.4,-1.1,0.4,-0.178,1.482,-0.2357,0.7337,-1.0041,-0.6572,1.0555,-0.012,0.0087,0.0577,2,1,0,3,3
1430,1001,./back_view_dataset_videos/18.mov,Right,167.9,10.1,22.6,-0.0,1.5,0.0652,1.4494,0.1944,0.7231,-0.9838,0.6371,0.9893,-0.0001,0.032,-0.1292,2,1,0,3,3
1431,1021,./back_view_dataset_videos/18.mov,Left,170.9,6.0,19.4,-2.1,-0.8,-0.2147,1.4345,-0.2868,0.7438,-0.9894,-0.7014,1.1413,-0.0234,-0.0186,0.0721,2,3,0,3,3
1432,1042,./back_view_dataset_videos/18.mov,Right,170.9,9.4,22.6,0.7,1.5,0.0688,1.4809,0.1885,0.7326,-0.9836,0.6454,0.9648,0.0075,0.0316,-0.1196,2,2,0,3,3
1433,1066,./back_view_dataset_videos/18.mov,Left,168.2,11.1,19.4,-1.5,-0.2,-0.1287,1.5529,-0.2447,0.7586,-0.9974,-0.6215,1.0288,-0.0154,-0.0051,0.116,2,1,0,3,3
1434,1087,./back_view_dataset_videos/18.mov,Right,166.0,12.1,22.6,1.6,1.8,0.0031,1.4992,0.1604,0.7653,-0.9801,0.6573,0.9848,0.0168,0.0384,-0.1573,2,1,0,3,3
1435,1109,./back_view_dataset_videos/18.mov,Left,165.0,9.5,19.4,-3.1,-1.8,-0.1572,1.486,-0.2513,0.7552,-0.9802,-0.6123,0.9883,-0.0297,-0.0395,0.0941,1,2,0,3,3
1436,1130,./back_view_dataset_videos/18.mov,Right,166.8,9.1,22.6,1.4,2.4,0.0511,1.5053,0.1651,0.754,-0.9727,0.6606,1.0057,0.0147,0.0523,-0.114,2,2,0,3,3
1437,1153,./back_view_dataset_videos/18.mov,Left,166.0,8.3,19.4,-1.7,-0.8,-0.1781,1.4913,-0.2463,0.7696,-0.9919,-0.6236,0.9829,-0.0173,-0.016,0.0681,2,2,0,3,3
1438,1171,./back_view_dataset_videos/18.mov,Right,169.5,7.7,22.6,1.2,2.1,0.0558,1.4084,0.1423,0.7186,-0.9779,0.6223,0.989,0.0131,0.0439,-0.0865,2,2,0,3,3
1439,1193,./back_view_dataset_videos/18.mov,Left,167.5,8.0,19.4,-0.6,0.3,-0.1909,1.4423,-0.278,0.7355,-1.0027,-0.6482,1.0582,-0.0062,0.0059,0.0872,2,2,0,3,3
1440,1214,./back_view_dataset_videos/18.mov,Right,167.5,8.8,22.6,1.8,2.8,0.0643,1.3559,0.1605,0.7049,-0.9687,0.6688,1.1025,0.0187,0.06,-0.0961,2,2,0,3,3
1441,1235,./back_view_dataset_videos/18.mov,Left,170.1,7.3,19.4,-0.9,-1.0,-0.1855,1.4481,-0.2513,0.7528,-0.988,-0.6637,1.1711,-0.0094,-0.0222,0.0659,2,2,0,3,3
1442,1256,./back_view_dataset_videos/18.mov,Right,170.1,10.4,22.6,0.8,2.8,0.0412,1.4045,0.17,0.703,-0.9694,0.6368,1.0385,0.0081,0.0605,-0.1287,2,1,0,3,3
1443,1277,./back_view_dataset_videos/18.mov,Left,171.1,5.4,19.4,-0.7,-0.1,-0.184,1.4491,-0.2427,0.7362,-0.9982,-0.6558,1.1203,-0.0074,-0.0029,0.0587,2,3,0,3,3
1444,1298,./back_view_dataset_videos/18.mov,Right,171.1,8.5,22.6,1.1,2.7,0.0303,1.3962,0.1137,0.7254,-0.9697,0.6594,0.9966,0.0113,0.0584,-0.0834,2,2,0,3,3
1445,1319,./back_view_dataset_videos/18.mov,Left,173.0,13.3,19.4,-1.0,0.4,-0.199,1.3866,-0.3002,0.7073,-1.0039,-0.6181,1.0362,-0.0112,0.0077,0.1012,2,1,0,3,3
1446,1342,./back_view_dataset_videos/18.mov,Right,167.6,7.7,22.6,0.3,1.7,0.1479,1.4318,0.2407,0.7455,-0.9804,0.6755,1.0982,0.003,0.0362,-0.0928,2,2,0,3,3
1447,1361,./back_view_dataset_videos/18.mov,Left,170.8,8.1,19.4,-1.5,-0.3,-0.1825,1.3985,-0.2673,0.73,-0.9965,-0.672,1.11,-0.0166,-0.0057,0.0848,2,2,0,3,3
1448,1384,./back_view_dataset_videos/18.mov,Right,168.9,7.3,22.6,-0.1,2.5,0.1069,1.4296,0.1756,0.7344,-0.9719,0.6661,1.0294,-0.0011,0.0551,-0.0687,2,2,0,3,3
1449,1405,./back_view_dataset_videos/18.mov,Left,168.9,10.7,19.4,-1.8,0.2,-0.1443,1.366,-0.2641,0.7297,-1.0019,-0.6442,1.0769,-0.0185,0.0038,0.1198,2,1,0,3,3
1450,1424,./back_view_dataset_videos/18.mov,Right,171.2,7.4,27.8,-0.0,2.0,0.1082,1.4159,0.1728,0.7266,-0.9773,0.6804,1.0226,-0.0,0.0436,-0.0646,2,2,0,3,3
1451,1447,./back_view_dataset_videos/18.mov,Left,169.3,13.5,19.4,-1.7,-0.4,-0.1229,1.3252,-0.2588,0.7157,-0.9952,-0.6414,1.0685,-0.0174,-0.0093,0.1358,2,1,0,3,3
1452,1466,./back_view_dataset_videos/18.mov,Right,171.5,5.5,27.8,0.1,2.0,0.1245,1.3787,0.1909,0.6944,-0.9775,0.6565,1.0195,0.0007,0.044,-0.0663,2,3,0,3,3
1453,1489,./back_view_dataset_videos/18.mov,Left,169.7,13.8,19.4,-1.3,0.2,-0.1066,1.3662,-0.2417,0.7253,-1.0014,-0.659,1.1029,-0.0129,0.0035,0.1351,2,1,0,3,3
1454,1510,./back_view_dataset_videos/18.mov,Right,171.5,10.0,27.8,0.5,1.8,0.0923,1.407,0.2125,0.7242,-0.9807,0.6397,1.0315,0.0049,0.0379,-0.1202,2,2,0,3,3
1455,1531,./back_view_dataset_videos/18.mov,Left,169.3,11.1,19.4,-1.8,-0.7,-0.1172,1.3586,-0.2374,0.7029,-0.9905,-0.6876,1.1464,-0.0193,-0.0158,0.1202,2,1,0,3,3
1456,1552,./back_view_dataset_videos/18.mov,Right,171.2,6.9,27.8,0.0,1.3,0.0875,1.4151,0.1715,0.7222,-0.9864,0.618,0.9433,0.0001,0.0272,-0.0839,2,3,0,3,3
1457,1574,./back_view_dataset_videos/18.mov,Left,170.2,11.8,19.4,-1.7,-0.7,-0.112,1.3763,-0.2385,0.714,-0.9909,-0.6774,1.0896,-0.0176,-0.0155,0.1266,2,1,0,3,3
1458,1595,./back_view_dataset_videos/18.mov,Right,167.9,7.0,27.8,-0.3,1.4,0.0757,1.3818,0.1593,0.7052,-0.9845,0.6234,0.9937,-0.0035,0.031,-0.0835,2,2,0,3,3
1459,1616,./back_view_dataset_videos/18.mov,Left,169.8,13.4,19.4,-3.2,-3.9,-0.095,1.4125,-0.2349,0.7473,-0.9557,-0.6753,1.012,-0.0346,-0.0804,0.1399,2,1,0,3,3
1460,1639,./back_view_dataset_videos/18.mov,Right,165.7,8.3,27.8,-1.3,-2.3,0.0701,1.4421,0.1748,0.7275,-1.0223,0.5427,0.9439,-0.0137,-0.0452,-0.1047,2,2,0,3,3
1461,1661,./back_view_dataset_videos/18.mov,Left,166.6,19.5,19.4,-1.5,-1.7,-0.0636,1.5039,-0.2281,0.747,-0.9802,-0.6621,0.917,-0.016,-0.0374,0.1645,2,0,0,3,3
1462,1681,./back_view_dataset_videos/18.mov,Right,167.6,11.2,27.8,-0.4,1.5,0.0579,1.5041,0.1976,0.7689,-0.9835,0.6398,0.9962,-0.0041,0.033,-0.1396,2,1,0,3,3
1463,1702,./back_view_dataset_videos/18.mov,Left,167.6,13.5,19.4,-1.7,-1.1,-0.122,1.4109,-0.2594,0.7286,-0.9873,-0.6642,0.9031,-0.0192,-0.0248,0.1374,2,1,0,3,3
1464,1723,./back_view_dataset_videos/18.mov,Right,167.6,7.9,27.8,0.4,1.4,0.1208,1.411,0.2178,0.7092,-0.9852,0.6117,0.9449,0.0041,0.0297,-0.097,2,2,0,3,3
1465,20,./back_view_dataset_videos/19.mov,Right,0,8.6,20.4,0.7,1.8,0.0827,1.4119,0.1829,0.7497,-0.9775,0.6878,1.0986,0.0076,0.0392,-0.1002,0,2,0,3,3
1466,41,./back_view_dataset_videos/19.mov,Left,171.3,12.9,9.4,-2.4,0.4,-0.1101,1.4255,-0.2503,0.7774,-1.0042,-0.628,1.0947,-0.0262,0.0088,0.1402,2,1,1,3,3
1467,62,./back_view_dataset_videos/19.mov,Right,171.3,9.1,20.4,0.4,2.2,0.065,1.3966,0.169,0.7443,-0.972,0.7164,1.0615,0.0042,0.0488,-0.104,2,2,0,3,3
1468,83,./back_view_dataset_videos/19.mov,Left,171.3,14.1,11.2,-0.9,0.8,-0.1365,1.4192,-0.2782,0.7531,-1.0089,-0.6251,1.1356,-0.0098,0.0184,0.1417,2,1,1,3,3
1469,104,./back_view_dataset_videos/19.mov,Right,171.3,5.9,20.4,0.8,2.2,0.0882,1.3781,0.1573,0.7148,-0.9733,0.6907,1.0435,0.0082,0.0468,-0.0691,2,3,0,3,3
1470,125,./back_view_dataset_videos/19.mov,Left,171.3,15.2,11.2,-1.9,1.1,-0.099,1.4077,-0.2302,0.7366,-1.0121,-0.6575,1.0886,-0.0205,0.0247,0.1312,2,0,1,3,3
1471,146,./back_view_dataset_videos/19.mov,Right,171.3,5.9,20.4,-0.5,1.9,0.1017,1.437,0.1747,0.7353,-0.9785,0.6589,0.9873,-0.0058,0.042,-0.0729,2,3,0,3,3
1472,167,./back_view_dataset_videos/19.mov,Left,171.3,12.4,11.2,-2.1,-0.1,-0.122,1.4069,-0.2498,0.7494,-0.9986,-0.6803,1.1312,-0.0233,-0.0017,0.1278,2,1,1,3,3
1473,188,./back_view_dataset_videos/19.mov,Right,171.3,8.1,20.4,0.5,1.0,0.0989,1.3259,0.1931,0.6658,-0.9887,0.6252,1.0646,0.0053,0.0221,-0.0943,2,2,0,3,3
1474,209,./back_view_dataset_videos/19.mov,Left,171.3,10.8,11.2,-3.2,-0.4,-0.1043,1.4146,-0.2157,0.7848,-0.9959,-0.6525,1.1381,-0.0347,-0.008,0.1114,2,1,1,3,3
1475,230,./back_view_dataset_videos/19.mov,Right,171.3,8.6,20.4,1.0,2.2,0.0708,1.3829,0.1694,0.7344,-0.9753,0.6551,1.0085,0.0103,0.0479,-0.0986,2,2,0,3,3
1476,251,./back_view_dataset_videos/19.mov,Left,171.3,17.6,13.8,-1.9,-0.6,-0.1175,1.4227,-0.2594,0.7645,-0.9932,-0.658,1.1368,-0.0217,-0.0131,0.1419,2,0,0,3,3
1477,272,./back_view_dataset_videos/19.mov,Right,171.3,9.3,20.4,0.8,1.8,0.0888,1.4398,0.2011,0.755,-0.979,0.6687,1.0954,0.0085,0.0398,-0.1123,2,2,0,3,3
1478,292,./back_view_dataset_videos/19.mov,Left,172.4,12.7,13.8,-1.8,-0.8,-0.1248,1.4168,-0.2655,0.7941,-0.9911,-0.6522,1.1276,-0.0196,-0.0175,0.1407,2,1,0,3,3
1479,313,./back_view_dataset_videos/19.mov,Right,172.4,9.3,20.4,-0.3,1.2,0.0853,1.3448,0.1879,0.7174,-0.9867,0.647,1.0233,-0.0031,0.0264,-0.1026,2,2,0,3,3
1480,334,./back_view_dataset_videos/19.mov,Left,172.4,14.3,13.8,-2.4,-0.9,-0.0962,1.4739,-0.2382,0.7773,-0.9903,-0.6457,1.1096,-0.0256,-0.0194,0.142,2,1,0,3,3
1481,355,./back_view_dataset_videos/19.mov,Right,172.4,5.9,20.4,-1.0,1.7,0.0985,1.408,0.1692,0.7238,-0.9807,0.6642,0.9992,-0.011,0.0374,-0.0707,2,3,0,3,3
1482,377,./back_view_dataset_videos/19.mov,Left,171.4,13.3,13.8,-1.6,0.1,-0.1461,1.4039,-0.2505,0.752,-1.0008,-0.6312,1.1026,-0.0172,0.0016,0.1044,2,1,0,3,3
1483,398,./back_view_dataset_videos/19.mov,Right,171.4,9.1,20.4,0.5,2.7,0.1354,1.3939,0.2441,0.7148,-0.9698,0.6613,1.0423,0.0052,0.0579,-0.1086,2,2,0,3,3
1484,419,./back_view_dataset_videos/19.mov,Left,171.4,10.8,13.8,-2.4,-1.7,-0.1494,1.4199,-0.2704,0.7851,-0.9798,-0.6974,1.1797,-0.0266,-0.0376,0.121,2,1,0,3,3
1485,439,./back_view_dataset_videos/19.mov,Right,172.5,10.5,20.4,0.6,2.3,0.0636,1.3691,0.1851,0.7127,-0.9729,0.6814,1.0221,0.0067,0.0499,-0.1216,2,1,0,3,3
1486,461,./back_view_dataset_videos/19.mov,Left,170.5,16.1,13.8,-2.0,-0.7,-0.0666,1.4681,-0.231,0.7895,-0.9918,-0.6382,1.0768,-0.0216,-0.0165,0.1644,2,0,0,3,3
1487,482,./back_view_dataset_videos/19.mov,Right,170.5,9.4,20.4,0.3,3.3,0.0961,1.4332,0.208,0.7597,-0.9627,0.6837,1.0132,0.0036,0.0722,-0.1119,2,2,0,3,3
1488,503,./back_view_dataset_videos/19.mov,Left,170.5,16.0,13.8,-2.0,0.5,-0.0734,1.3341,-0.2399,0.7213,-1.0056,-0.6649,1.1154,-0.0213,0.0113,0.1665,2,0,0,3,3
1489,524,./back_view_dataset_videos/19.mov,Right,170.5,10.4,20.4,0.7,2.3,0.079,1.3347,0.196,0.6939,-0.9742,0.6599,1.0142,0.0074,0.0498,-0.1171,2,1,0,3,3
1490,545,./back_view_dataset_videos/19.mov,Left,171.4,12.7,13.8,-3.4,-1.1,-0.1113,1.4621,-0.2577,0.8018,-0.9868,-0.6873,1.1975,-0.0372,-0.0259,0.1463,2,1,0,3,3
1491,566,./back_view_dataset_videos/19.mov,Right,171.4,9.1,20.4,-0.2,2.5,0.0528,1.3731,0.1587,0.7042,-0.9722,0.6615,1.0216,-0.0024,0.0527,-0.1059,2,2,0,3,3
1492,587,./back_view_dataset_videos/19.mov,Left,171.4,12.1,13.8,-2.5,-1.2,-0.1666,1.439,-0.2936,0.8062,-0.9862,-0.6484,1.1808,-0.028,-0.0273,0.127,2,1,0,3,3
1493,608,./back_view_dataset_videos/19.mov,Right,170.4,9.8,20.4,-0.2,1.9,0.0862,1.4316,0.2071,0.7333,-0.979,0.6483,1.0289,-0.0027,0.0405,-0.1209,2,2,0,3,3
1494,629,./back_view_dataset_videos/19.mov,Left,171.3,15.3,13.8,-2.6,-0.5,-0.1316,1.4514,-0.2567,0.7753,-0.9939,-0.6765,1.1179,-0.0295,-0.0112,0.1251,2,0,0,3,3
1495,650,./back_view_dataset_videos/19.mov,Right,171.3,10.8,20.4,-1.4,1.4,0.1117,1.4422,0.2199,0.7422,-0.9847,0.648,1.0468,-0.0156,0.0304,-0.1082,2,1,0,3,3
1496,670,./back_view_dataset_videos/19.mov,Left,172.4,11.8,13.8,-4.0,-1.5,-0.1396,1.4609,-0.2751,0.8115,-0.9827,-0.6819,1.1668,-0.0452,-0.0334,0.1355,2,1,0,3,3
1497,691,./back_view_dataset_videos/19.mov,Right,172.4,7.2,20.4,-1.0,2.4,0.0923,1.4315,0.1809,0.7279,-0.9731,0.6667,1.0675,-0.0113,0.0522,-0.0886,2,2,0,3,3
1498,713,./back_view_dataset_videos/19.mov,Left,171.4,14.9,13.8,-2.8,-1.3,-0.0804,1.4318,-0.2346,0.7851,-0.985,-0.6827,1.1171,-0.0306,-0.029,0.1542,2,1,0,3,3
1499,733,./back_view_dataset_videos/19.mov,Right,172.5,11.3,20.4,0.4,1.8,0.0797,1.3562,0.2069,0.6952,-0.9796,0.6519,0.9852,0.0047,0.0399,-0.1272,2,1,0,3,3
1500,755,./back_view_dataset_videos/19.mov,Left,171.5,17.5,13.8,-2.1,-0.7,-0.1137,1.3403,-0.244,0.7499,-0.9924,-0.6427,1.1032,-0.0225,-0.0152,0.1303,2,0,0,3,3
1501,775,./back_view_dataset_videos/19.mov,Right,172.6,8.8,20.4,0.9,1.9,0.0796,1.3678,0.1839,0.6968,-0.975,0.7215,1.0484,0.0092,0.0429,-0.1043,2,2,0,3,3
1502,796,./back_view_dataset_videos/19.mov,Left,172.6,11.9,13.8,-2.0,0.9,-0.1399,1.4144,-0.2683,0.7803,-1.0099,-0.6243,1.0455,-0.022,0.0208,0.1284,2,1,0,3,3
1503,817,./back_view_dataset_videos/19.mov,Right,172.6,8.9,20.4,-0.1,0.8,0.0959,1.3616,0.1962,0.7145,-0.9902,0.6696,1.0332,-0.001,0.0177,-0.1003,2,2,0,3,3
1504,838,./back_view_dataset_videos/19.mov,Left,171.5,13.4,13.8,-3.1,0.0,-0.1199,1.4384,-0.2694,0.8091,-0.9999,-0.6819,1.1857,-0.0344,0.0005,0.1495,2,1,0,3,3
1505,860,./back_view_dataset_videos/19.mov,Right,170.6,9.1,20.4,0.4,2.1,0.0665,1.3847,0.1679,0.6872,-0.9764,0.6609,1.0225,0.004,0.0458,-0.1014,2,2,0,3,3
1506,881,./back_view_dataset_videos/19.mov,Left,171.5,13.9,13.8,-1.7,0.3,-0.1002,1.3765,-0.2532,0.7412,-1.0036,-0.6328,1.1216,-0.0187,0.0075,0.1529,2,1,0,3,3
1507,902,./back_view_dataset_videos/19.mov,Right,170.5,11.9,20.4,0.2,1.9,0.0648,1.4121,0.2006,0.7206,-0.9785,0.6704,1.003,0.0023,0.0396,-0.1358,2,1,0,3,3
1508,925,./back_view_dataset_videos/19.mov,Left,169.6,12.7,13.8,-1.5,-0.2,-0.1292,1.3889,-0.2649,0.7845,-0.9973,-0.6226,1.1005,-0.0164,-0.0053,0.1357,2,1,0,3,3
1509,1012,./back_view_dataset_videos/19.mov,Left,152.2,10.3,13.8,-2.6,-0.9,-0.146,1.556,-0.2605,0.8163,-0.9886,-0.6802,1.1291,-0.029,-0.0207,0.1145,1,1,0,3,3
1510,1033,./back_view_dataset_videos/19.mov,Right,152.2,12.7,20.4,-0.6,0.9,0.0427,1.4524,0.2043,0.7355,-0.989,0.6834,1.0711,-0.0071,0.0185,-0.1616,1,1,0,3,3
1511,1054,./back_view_dataset_videos/19.mov,Left,152.2,16.0,13.8,-2.0,-0.3,-0.1413,1.516,-0.2584,0.7953,-0.9965,-0.6335,1.1008,-0.0219,-0.0069,0.1171,1,0,0,3,3
1512,20,./back_view_dataset_videos/20.mov,Right,0,9.2,13.5,-1.3,1.3,0.0712,1.3892,0.1696,0.7294,-0.9856,0.6553,1.0455,-0.0146,0.0273,-0.0984,0,2,0,3,3
1513,43,./back_view_dataset_videos/20.mov,Left,156.1,15.6,14.0,-2.1,-0.0,-0.1417,1.4573,-0.2714,0.7717,-0.9996,-0.6359,1.0829,-0.0225,-0.0009,0.1296,1,0,0,3,3
1514,61,./back_view_dataset_videos/20.mov,Right,177.8,10.5,17.5,0.2,1.6,0.0579,1.3607,0.1575,0.701,-0.9806,0.681,1.0293,0.0022,0.0352,-0.0996,3,1,0,3,3
1515,83,./back_view_dataset_videos/20.mov,Left,172.9,16.0,14.0,-1.1,0.1,-0.0957,1.4114,-0.2491,0.7859,-1.0015,-0.6288,1.1015,-0.0123,0.0032,0.1534,2,0,0,3,3
1516,103,./back_view_dataset_videos/20.mov,Right,174.6,8.0,17.5,-1.0,1.3,0.1102,1.4132,0.2045,0.7407,-0.9847,0.6737,1.1385,-0.0105,0.029,-0.0943,2,2,0,3,3
1517,124,./back_view_dataset_videos/20.mov,Left,173.8,10.8,14.0,-4.6,-1.6,-0.1435,1.4457,-0.2661,0.8036,-0.9804,-0.6972,1.1753,-0.0515,-0.0364,0.1227,2,1,0,3,3
1518,145,./back_view_dataset_videos/20.mov,Right,173.4,12.6,17.5,-0.7,1.6,0.0826,1.3855,0.1707,0.7223,-0.9825,0.6505,1.0335,-0.0074,0.0343,-0.0881,2,1,0,3,3
1519,166,./back_view_dataset_videos/20.mov,Left,173.0,15.7,14.0,-1.9,0.5,-0.1247,1.3926,-0.2783,0.7675,-1.0054,-0.6206,1.0846,-0.0206,0.0114,0.1536,2,0,0,3,3
1520,187,./back_view_dataset_videos/20.mov,Right,172.8,7.2,17.5,0.8,1.3,0.1208,1.2847,0.201,0.6536,-0.9838,0.6802,1.0599,0.0081,0.0277,-0.0802,2,2,0,3,3
1521,208,./back_view_dataset_videos/20.mov,Left,174.6,13.8,14.0,-2.0,0.1,-0.089,1.4423,-0.2299,0.797,-1.0001,-0.6002,1.0611,-0.0216,0.0012,0.1409,2,1,0,3,3
1522,229,./back_view_dataset_videos/20.mov,Right,171.0,10.5,17.5,1.2,2.7,0.0854,1.3429,0.1986,0.6881,-0.969,0.6796,1.0488,0.0125,0.0585,-0.1132,2,1,0,3,3
1523,250,./back_view_dataset_videos/20.mov,Left,172.0,11.0,14.0,-2.3,-1.0,-0.1373,1.4737,-0.2582,0.7886,-0.9873,-0.6903,1.159,-0.0256,-0.0231,0.1209,2,1,0,3,3
1524,269,./back_view_dataset_videos/20.mov,Right,173.2,10.4,17.5,0.4,1.5,0.0818,1.3307,0.2016,0.6596,-0.9821,0.675,0.9866,0.0042,0.0322,-0.1197,2,1,0,3,3
1525,292,./back_view_dataset_videos/20.mov,Left,171.3,11.3,14.0,-0.1,0.6,-0.1471,1.3631,-0.2581,0.7308,-1.0069,-0.6193,1.092,-0.0007,0.0142,0.111,2,1,0,3,3
1526,311,./back_view_dataset_videos/20.mov,Right,173.6,9.2,17.5,0.4,1.3,0.1243,1.3326,0.2326,0.6633,-0.9838,0.6938,1.1493,0.0046,0.0273,-0.1083,2,2,0,3,3
1527,332,./back_view_dataset_videos/20.mov,Left,173.6,16.4,14.0,-2.4,0.5,-0.0786,1.4075,-0.221,0.7507,-1.0046,-0.6692,1.0955,-0.0258,0.0101,0.1424,2,0,0,3,3
1528,355,./back_view_dataset_videos/20.mov,Right,171.7,11.3,17.5,-0.3,0.1,0.0987,1.4089,0.2032,0.7344,-0.9983,0.6467,1.0399,-0.0029,0.003,-0.1045,2,1,0,3,3
1529,374,./back_view_dataset_videos/20.mov,Left,174.0,10.8,14.0,-3.1,-1.5,-0.1269,1.414,-0.2527,0.7567,-0.9806,-0.7298,1.1131,-0.0356,-0.0336,0.1258,2,1,0,3,3
1530,394,./back_view_dataset_videos/20.mov,Right,175.1,9.2,17.5,-1.3,0.6,0.0916,1.3599,0.1842,0.697,-0.9919,0.6779,1.0746,-0.0143,0.0133,-0.0926,3,2,0,3,3
1531,416,./back_view_dataset_videos/20.mov,Left,174.1,17.5,14.0,-4.2,-1.6,-0.0584,1.4545,-0.2283,0.7978,-0.9817,-0.6632,1.1487,-0.0481,-0.0364,0.17,2,0,0,3,3
1532,436,./back_view_dataset_videos/20.mov,Right,172.9,7.5,17.5,-1.5,1.5,0.1049,1.4552,0.1879,0.7553,-0.9834,0.6449,1.1139,-0.0165,0.0331,-0.083,2,2,0,3,3
1533,458,./back_view_dataset_videos/20.mov,Left,173.8,18.3,15.2,-3.2,-0.8,-0.0665,1.4384,-0.2516,0.7733,-0.9913,-0.6627,1.1159,-0.0355,-0.0171,0.1851,2,0,0,3,3
1534,478,./back_view_dataset_videos/20.mov,Right,172.6,12.6,17.5,-1.0,1.9,0.0835,1.3955,0.1782,0.7241,-0.9786,0.6467,1.0475,-0.0109,0.0413,-0.0947,2,1,0,3,3
1535,499,./back_view_dataset_videos/20.mov,Left,172.6,12.5,15.2,-3.2,-1.0,-0.0907,1.4203,-0.2288,0.7705,-0.9872,-0.7017,1.1469,-0.0361,-0.023,0.1381,2,1,0,3,3
1536,520,./back_view_dataset_videos/20.mov,Right,174.5,7.4,17.5,-0.7,1.1,0.0826,1.3956,0.1688,0.729,-0.9876,0.5984,1.01,-0.008,0.0245,-0.0862,2,2,0,3,3
1537,541,./back_view_dataset_videos/20.mov,Left,172.2,17.1,15.2,-2.4,-1.4,-0.1088,1.4049,-0.2523,0.7846,-0.9842,-0.6769,1.1405,-0.0259,-0.0304,0.1435,2,0,0,3,3
1538,560,./back_view_dataset_videos/20.mov,Right,173.4,8.3,17.5,-0.3,1.6,0.108,1.3444,0.2007,0.6677,-0.9812,0.667,1.1148,-0.0029,0.0358,-0.0927,2,2,0,3,3
1539,583,./back_view_dataset_videos/20.mov,Left,172.5,13.8,15.2,-1.9,-0.4,-0.0943,1.4234,-0.2252,0.7799,-0.9954,-0.6688,1.151,-0.0213,-0.0088,0.1309,2,1,0,3,3
1540,602,./back_view_dataset_videos/20.mov,Right,173.7,8.6,17.5,-0.8,1.0,0.1001,1.3611,0.1855,0.6973,-0.9894,0.6122,1.0341,-0.0085,0.0212,-0.0853,2,2,0,3,3
1541,625,./back_view_dataset_videos/20.mov,Left,172.8,15.0,15.2,-1.2,-0.2,-0.0721,1.4347,-0.2128,0.769,-0.9973,-0.6643,1.1215,-0.0128,-0.0043,0.1407,2,1,0,3,3
1542,646,./back_view_dataset_videos/20.mov,Right,171.7,11.1,17.5,-0.0,1.9,0.0998,1.4229,0.2164,0.7376,-0.9791,0.6327,1.0315,-0.0004,0.0408,-0.1166,2,1,0,3,3
1543,665,./back_view_dataset_videos/20.mov,Left,174.0,14.4,15.2,-1.5,-1.2,-0.1073,1.4104,-0.2366,0.7549,-0.9857,-0.6916,1.1969,-0.0172,-0.0261,0.1293,2,1,0,3,3
1544,686,./back_view_dataset_videos/20.mov,Right,174.0,10.8,17.5,0.2,0.5,0.0623,1.3841,0.1844,0.7048,-0.9946,0.6368,1.0517,0.0018,0.0106,-0.1222,2,1,0,3,3
1545,709,./back_view_dataset_videos/20.mov,Left,172.1,17.3,15.2,-1.9,-0.7,-0.0553,1.4269,-0.2057,0.7642,-0.9903,-0.6952,1.1949,-0.0207,-0.0167,0.1504,2,0,0,3,3
1546,728,./back_view_dataset_videos/20.mov,Right,172.1,11.6,17.5,-1.7,0.9,0.1062,1.3477,0.2145,0.6984,-0.9904,0.6331,1.0107,-0.0184,0.0187,-0.1083,2,1,0,3,3
1547,749,./back_view_dataset_videos/20.mov,Left,174.0,18.0,15.2,-3.9,-1.1,-0.0732,1.4218,-0.211,0.7637,-0.9869,-0.6954,1.1359,-0.0438,-0.0239,0.1378,2,0,0,3,3
1548,772,./back_view_dataset_videos/20.mov,Right,169.9,8.4,17.5,0.2,1.4,0.0895,1.3576,0.1782,0.6893,-0.9848,0.6212,0.94,0.0022,0.0303,-0.0887,2,2,0,3,3
1549,793,./back_view_dataset_videos/20.mov,Left,171.7,15.2,15.2,-2.5,-1.5,-0.0346,1.4148,-0.1939,0.7727,-0.9829,-0.6696,1.1552,-0.0263,-0.0335,0.1593,2,0,0,3,3
1550,812,./back_view_dataset_videos/20.mov,Right,174.0,10.0,17.5,-0.3,1.4,0.1127,1.427,0.1814,0.7351,-0.9844,0.6619,1.0581,-0.0034,0.0307,-0.0687,2,2,0,3,3
1551,835,./back_view_dataset_videos/20.mov,Left,169.9,17.5,15.2,-2.2,-0.8,-0.0775,1.3982,-0.2432,0.804,-0.9904,-0.6612,1.1332,-0.024,-0.0186,0.1658,2,0,0,3,3
1552,854,./back_view_dataset_videos/20.mov,Right,172.1,8.6,17.5,-0.5,1.3,0.1181,1.3507,0.2166,0.6969,-0.986,0.6205,1.0206,-0.0051,0.0277,-0.0985,2,2,0,3,3
1553,875,./back_view_dataset_videos/20.mov,Left,174.0,15.6,15.2,-1.9,-0.7,-0.0665,1.3932,-0.2263,0.7612,-0.9908,-0.6846,1.1114,-0.0207,-0.0162,0.1598,2,0,0,3,3
1554,896,./back_view_dataset_videos/20.mov,Right,171.7,10.7,17.5,-0.0,0.8,0.0593,1.3321,0.1749,0.7001,-0.9909,0.5821,0.8972,-0.0004,0.0172,-0.1156,2,1,0,3,3
1555,917,./back_view_dataset_videos/20.mov,Left,171.7,16.8,15.2,-1.5,-1.0,-0.0403,1.3768,-0.2296,0.7392,-0.9877,-0.7066,1.1693,-0.0164,-0.022,0.1893,2,0,0,3,3
1556,938,./back_view_dataset_videos/20.mov,Right,173.6,10.3,17.5,0.2,0.9,0.0934,1.3458,0.197,0.675,-0.9894,0.6141,0.9372,0.0026,0.0208,-0.1037,2,1,0,3,3
1557,961,./back_view_dataset_videos/20.mov,Left,171.7,15.8,15.2,-2.3,-1.3,-0.0457,1.3837,-0.2054,0.7697,-0.9848,-0.671,1.1056,-0.0236,-0.0284,0.1596,2,0,0,3,3
1558,982,./back_view_dataset_videos/20.mov,Right,169.5,10.1,17.5,0.8,1.1,0.1063,1.3637,0.2227,0.7126,-0.9883,0.6283,1.0346,0.0092,0.0234,-0.1164,2,1,0,3,3
1559,1003,./back_view_dataset_videos/20.mov,Left,171.3,17.1,15.2,-0.7,-1.2,-0.039,1.3031,-0.1993,0.7145,-0.9862,-0.6769,1.1351,-0.0073,-0.0262,0.1603,2,0,0,3,3
1560,1022,./back_view_dataset_videos/20.mov,Right,171.3,9.6,17.5,0.9,1.8,0.1265,1.2926,0.2356,0.6476,-0.9798,0.6551,1.0314,0.0093,0.038,-0.1091,2,2,0,3,3
1561,1045,./back_view_dataset_videos/20.mov,Left,169.5,19.8,15.2,-2.0,-1.5,-0.0241,1.3873,-0.2063,0.7508,-0.9827,-0.6815,1.1409,-0.0216,-0.0321,0.1822,2,0,0,3,3
1562,1064,./back_view_dataset_videos/20.mov,Right,171.7,7.5,17.5,-0.5,1.6,0.1342,1.3779,0.2152,0.6948,-0.9828,0.6005,0.9568,-0.0048,0.034,-0.081,2,2,0,3,3
1563,1087,./back_view_dataset_videos/20.mov,Left,169.9,15.9,15.2,-2.3,-1.9,-0.0537,1.3487,-0.2173,0.7736,-0.9766,-0.7,1.1074,-0.0248,-0.0431,0.1637,2,0,0,3,3
1564,1106,./back_view_dataset_videos/20.mov,Right,172.1,9.2,19.3,-0.7,0.8,0.1149,1.3988,0.2244,0.7221,-0.9918,0.6195,1.0002,-0.007,0.0163,-0.1095,2,2,0,3,3
1565,1126,./back_view_dataset_videos/20.mov,Left,175.1,17.6,15.2,-1.9,-1.1,-0.0373,1.3816,-0.2185,0.7658,-0.9874,-0.644,1.0794,-0.0215,-0.0246,0.1812,3,0,0,3,3
1566,1150,./back_view_dataset_videos/20.mov,Right,172.4,10.9,19.3,0.2,2.3,0.1306,1.4345,0.2428,0.7261,-0.9752,0.6198,0.9529,0.0018,0.0494,-0.1122,2,1,0,3,3
1567,1169,./back_view_dataset_videos/20.mov,Left,174.6,15.7,15.2,-2.0,-0.3,-0.0535,1.4012,-0.2304,0.7403,-0.9968,-0.6522,1.1047,-0.0224,-0.0062,0.1769,2,0,0,3,3
1568,1190,./back_view_dataset_videos/20.mov,Right,172.4,11.2,19.3,-0.9,1.5,0.0987,1.4469,0.2215,0.7451,-0.9836,0.6529,1.0491,-0.0099,0.0325,-0.1228,2,1,0,3,3
1569,1211,./back_view_dataset_videos/20.mov,Left,174.2,17.7,15.2,-2.2,-0.5,-0.0674,1.415,-0.2467,0.7627,-0.9938,-0.6576,1.1421,-0.0245,-0.0111,0.1792,2,0,0,3,3
1570,1232,./back_view_dataset_videos/20.mov,Right,172.0,9.4,19.3,-0.9,1.9,0.0983,1.4815,0.1997,0.7686,-0.9783,0.6392,0.9905,-0.0102,0.0434,-0.1014,2,2,0,3,3
1571,1253,./back_view_dataset_videos/20.mov,Left,173.8,14.6,15.2,-2.8,-1.1,-0.078,1.3808,-0.2349,0.7766,-0.9877,-0.6325,1.1282,-0.0305,-0.0246,0.1569,2,1,0,3,3
1572,1274,./back_view_dataset_videos/20.mov,Right,171.6,11.9,19.3,-0.3,1.0,0.117,1.39,0.2288,0.7049,-0.9888,0.6116,0.9647,-0.0031,0.0223,-0.1119,2,1,0,3,3
1573,1294,./back_view_dataset_videos/20.mov,Left,171.6,13.4,15.2,-2.6,-1.7,-0.0768,1.4369,-0.2317,0.7883,-0.9809,-0.6676,1.0905,-0.0295,-0.0376,0.1549,2,1,0,3,3
1574,1316,./back_view_dataset_videos/20.mov,Right,173.3,9.7,19.3,-0.9,1.0,0.1003,1.4934,0.1946,0.7674,-0.9882,0.6066,0.9287,-0.0102,0.0229,-0.0943,2,2,0,3,3
1575,1337,./back_view_dataset_videos/20.mov,Left,171.0,14.8,15.2,-1.3,-0.8,-0.0788,1.3853,-0.243,0.7431,-0.9908,-0.6583,1.1331,-0.0138,-0.0179,0.1642,2,1,0,3,3
1576,1358,./back_view_dataset_videos/20.mov,Right,171.0,8.7,19.3,0.2,1.2,0.1109,1.3923,0.2112,0.7303,-0.9871,0.6314,0.9839,0.0024,0.0256,-0.1003,2,2,0,3,3
1577,1379,./back_view_dataset_videos/20.mov,Left,171.0,22.7,15.2,-2.2,-1.5,-0.0486,1.4293,-0.217,0.7631,-0.982,-0.6971,1.1883,-0.0249,-0.0322,0.1684,2,0,0,3,3
1578,1400,./back_view_dataset_videos/20.mov,Right,171.0,9.5,19.3,-0.5,2.2,0.1257,1.3729,0.2156,0.7027,-0.9761,0.6134,0.9248,-0.0056,0.0478,-0.0899,2,2,0,3,3
1579,1420,./back_view_dataset_videos/20.mov,Left,172.1,11.9,15.2,-2.3,-1.0,-0.1117,1.3812,-0.2415,0.7635,-0.9874,-0.7013,1.1293,-0.0258,-0.0227,0.1298,2,1,0,3,3
1580,1441,./back_view_dataset_videos/20.mov,Right,172.1,11.0,19.3,0.2,1.5,0.0797,1.3762,0.2107,0.7054,-0.9833,0.6495,0.9641,0.0026,0.0331,-0.131,2,1,0,3,3
1581,1462,./back_view_dataset_videos/20.mov,Left,171.0,16.9,15.2,-2.0,-0.9,-0.0374,1.3968,-0.223,0.7873,-0.9899,-0.6736,1.108,-0.0213,-0.0191,0.1856,2,0,0,3,3
1582,1483,./back_view_dataset_videos/20.mov,Right,172.0,9.6,19.3,-0.3,0.9,0.1007,1.3266,0.2109,0.6719,-0.9886,0.669,0.9908,-0.0031,0.0199,-0.1102,2,2,0,3,3
1583,1504,./back_view_dataset_videos/20.mov,Left,172.0,16.1,15.2,-1.5,-0.8,-0.0819,1.3683,-0.2336,0.7448,-0.9908,-0.6288,1.1034,-0.017,-0.0182,0.1516,2,0,0,3,3
1584,1525,./back_view_dataset_videos/20.mov,Right,172.0,9.2,19.3,-0.6,1.4,0.1481,1.354,0.2423,0.6678,-0.984,0.6608,0.98,-0.006,0.0305,-0.0942,2,2,0,3,3
1585,1546,./back_view_dataset_videos/20.mov,Left,172.0,16.2,15.2,-1.5,-0.6,-0.0795,1.4083,-0.2185,0.7377,-0.9928,-0.6735,1.0955,-0.0168,-0.0139,0.139,2,0,0,3,3
1586,1567,./back_view_dataset_videos/20.mov,Right,172.0,13.1,19.3,0.1,1.0,0.0726,1.3667,0.2226,0.6836,-0.9887,0.6344,0.9069,0.0009,0.0225,-0.15,2,1,0,3,3
1587,1588,./back_view_dataset_videos/20.mov,Left,171.0,11.1,15.2,-0.2,0.2,-0.1283,1.3723,-0.2477,0.7612,-1.0022,-0.6305,1.1179,-0.0016,0.0046,0.1194,2,1,0,3,3
1588,1610,./back_view_dataset_videos/20.mov,Right,170.0,11.7,19.3,0.8,3.0,0.0768,1.4073,0.2158,0.7341,-0.9636,0.7037,1.0741,0.0093,0.0662,-0.139,2,1,0,3,3
1589,1630,./back_view_dataset_videos/20.mov,Left,171.0,17.6,15.2,-2.7,-1.5,-0.0823,1.4949,-0.2228,0.7932,-0.982,-0.6962,1.1901,-0.0294,-0.0334,0.1405,2,0,0,3,3
1590,1651,./back_view_dataset_videos/20.mov,Right,171.0,12.6,19.3,-0.3,1.8,0.0724,1.362,0.2012,0.6864,-0.9806,0.6188,0.9571,-0.0032,0.0387,-0.1287,2,1,0,3,3
1591,1672,./back_view_dataset_videos/20.mov,Left,171.0,12.3,15.2,-1.7,-0.8,-0.1548,1.3365,-0.2795,0.7399,-0.9909,-0.6478,1.0867,-0.018,-0.0182,0.1247,2,1,0,3,3
1592,1693,./back_view_dataset_videos/20.mov,Right,171.0,12.4,19.3,0.4,1.5,0.0289,1.434,0.1733,0.7412,-0.9821,0.6713,0.9877,0.0044,0.0338,-0.1444,2,1,0,3,3
1593,1714,./back_view_dataset_videos/20.mov,Left,171.0,15.6,15.2,-1.1,-0.5,-0.1007,1.3415,-0.2639,0.7563,-0.9944,-0.6458,1.0942,-0.0118,-0.011,0.1632,2,0,0,3,3
1594,1735,./back_view_dataset_videos/20.mov,Right,171.0,9.2,19.3,0.2,2.1,0.0782,1.3778,0.1882,0.6954,-0.9748,0.6918,1.0207,0.0018,0.0471,-0.11,2,2,0,3,3
