rep_number,frame_index,file_name,side,cadence_value (spm),gct_value (ms),vert_osc_value (%),knee_strike_angle (deg),knee_push_angle (deg),elbow_angle_val (deg),leg_split_val (deg),trunk_lean_value (deg),n_ankle_x,n_ankle_y,n_knee_x,n_knee_y,n_foot_stretch,n_heel_toe_slope,n_knee_elevation,n_shoulder_lean,n_elbow_x,cadence_score,gct_score,vert_osc_score,knee_strike_score,knee_push_score,elbow_angle_score,leg_split_score,trunk_lean_score
1,24,./side_view_dataset_videos/1.mov,Left,0,387,26.83,165,177,138,44,172,-1.2256,0.9226,-0.045,0.5657,-1.3189,-0.0655,0.5657,0.2671,0.2002,0,0,0,2,3,0,0,3
2,47,./side_view_dataset_videos/1.mov,Right,154.7,387,31.6,179,179,98,41,170,-1.5065,1.1847,-0.4647,0.6394,-1.4299,-0.076,0.6394,0.0935,-0.1376,0,0,0,0,3,3,0,3
3,70,./side_view_dataset_videos/1.mov,Left,154.7,365,26.52,176,176,118,44,174,0.2851,1.179,0.1108,0.5683,0.2121,-0.0297,0.5683,0.2167,-0.0479,0,0,0,0,3,1,0,3
4,89,./side_view_dataset_videos/1.mov,Right,165.55,400,29.05,171,173,96,67,159,-1.1519,1.184,-0.4568,0.6479,-1.0706,-0.0609,0.6479,0.2872,0.0673,1,0,0,1,3,3,3,2
5,119,./side_view_dataset_videos/1.mov,Left,153.81,370,24.33,172,172,121,37,179,-1.1891,0.6357,0.2238,0.4351,-1.2685,-0.0775,0.4351,0.2446,0.0116,0,0,0,1,3,0,0,3
6,134,./side_view_dataset_videos/1.mov,Right,170.49,364,25.84,174,174,93,75,167,-1.2918,1.1294,-0.4704,0.5996,-1.2796,-0.0621,0.5996,0.2128,-0.0328,2,0,0,1,3,3,2,3
7,155,./side_view_dataset_videos/1.mov,Left,173.44,367,22.26,172,176,117,46,178,-0.3397,1.29,0.116,0.6453,-0.4505,-0.0294,0.6453,0.3229,0.2102,2,0,0,1,3,1,0,3
8,179,./side_view_dataset_videos/1.mov,Right,172.15,401,27.22,171,171,82,68,163,-1.3483,1.1022,-0.3787,0.611,-1.2897,-0.07,0.611,0.2436,-0.0444,2,0,0,1,3,3,3,3
9,208,./side_view_dataset_videos/1.mov,Left,159.23,350,25.91,171,172,95,32,179,-0.1912,1.0485,0.2309,0.4691,-0.2924,-0.0219,0.4691,0.2148,0.0164,0,0,0,1,3,3,0,3
10,223,./side_view_dataset_videos/1.mov,Right,182.95,367,30.03,174,174,81,47,166,-1.3453,1.1648,-0.4294,0.6323,-1.2527,-0.0752,0.6323,0.1549,-0.0812,3,0,0,1,3,3,0,3
11,243,./side_view_dataset_videos/1.mov,Left,171.09,374,28.59,170,174,100,51,178,-0.9498,1.0837,0.0737,0.58,-1.044,-0.0444,0.58,0.2986,0.2845,2,0,0,1,3,2,0,3
12,266,./side_view_dataset_videos/1.mov,Right,168.15,367,30.22,173,173,79,69,167,-1.1422,1.0782,-0.3403,0.5601,-1.0066,-0.0765,0.5601,0.0947,-0.0648,1,0,0,1,3,3,3,3
13,288,./side_view_dataset_videos/1.mov,Left,170.84,347,28.38,174,176,115,36,177,-0.5937,1.258,0.0906,0.642,-0.7084,-0.0232,0.642,0.2642,0.1432,2,0,0,1,3,1,0,3
14,311,./side_view_dataset_videos/1.mov,Right,177.24,367,27.53,177,177,79,65,167,-1.2673,1.1116,-0.4055,0.593,-1.1234,-0.0732,0.593,0.0817,-0.1369,2,0,0,0,3,3,3,3
15,332,./side_view_dataset_videos/1.mov,Left,163.69,377,27.41,165,178,146,32,177,-1.1904,1.0959,-0.1399,0.6173,-1.2872,-0.0694,0.6173,0.2671,0.2093,1,0,0,2,3,0,0,3
16,355,./side_view_dataset_videos/1.mov,Right,159.05,374,25.46,179,179,80,60,170,-1.1143,1.0242,-0.3497,0.5468,-1.1549,-0.0605,0.5468,0.2155,0.0827,0,0,0,0,3,3,2,3
17,377,./side_view_dataset_videos/1.mov,Left,160.45,347,23.06,178,179,142,55,175,-0.5741,1.1733,-0.1916,0.5758,-0.6235,-0.014,0.5758,0.2274,0.1857,1,0,0,0,3,0,1,3
18,391,./side_view_dataset_videos/1.mov,Right,178.94,344,23.29,150,164,68,63,179,0.7621,0.8582,0.7735,0.2706,0.8052,-0.0081,0.2706,-0.0367,-0.0849,2,0,0,2,2,2,2,3
19,413,./side_view_dataset_videos/1.mov,Left,180.34,377,21.23,176,176,127,71,178,-0.522,1.1198,0.1097,0.6195,-0.5367,-0.0317,0.6195,0.2526,0.0782,3,0,0,0,3,0,3,3
20,444,./side_view_dataset_videos/1.mov,Right,169.41,347,23.63,176,176,78,62,169,-1.2557,1.1838,-0.4963,0.5769,-1.2078,-0.0592,0.5769,0.1478,-0.0158,1,0,0,0,3,3,2,3
21,458,./side_view_dataset_videos/1.mov,Left,189.3,320,23.56,175,175,107,46,177,-0.5083,1.0171,0.1556,0.543,-0.5517,-0.032,0.543,0.2673,0.0639,3,0,0,0,3,2,0,3
22,472,./side_view_dataset_videos/1.mov,Right,207.79,354,21.59,165,175,65,53,174,-1.2583,0.7478,0.242,0.5124,-1.185,-0.0582,0.5124,-0.167,-0.7752,3,0,0,2,3,2,0,3
23,496,./side_view_dataset_videos/1.mov,Left,186.61,354,22.66,178,178,137,74,173,0.3742,1.087,0.1069,0.5357,0.3847,0.0145,0.5357,0.2455,0.0929,3,0,0,0,3,0,3,3
24,518,./side_view_dataset_videos/1.mov,Right,186.61,300,24.63,169,169,60,54,177,-1.1155,0.9981,0.2245,0.5317,-1.0498,-0.0736,0.5317,-0.1183,-0.7863,3,0,0,2,3,2,0,3
25,533,./side_view_dataset_videos/1.mov,Left,211.09,360,23.5,166,178,48,77,169,-0.113,1.0703,0.165,0.5806,-0.1032,-0.011,0.5806,0.1399,-0.1657,3,0,0,2,3,0,2,3
26,565,./side_view_dataset_videos/1.mov,Right,182.5,360,20.54,170,171,62,58,174,-0.7219,0.9929,0.1887,0.5382,-0.6477,-0.0737,0.5382,-0.1815,-0.7964,3,0,1,1,3,2,1,3
27,579,./side_view_dataset_videos/1.mov,Left,182.5,387,20.02,161,179,126,67,170,0.0374,1.0708,0.2701,0.6112,-0.0074,-0.0168,0.6112,0.1497,-0.0204,3,0,1,3,3,0,3,3
28,611,./side_view_dataset_videos/1.mov,Right,175.09,360,19.13,173,173,62,51,177,-0.8355,0.8505,0.2901,0.4801,-0.7591,-0.0715,0.4801,-0.1133,-0.6891,2,0,1,1,3,2,0,3
29,625,./side_view_dataset_videos/1.mov,Left,193.57,411,19.93,164,178,88,50,167,0.1217,1.1086,0.3987,0.5883,0.0516,-0.0151,0.5883,0.2435,0.0822,3,0,1,3,3,3,0,3
30,655,./side_view_dataset_videos/1.mov,Right,169.85,320,23.3,168,168,59,56,177,0.4091,1.2144,0.2602,0.5172,0.4816,-0.0117,0.5172,-0.1184,-0.7978,1,0,0,2,3,1,1,3
31,669,./side_view_dataset_videos/1.mov,Left,198.44,381,24.11,166,179,90,81,164,-0.0138,1.0988,0.3687,0.5784,-0.0725,-0.0184,0.5784,0.2259,-0.0652,3,0,0,2,3,3,1,3
32,701,./side_view_dataset_videos/1.mov,Right,169.85,283,21.44,166,166,58,58,175,0.2769,1.193,0.2169,0.49,0.3602,-0.0307,0.49,-0.1607,-0.8149,1,2,0,2,3,1,1,3
33,722,./side_view_dataset_videos/1.mov,Left,181.5,320,23.43,172,176,118,75,171,0.3803,1.2325,-0.0681,0.5947,0.3432,-0.0068,0.5947,0.2773,-0.0103,3,0,0,1,3,1,2,3
34,747,./side_view_dataset_videos/1.mov,Right,159.14,293,22.2,165,175,62,59,171,-0.5318,0.8654,0.2162,0.5233,-0.4819,-0.0634,0.5233,-0.1964,-0.8727,0,1,0,2,3,2,1,3
35,769,./side_view_dataset_videos/1.mov,Left,167.76,354,20.71,178,178,135,77,171,-0.4085,1.0832,-0.1167,0.5408,-0.4153,-0.0356,0.5408,0.2902,0.0131,1,0,1,0,3,0,2,3
36,792,./side_view_dataset_videos/1.mov,Right,147.87,266,21.65,168,168,61,54,173,0.3416,1.2189,0.2574,0.5175,0.4107,-0.019,0.5175,-0.1786,-0.839,0,3,0,2,3,2,0,3
37,807,./side_view_dataset_videos/1.mov,Left,173.07,360,21.43,168,179,115,80,171,0.0469,1.0604,0.3582,0.565,0.0424,-0.0161,0.565,0.2074,0.0565,2,0,0,2,3,1,1,3
38,838,./side_view_dataset_videos/1.mov,Right,162.14,290,25.08,167,167,59,62,174,0.2292,1.1307,0.7206,0.4464,0.2959,-0.018,0.4464,-0.1609,-0.7201,1,1,0,2,3,1,2,3
39,859,./side_view_dataset_videos/1.mov,Left,167.57,306,26.87,172,177,120,74,167,0.3794,1.2589,-0.0819,0.6288,0.3078,-0.004,0.6288,0.3135,-0.0416,1,0,0,1,3,0,3,3
40,886,./side_view_dataset_videos/1.mov,Right,161.58,239,25.77,171,171,57,59,178,-0.601,1.0766,0.2967,0.4644,-0.5156,-0.0512,0.4644,-0.1169,-0.578,1,3,0,1,3,1,1,3
41,904,./side_view_dataset_videos/1.mov,Left,170.17,306,27.5,171,177,106,78,171,-1.1321,0.8557,-0.129,0.5231,-1.1394,-0.0765,0.5231,0.252,-0.0487,2,0,0,1,3,2,2,3
42,930,./side_view_dataset_videos/1.mov,Right,150.1,215,22.81,173,173,58,56,175,0.0018,1.1922,0.269,0.4616,0.1147,-0.0418,0.4616,-0.1887,-0.7176,0,3,0,1,3,1,1,3
43,955,./side_view_dataset_videos/1.mov,Left,155.61,256,21.25,176,179,118,58,171,-0.1627,1.0414,0.2316,0.4992,-0.2077,-0.0009,0.4992,0.3395,-0.0593,0,3,0,0,3,1,1,3
44,971,./side_view_dataset_videos/1.mov,Right,166.2,212,21.21,163,171,64,58,174,0.3148,1.1644,0.2856,0.4836,0.3846,-0.0236,0.4836,-0.1616,-0.7761,1,3,0,3,3,2,1,3
45,985,./side_view_dataset_videos/1.mov,Left,190.67,300,19.4,174,177,71,72,169,-0.051,1.0643,0.3196,0.5983,-0.0556,-0.032,0.5983,0.0645,-0.3795,3,0,1,1,3,3,3,3
46,1014,./side_view_dataset_videos/1.mov,Right,175.67,246,21.11,178,178,68,61,175,-0.6136,1.1854,0.1581,0.5753,-0.4927,-0.063,0.5753,-0.2131,-0.9475,2,3,0,0,3,2,2,3
47,1037,./side_view_dataset_videos/1.mov,Left,179.24,293,19.17,178,178,89,73,172,-0.5233,1.039,-0.039,0.5748,-0.5515,-0.0242,0.5748,0.2712,0.4321,2,1,1,0,3,3,3,3
48,1055,./side_view_dataset_videos/1.mov,Right,190.31,266,16.54,157,157,68,67,179,0.4522,1.205,0.4364,0.5011,0.511,-0.016,0.5011,-0.0736,-0.8343,3,3,2,3,2,2,3,3
49,1073,./side_view_dataset_videos/1.mov,Left,185.37,290,17.58,170,179,101,77,166,-0.2488,0.849,0.3192,0.4901,-0.2941,-0.0429,0.4901,0.25,0.1746,3,1,2,1,3,2,2,3
50,1094,./side_view_dataset_videos/1.mov,Right,168.43,266,21.34,154,179,75,56,176,0.5384,1.0408,0.858,0.4195,0.5472,-0.0516,0.4195,0.0543,-0.7199,1,3,0,2,3,3,1,3
51,1116,./side_view_dataset_videos/1.mov,Left,176.24,347,26.88,166,179,113,74,171,-0.651,1.093,-0.0501,0.5258,-0.7064,-0.0278,0.5258,0.3824,0.2635,2,0,0,2,3,2,3,3
52,14,./side_view_dataset_videos/2.mov,Right,0,283,5.64,166,166,85,56,163,-0.4495,1.0083,0.4563,0.5317,-0.4764,-0.0618,0.5317,0.327,0.0828,0,2,3,2,3,3,1,3
53,31,./side_view_dataset_videos/2.mov,Left,211.65,258,13.64,160,160,98,61,166,-0.8998,0.8594,0.1621,0.608,-0.9306,-0.078,0.608,0.317,-0.0484,3,3,3,3,2,3,2,3
54,45,./side_view_dataset_videos/2.mov,Right,234.33,316,13.47,169,169,89,57,168,-1.3811,0.9715,-0.5536,0.57,-1.274,-0.0999,0.57,0.0954,-0.4472,3,0,3,2,3,3,1,3
55,71,./side_view_dataset_videos/2.mov,Left,202.35,312,13.54,162,162,116,61,165,-1.2266,0.9097,-0.2435,0.6228,-1.1607,-0.1013,0.6228,0.1352,-0.2787,3,0,3,3,2,1,2,3
56,89,./side_view_dataset_videos/2.mov,Right,201.74,336,11.53,169,177,87,57,167,-1.3718,0.9516,-0.5389,0.5676,-1.2758,-0.0913,0.5676,0.1374,-0.4289,3,0,3,2,3,3,1,3
57,115,./side_view_dataset_videos/2.mov,Left,189.07,340,13.76,160,160,115,58,163,-1.2091,0.9014,-0.1357,0.6314,-1.1777,-0.1032,0.6314,0.1759,-0.216,3,0,3,3,2,1,1,3
58,133,./side_view_dataset_videos/2.mov,Right,186.72,390,11.14,168,168,92,59,168,-1.4384,0.9623,-0.5812,0.5706,-1.3348,-0.0883,0.5706,0.1067,-0.4377,3,0,3,2,3,3,1,3
59,162,./side_view_dataset_videos/2.mov,Left,160.13,350,13.56,160,160,106,59,165,-0.5517,1.0908,0.1867,0.6383,-0.5638,-0.0769,0.6383,0.3157,-0.0063,1,0,3,3,2,2,1,3
60,176,./side_view_dataset_videos/2.mov,Right,183.85,380,11.38,167,167,94,57,168,-1.436,0.9416,-0.576,0.5628,-1.3372,-0.0998,0.5628,0.1029,-0.4491,3,0,3,2,3,3,1,3
61,203,./side_view_dataset_videos/2.mov,Left,170.53,350,15.04,163,163,113,57,166,-0.4498,1.145,0.0923,0.6219,-0.3755,-0.0383,0.6219,0.1199,-0.3582,2,0,2,3,2,2,1,3
62,220,./side_view_dataset_videos/2.mov,Right,185.18,386,14.16,169,169,87,60,167,-1.4199,0.9444,-0.5567,0.5629,-1.3201,-0.096,0.5629,0.1201,-0.4139,3,0,3,2,3,3,2,3
63,249,./side_view_dataset_videos/2.mov,Left,170.01,340,14.18,166,166,94,59,167,-0.9735,0.9563,0.117,0.6379,-0.9196,-0.0865,0.6379,0.2846,-0.0943,2,0,3,2,3,3,1,3
64,264,./side_view_dataset_videos/2.mov,Right,193.17,383,11.81,170,170,89,72,166,-1.4574,0.9108,-0.5566,0.5647,-1.3427,-0.0995,0.5647,0.1387,-0.4052,3,0,3,1,3,3,3,3
65,291,./side_view_dataset_videos/2.mov,Left,168.43,303,11.7,160,160,125,54,161,0.266,1.1699,0.3814,0.5471,0.2832,-0.0274,0.5471,0.2257,-0.2015,1,0,3,3,2,0,0,3
66,306,./side_view_dataset_videos/2.mov,Right,189.75,346,9.79,166,166,114,72,169,-1.3991,0.9976,-0.5854,0.5883,-1.2709,-0.0962,0.5883,0.0688,-0.333,3,0,3,2,3,2,3,3
67,336,./side_view_dataset_videos/2.mov,Left,171.4,323,12.29,169,169,120,52,166,-0.669,1.0256,0.1818,0.6745,-0.7404,-0.0639,0.6745,0.3322,0.1,2,0,3,2,3,0,0,3
68,358,./side_view_dataset_videos/2.mov,Right,179.3,340,13.7,158,167,106,48,168,-0.2038,1.1379,0.2672,0.7238,-0.1911,-0.0551,0.7238,0.1837,-0.1961,2,0,3,3,3,2,0,3
69,378,./side_view_dataset_videos/2.mov,Left,167.31,300,17.1,166,166,125,58,166,-0.7642,1.1637,0.0635,0.6308,-0.7896,-0.0335,0.6308,0.3355,0.1059,1,0,2,2,3,0,1,3
70,393,./side_view_dataset_videos/2.mov,Right,188.63,390,16.76,165,167,130,52,166,-1.4618,0.997,-0.5759,0.5978,-1.3207,-0.0888,0.5978,0.1096,-0.1141,3,0,2,2,3,0,0,3
71,423,./side_view_dataset_videos/2.mov,Left,164.64,346,16.62,169,169,119,62,164,-0.6311,1.0735,0.1842,0.6074,-0.6826,-0.0513,0.6074,0.351,0.0276,1,0,2,2,3,1,2,3
72,446,./side_view_dataset_videos/2.mov,Right,171.94,340,18.53,156,165,104,56,165,-0.7205,0.9221,0.2161,0.6883,-0.6904,-0.0889,0.6883,0.2315,-0.2237,2,0,1,3,3,2,1,3
73,466,./side_view_dataset_videos/2.mov,Left,175.21,356,17.45,173,173,111,56,164,-0.5652,0.962,0.2082,0.631,-0.6397,-0.06,0.631,0.3597,-0.0239,2,0,2,1,3,2,1,3
74,491,./side_view_dataset_videos/2.mov,Right,168.02,353,14.36,167,167,88,54,160,-0.4787,0.9656,0.4246,0.6265,-0.4807,-0.0733,0.6265,0.3558,0.0504,1,0,3,2,3,3,0,3
75,505,./side_view_dataset_videos/2.mov,Left,171.44,310,13.49,160,165,100,60,163,-1.2668,0.9282,-0.174,0.6442,-1.2024,-0.1006,0.6442,0.2095,-0.2328,2,0,3,3,3,2,2,3
76,522,./side_view_dataset_videos/2.mov,Right,189.79,343,11.31,170,170,93,61,170,-1.4247,0.9177,-0.559,0.5588,-1.349,-0.1047,0.5588,0.0998,-0.444,3,0,3,1,3,3,2,3
77,549,./side_view_dataset_videos/2.mov,Left,185.15,336,11.53,159,160,109,62,163,-0.3741,1.0473,0.1,0.6238,-0.3105,-0.0819,0.6238,0.1739,-0.2352,3,0,3,3,2,2,2,3
78,567,./side_view_dataset_videos/2.mov,Right,189.15,340,9.49,167,167,96,59,167,-1.4235,0.9107,-0.5253,0.5804,-1.3402,-0.1009,0.5804,0.135,-0.4252,3,0,3,2,3,3,1,3
79,593,./side_view_dataset_videos/2.mov,Left,188.04,350,11.03,158,158,109,59,162,-1.1856,0.9078,-0.072,0.6674,-1.1523,-0.0954,0.6674,0.2287,-0.2049,3,0,3,3,2,2,1,3
80,610,./side_view_dataset_videos/2.mov,Right,178.97,390,11.9,168,168,89,61,167,-1.4913,0.895,-0.578,0.5675,-1.3914,-0.1054,0.5675,0.1331,-0.4249,2,0,3,2,3,3,2,3
81,639,./side_view_dataset_videos/2.mov,Left,161.45,353,9.88,169,177,98,61,167,-0.8916,0.9362,0.1204,0.6727,-0.9148,-0.0843,0.6727,0.3547,0.017,1,0,3,2,3,3,2,3
82,655,./side_view_dataset_videos/2.mov,Right,179.78,373,7.82,175,175,93,48,171,-0.4243,1.0482,0.3707,0.5522,-0.3885,-0.0623,0.5522,0.1216,-0.4409,2,0,3,0,3,3,0,3
83,679,./side_view_dataset_videos/2.mov,Left,169.78,343,9.23,155,159,109,56,162,0.1432,1.1981,0.3033,0.553,0.1316,-0.021,0.553,0.2804,0.0008,1,0,3,3,2,2,1,3
84,696,./side_view_dataset_videos/2.mov,Right,184.44,386,8.47,165,176,92,58,166,-1.4237,0.9381,-0.5757,0.5759,-1.3299,-0.0955,0.5759,0.1523,-0.4322,3,0,3,2,3,3,1,3
85,726,./side_view_dataset_videos/2.mov,Left,166.09,376,8.76,165,179,102,57,162,0.2387,0.9318,0.5678,0.4625,0.2052,-0.0331,0.4625,0.3552,0.0231,1,0,3,2,3,2,1,3
86,752,./side_view_dataset_videos/2.mov,Right,168.96,376,8.23,179,179,85,63,162,-0.5003,1.023,0.3541,0.5662,-0.5196,-0.068,0.5662,0.3401,0.1125,1,0,3,0,3,3,2,3
87,768,./side_view_dataset_videos/2.mov,Left,168.96,346,10.04,158,170,102,57,165,-0.7611,1.0603,0.1357,0.6533,-0.7548,-0.0987,0.6533,0.2618,-0.0391,1,0,3,3,3,2,1,3
88,783,./side_view_dataset_videos/2.mov,Right,186.95,376,9.5,167,167,88,59,167,-1.4033,0.9765,-0.5792,0.5732,-1.3135,-0.0901,0.5732,0.1359,-0.4093,3,0,3,2,3,3,1,3
89,809,./side_view_dataset_videos/2.mov,Left,172.29,336,9.3,160,163,100,54,161,0.4407,1.1754,0.4533,0.512,0.4148,-0.0243,0.512,0.2016,-0.0911,2,0,3,3,2,2,0,3
90,827,./side_view_dataset_videos/2.mov,Right,188.29,336,10.36,168,168,89,58,169,-1.4793,0.9483,-0.5959,0.5743,-1.364,-0.0983,0.5743,0.0713,-0.4643,3,0,3,2,3,3,1,3
91,853,./side_view_dataset_videos/2.mov,Left,188.29,340,11.52,158,158,151,59,161,0.4218,1.2077,0.4342,0.5394,0.4322,-0.0182,0.5394,0.1798,-0.2366,3,0,3,3,2,0,1,3
92,870,./side_view_dataset_videos/2.mov,Right,185.64,376,10.64,169,179,86,58,164,-1.4501,0.906,-0.5688,0.5616,-1.33,-0.1004,0.5616,0.1557,-0.3611,3,0,3,2,3,3,1,3
93,896,./side_view_dataset_videos/2.mov,Left,165.34,343,9.49,156,156,108,60,163,-1.0911,0.9098,-0.0088,0.6117,-1.0243,-0.0967,0.6117,0.1116,-0.2866,1,0,3,3,2,2,2,3
94,912,./side_view_dataset_videos/2.mov,Right,182.64,390,10.48,169,169,90,55,167,-1.3921,1.0059,-0.5896,0.5688,-1.2633,-0.0854,0.5688,0.1063,-0.4952,3,0,3,2,3,3,1,3
95,944,./side_view_dataset_videos/2.mov,Left,165.15,390,12.25,161,164,101,60,166,-0.0164,0.9131,0.1818,0.6175,-0.0567,-0.0416,0.6175,0.3141,-0.0353,1,0,3,3,2,2,2,3
96,970,./side_view_dataset_videos/2.mov,Right,165.15,386,10.54,156,163,80,58,163,-0.6556,1.1105,-0.038,0.6321,-0.6051,-0.0325,0.6321,0.2356,-0.0644,1,0,3,3,2,3,1,3
97,986,./side_view_dataset_videos/2.mov,Left,167.8,346,13.46,167,167,97,54,167,-0.5941,1.0895,0.2115,0.6003,-0.6242,-0.055,0.6003,0.303,-0.0363,1,0,3,2,3,3,0,3
98,1000,./side_view_dataset_videos/2.mov,Right,191.52,383,13.73,168,168,86,56,169,-1.4619,0.9553,-0.5753,0.5677,-1.3347,-0.0963,0.5677,0.0558,-0.4786,3,0,3,2,3,3,1,3
99,1027,./side_view_dataset_videos/2.mov,Left,173.2,330,13.85,157,159,111,58,160,0.2479,1.2237,0.3969,0.5778,0.2339,-0.027,0.5778,0.197,-0.1785,2,0,3,3,2,2,1,3
100,1043,./side_view_dataset_videos/2.mov,Right,195.69,336,10.27,167,167,85,58,169,-1.4235,0.9767,-0.5895,0.5667,-1.3258,-0.0872,0.5667,0.0968,-0.4813,3,0,3,2,3,3,1,3
101,1071,./side_view_dataset_videos/2.mov,Left,193.71,336,10.75,162,162,102,56,165,0.2444,1.206,0.3264,0.5643,0.2278,-0.0256,0.5643,0.2802,-0.0149,3,0,3,3,2,2,1,3
102,1087,./side_view_dataset_videos/2.mov,Right,193.71,383,12.96,170,170,76,57,170,-1.432,0.9778,-0.5996,0.5662,-1.3046,-0.0826,0.5662,0.053,-0.4671,3,0,3,1,3,3,1,3
103,1115,./side_view_dataset_videos/2.mov,Left,168.01,346,10.98,164,164,101,56,165,-1.0875,0.8871,0.0825,0.5776,-1.0841,-0.0923,0.5776,0.2759,-0.0564,1,0,3,3,2,2,1,3
104,1131,./side_view_dataset_videos/2.mov,Right,186.33,380,10.64,171,171,83,58,168,-1.4895,0.9476,-0.609,0.5752,-1.3667,-0.0966,0.5752,0.0859,-0.4792,3,0,3,1,3,3,1,3
105,1157,./side_view_dataset_videos/2.mov,Left,169.03,300,10.5,159,159,103,57,159,0.457,1.1971,0.4279,0.5365,0.4133,-0.027,0.5365,0.2983,-0.0427,1,0,3,3,2,2,1,2
106,1174,./side_view_dataset_videos/2.mov,Right,185.66,330,13.07,167,167,120,56,169,-1.5298,0.9535,-0.6155,0.5989,-1.4359,-0.1006,0.5989,0.089,-0.277,3,0,3,2,3,0,1,3
107,1199,./side_view_dataset_videos/2.mov,Left,169.47,246,12.77,160,160,113,55,161,0.3936,1.1593,0.3885,0.5438,0.3981,-0.0228,0.5438,0.1468,-0.2533,1,3,3,3,2,2,1,3
108,1215,./side_view_dataset_videos/2.mov,Right,188.75,286,12.39,169,169,130,60,166,-1.4477,0.9962,-0.6411,0.5886,-1.3144,-0.075,0.5886,0.1195,-0.1135,3,1,3,2,3,0,2,3
109,1243,./side_view_dataset_videos/2.mov,Left,169.47,253,12.55,158,161,112,59,164,-0.3599,1.1134,0.1361,0.5767,-0.3232,-0.0461,0.5767,0.1777,-0.2305,1,3,3,3,2,2,1,3
110,1259,./side_view_dataset_videos/2.mov,Right,186.77,336,13.59,169,169,128,59,165,-1.4764,0.9766,-0.6265,0.5946,-1.35,-0.0872,0.5946,0.1369,-0.1303,3,0,3,2,3,0,1,3
111,1288,./side_view_dataset_videos/2.mov,Left,169.25,300,14.14,163,163,109,76,165,-0.2426,0.8808,0.1987,0.5893,-0.253,-0.0407,0.5893,0.3217,-0.0617,1,0,3,3,2,2,2,3
112,1302,./side_view_dataset_videos/2.mov,Right,191.87,386,13.87,171,171,130,59,165,-1.4476,0.9422,-0.5814,0.5874,-1.3351,-0.0928,0.5874,0.1465,-0.1051,3,0,3,1,3,0,1,3
113,1331,./side_view_dataset_videos/2.mov,Left,171.71,340,14.06,165,166,109,61,164,-0.4422,1.0438,0.2142,0.6345,-0.4791,-0.0333,0.6345,0.3262,-0.0583,2,0,3,2,3,2,2,3
114,1345,./side_view_dataset_videos/2.mov,Right,197.41,373,11.15,171,171,93,58,167,-1.4145,0.9366,-0.5588,0.5735,-1.2956,-0.1046,0.5735,0.1056,-0.4421,3,0,3,1,3,3,1,3
115,1371,./side_view_dataset_videos/2.mov,Left,180.11,336,14.02,163,163,88,57,163,-1.2337,0.9246,-0.2325,0.6121,-1.2172,-0.1002,0.6121,0.213,-0.1273,3,0,3,3,2,3,1,3
116,1389,./side_view_dataset_videos/2.mov,Right,195.27,390,15.9,171,171,86,59,167,-1.4173,0.9549,-0.5688,0.5705,-1.2945,-0.0896,0.5705,0.1035,-0.4336,3,0,2,1,3,3,1,3
117,1419,./side_view_dataset_videos/2.mov,Left,167.86,356,12.94,163,163,100,59,168,-0.6554,1.1332,0.1646,0.6396,-0.6874,-0.0438,0.6396,0.2923,-0.0689,1,0,3,3,2,2,1,3
118,1454,./side_view_dataset_videos/2.mov,Right,163.61,400,9.26,162,171,78,63,160,-1.3921,1.0102,-0.4665,0.622,-1.3666,-0.1035,0.622,0.3343,0.1268,1,0,3,3,3,3,2,3
119,1481,./side_view_dataset_videos/2.mov,Left,138.86,346,11.54,160,160,88,60,170,0.5577,1.2826,0.5089,0.5825,0.46,-0.0219,0.5825,0.3387,0.0663,0,0,3,3,2,3,2,3
120,1499,./side_view_dataset_videos/2.mov,Right,151.16,340,11.44,160,168,73,53,160,-1.4143,0.9894,-0.4828,0.6102,-1.357,-0.1007,0.6102,0.3027,0.0779,0,0,3,3,3,3,0,3
121,1515,./side_view_dataset_videos/2.mov,Left,156.16,270,10.5,152,176,89,56,165,0.3122,1.1799,0.5853,0.5343,0.2006,-0.0373,0.5343,0.3758,0.197,0,2,3,2,3,3,1,3
122,1532,./side_view_dataset_videos/2.mov,Right,174.5,316,10.72,178,178,73,60,161,-0.6259,1.0567,0.0842,0.5803,-0.5952,-0.0534,0.5803,0.2926,0.0137,2,0,3,0,3,3,2,3
123,1567,./side_view_dataset_videos/2.mov,Left,174.5,283,12.09,160,160,88,59,170,-1.3515,0.7266,-0.3024,0.6264,-1.4131,-0.1188,0.6264,0.3962,0.1134,2,2,3,3,2,3,1,3
124,1584,./side_view_dataset_videos/2.mov,Right,190.18,340,11.87,162,171,72,58,157,-1.443,0.9803,-0.515,0.6039,-1.3852,-0.1007,0.6039,0.3535,0.0724,3,0,3,3,3,3,1,2
125,1611,./side_view_dataset_videos/2.mov,Left,176.85,340,8.9,161,161,89,74,171,-1.3425,0.7004,-0.1848,0.6396,-1.3399,-0.1016,0.6396,0.3406,-0.0071,2,0,3,3,2,3,3,3
126,1627,./side_view_dataset_videos/2.mov,Right,176.85,396,9.79,164,174,75,59,158,-1.4667,1.0072,-0.5337,0.6189,-1.436,-0.0984,0.6189,0.3736,0.1962,2,0,3,3,3,3,1,2
127,1653,./side_view_dataset_videos/2.mov,Left,162.2,346,10.14,178,178,85,63,167,0.5698,1.2989,0.3915,0.6358,0.494,-0.0192,0.6358,0.4055,0.0997,1,0,3,0,3,3,2,3
128,1671,./side_view_dataset_videos/2.mov,Right,181.62,376,10.73,166,174,81,62,157,-1.483,0.9856,-0.535,0.6147,-1.4525,-0.1041,0.6147,0.3983,0.2295,3,0,3,2,3,3,2,2
129,1697,./side_view_dataset_videos/2.mov,Left,166.96,296,10.21,157,157,86,63,168,-0.3244,1.1821,0.1096,0.6641,-0.358,-0.0364,0.6641,0.3722,-0.0412,1,1,3,3,2,3,2,3
130,1713,./side_view_dataset_videos/2.mov,Right,185.29,343,9.4,163,171,76,62,157,-1.4614,1.0488,-0.5768,0.6257,-1.4229,-0.1004,0.6257,0.3799,0.1994,3,0,3,3,3,3,2,2
131,1743,./side_view_dataset_videos/2.mov,Left,164.3,303,9.16,170,170,95,61,172,-1.0771,0.7333,0.0095,0.6509,-1.0412,-0.0938,0.6509,0.3228,-0.0133,1,0,3,1,3,3,2,3
132,1757,./side_view_dataset_videos/2.mov,Right,188.02,330,8.36,162,172,81,61,157,-1.4513,0.9966,-0.5496,0.6083,-1.4012,-0.0979,0.6083,0.3645,0.2414,3,0,3,3,3,3,2,2
133,1783,./side_view_dataset_videos/2.mov,Left,175.72,256,8.05,162,162,92,62,168,0.5082,1.2746,0.4709,0.5931,0.4245,-0.0275,0.5931,0.3406,-0.0462,2,3,3,3,2,3,2,3
134,1801,./side_view_dataset_videos/2.mov,Right,188.02,333,9.14,164,172,79,60,156,-1.4763,1.0077,-0.5378,0.6226,-1.4176,-0.099,0.6226,0.3705,0.21,3,0,3,3,3,3,2,2
135,1827,./side_view_dataset_videos/2.mov,Left,170.72,293,12.59,163,163,91,61,170,-0.0813,1.2472,0.1959,0.6695,-0.13,-0.023,0.6695,0.3463,0.0866,2,1,3,3,2,3,2,3
136,1845,./side_view_dataset_videos/2.mov,Right,186.72,333,12.41,162,168,76,59,157,-1.4964,1.0004,-0.5449,0.6172,-1.4411,-0.1013,0.6172,0.3662,0.1623,3,0,3,3,3,3,1,2
137,1871,./side_view_dataset_videos/2.mov,Left,162.99,300,8.86,161,161,91,60,173,-1.3536,0.7219,-0.3453,0.6215,-1.3428,-0.0946,0.6215,0.2978,0.0165,1,0,3,3,2,3,2,3
138,15,./side_view_dataset_videos/3.mov,Right,0,83,19.77,166,166,89,77,165,-1.2167,0.9068,-0.4284,0.6362,-1.1867,-0.0811,0.6362,0.2345,-0.0049,0,3,1,2,3,3,2,3
139,37,./side_view_dataset_videos/3.mov,Left,163.64,66,19.64,164,164,109,72,178,-0.9835,1.0511,-0.4277,0.5981,-0.9465,-0.0572,0.5981,0.1815,0.1041,1,3,1,3,2,2,3,3
140,61,./side_view_dataset_videos/3.mov,Right,156.82,166,17.73,169,169,102,72,167,-1.2275,0.7443,-0.4313,0.6,-1.2064,-0.0875,0.6,0.2066,-0.0243,0,3,2,2,3,2,3,3
141,83,./side_view_dataset_videos/3.mov,Left,159.09,208,18.12,169,169,110,74,179,-1.2343,0.7634,-0.4054,0.6081,-1.1884,-0.0819,0.6081,0.0869,-0.2597,0,3,1,2,3,2,3,3
142,103,./side_view_dataset_videos/3.mov,Right,164.32,240,21.18,165,165,127,71,168,-1.2352,0.8461,-0.3963,0.6453,-1.2056,-0.081,0.6453,0.181,-0.0552,1,3,0,2,3,0,3,3
143,125,./side_view_dataset_videos/3.mov,Left,164.18,290,18.76,170,170,111,76,178,-1.2399,0.7469,-0.4236,0.6305,-1.2325,-0.0669,0.6305,0.1006,-0.2613,1,1,1,1,3,2,2,3
144,145,./side_view_dataset_videos/3.mov,Right,167.45,353,18.0,164,164,136,74,167,-1.3318,0.7501,-0.4738,0.6129,-1.2756,-0.0761,0.6129,0.1735,-0.0348,1,0,1,3,2,0,3,3
145,167,./side_view_dataset_videos/3.mov,Left,170.18,290,17.19,160,160,101,75,175,-1.2395,0.9348,-0.4532,0.634,-1.1909,-0.0763,0.634,0.1224,0.0508,2,1,2,3,2,2,2,3
146,187,./side_view_dataset_videos/3.mov,Right,173.45,233,17.69,168,168,73,74,170,-1.163,0.991,-0.4558,0.6234,-1.103,-0.0749,0.6234,0.1139,-0.2372,2,3,2,2,3,3,3,3
147,207,./side_view_dataset_videos/3.mov,Left,173.45,170,18.67,164,164,117,76,177,-1.0893,1.1079,-0.479,0.6279,-1.0002,-0.0549,0.6279,0.1481,0.1763,2,3,1,3,2,1,2,3
148,229,./side_view_dataset_videos/3.mov,Right,173.45,113,13.8,165,165,84,81,166,-1.2133,0.8489,-0.4269,0.5737,-1.1564,-0.0769,0.5737,0.1845,-0.008,2,3,3,2,3,3,1,3
149,250,./side_view_dataset_videos/3.mov,Left,171.74,110,15.81,166,166,97,85,177,-1.3062,0.697,-0.4394,0.6182,-1.2563,-0.0774,0.6182,0.1467,-0.1247,2,3,2,2,3,3,0,3
150,271,./side_view_dataset_videos/3.mov,Right,173.3,166,15.76,157,157,95,88,167,-1.2794,0.6424,-0.4254,0.6433,-1.2277,-0.0719,0.6433,0.179,0.0094,2,3,2,3,2,3,0,3
151,291,./side_view_dataset_videos/3.mov,Left,173.3,223,16.26,163,167,104,82,177,-1.3042,0.6466,-0.445,0.6114,-1.2789,-0.0598,0.6114,0.1203,-0.2147,2,3,2,3,3,2,1,3
152,311,./side_view_dataset_videos/3.mov,Right,173.3,230,15.07,163,163,103,92,170,-1.2708,0.6606,-0.4162,0.5932,-1.2604,-0.0712,0.5932,0.1569,-0.007,2,3,2,3,2,2,0,3
153,331,./side_view_dataset_videos/3.mov,Left,176.57,230,16.22,168,168,102,80,177,-1.2716,0.7245,-0.4469,0.5888,-1.2273,-0.0644,0.5888,0.1003,-0.0873,2,3,2,2,3,2,1,3
154,351,./side_view_dataset_videos/3.mov,Right,178.29,170,15.97,161,161,101,84,168,-1.3149,0.7612,-0.4769,0.6004,-1.2462,-0.0716,0.6004,0.1452,-0.0492,2,3,2,3,2,2,1,3
155,370,./side_view_dataset_videos/3.mov,Left,181.89,113,16.04,163,163,117,81,179,-0.9481,1.1029,-0.2956,0.6404,-0.9291,-0.0307,0.6404,0.1331,-0.1063,3,3,2,3,2,1,1,3
156,390,./side_view_dataset_videos/3.mov,Right,181.89,63,17.51,169,169,155,94,165,-1.3194,0.7214,-0.4965,0.6022,-1.2316,-0.075,0.6022,0.1816,-0.0763,3,3,2,2,3,0,0,3
157,411,./side_view_dataset_videos/3.mov,Left,180.18,106,19.24,162,162,135,87,177,-1.3435,0.7168,-0.449,0.6493,-1.3006,-0.0649,0.6493,0.1037,-0.0814,3,3,1,3,2,0,0,3
158,429,./side_view_dataset_videos/3.mov,Right,184.18,106,16.37,160,160,68,82,169,-1.2686,0.9001,-0.4994,0.6148,-1.1923,-0.0785,0.6148,0.1174,-0.0119,3,3,2,3,2,2,1,3
159,451,./side_view_dataset_videos/3.mov,Left,180.91,110,16.72,166,166,115,86,177,-1.2597,0.6947,-0.2149,0.6624,-1.295,-0.0254,0.6624,0.0823,-0.1596,3,3,2,2,3,1,0,3
160,469,./side_view_dataset_videos/3.mov,Right,183.01,110,21.11,165,165,64,92,167,-1.3347,0.8553,-0.5163,0.6089,-1.2463,-0.0789,0.6089,0.1415,0.0142,3,3,0,2,3,2,0,3
161,14,./side_view_dataset_videos/4.mov,Right,0,333,13.26,154,156,99,45,175,-0.3306,0.8312,0.0547,0.6931,-0.3295,-0.0752,0.6931,0.0785,0.0158,0,0,3,2,2,3,0,3
162,24,./side_view_dataset_videos/4.mov,Left,180.03,333,13.6,157,164,113,53,177,-0.3565,0.8528,0.0171,0.7703,-0.3485,-0.0573,0.7703,0.0753,-0.074,3,0,3,3,2,2,0,3
163,34,./side_view_dataset_videos/4.mov,Right,180.03,344,15.94,156,156,86,45,175,-0.4455,0.958,0.007,0.7303,-0.4305,-0.0862,0.7303,0.0684,0.001,3,0,2,3,2,3,0,3
164,45,./side_view_dataset_videos/4.mov,Left,174.58,341,15.3,156,156,101,58,178,-0.2444,0.7958,0.067,0.6735,-0.2502,-0.0892,0.6735,0.0791,-0.0299,2,0,2,3,2,2,1,3
165,55,./side_view_dataset_videos/4.mov,Right,175.94,339,16.21,153,153,86,47,176,-0.4092,1.0047,0.0549,0.8326,-0.3907,-0.0839,0.8326,0.0402,-0.0539,2,0,2,2,1,3,0,3
166,65,./side_view_dataset_videos/4.mov,Left,176.76,346,15.31,157,160,79,58,177,-0.237,0.9113,0.0829,0.7255,-0.2377,-0.0667,0.7255,0.082,-0.0463,2,0,2,3,2,3,1,3
167,76,./side_view_dataset_videos/4.mov,Right,173.48,339,15.62,150,160,99,45,175,-0.3999,0.8595,0.0371,0.7512,-0.3739,-0.0869,0.7512,0.0549,-0.0272,2,0,2,2,2,3,0,3
168,85,./side_view_dataset_videos/4.mov,Left,177.49,333,14.58,162,162,74,58,178,-0.2999,1.0152,0.0402,0.644,-0.3024,-0.0532,0.644,0.0793,-0.0084,2,0,3,3,2,3,1,3
169,95,./side_view_dataset_videos/4.mov,Right,180.76,333,17.36,154,164,104,54,175,-0.1447,1.1581,0.0884,0.7159,-0.1675,-0.0661,0.7159,0.1002,0.061,3,0,2,2,2,2,0,3
170,105,./side_view_dataset_videos/4.mov,Left,180.76,339,16.18,156,163,72,57,179,-0.0853,1.0504,0.0639,0.6212,-0.0768,-0.0375,0.6212,0.0551,-0.0528,3,0,2,3,2,3,1,3
171,116,./side_view_dataset_videos/4.mov,Right,177.49,333,19.07,155,155,104,61,175,-0.3583,0.8867,0.0741,0.7534,-0.3688,-0.0823,0.7534,0.0873,0.0283,2,0,1,3,2,2,2,3
172,126,./side_view_dataset_videos/4.mov,Left,180.76,339,18.88,160,179,83,62,179,0.5445,0.1793,0.3097,0.3219,0.5381,0.0362,0.3219,0.0504,-0.0543,3,0,1,3,3,3,2,3
173,136,./side_view_dataset_videos/4.mov,Right,176.76,339,20.17,155,161,95,88,175,-0.3538,0.8544,0.0442,0.7461,-0.3387,-0.0673,0.7461,0.0634,0.0083,2,0,1,3,2,3,0,3
174,146,./side_view_dataset_videos/4.mov,Left,176.76,339,18.93,156,163,93,56,179,-0.3441,0.8288,-0.0146,0.6501,-0.3419,-0.0864,0.6501,0.053,-0.0563,2,0,1,3,2,3,1,3
175,156,./side_view_dataset_videos/4.mov,Right,176.76,333,21.48,153,166,91,42,175,-0.3969,1.0331,0.0148,0.7641,-0.3882,-0.0935,0.7641,0.0774,0.0189,2,0,0,2,3,3,0,3
176,166,./side_view_dataset_videos/4.mov,Left,180.03,339,19.76,157,160,85,55,179,0.0815,1.0705,0.1074,0.5984,0.089,-0.0437,0.5984,0.0636,-0.0288,3,0,1,3,2,3,1,3
177,177,./side_view_dataset_videos/4.mov,Right,176.76,339,20.57,160,160,82,50,175,-0.3462,0.8528,0.0548,0.7127,-0.3286,-0.0888,0.7127,0.0673,-0.0125,2,0,1,3,2,3,0,3
178,187,./side_view_dataset_videos/4.mov,Left,176.76,346,21.14,150,150,101,59,178,-0.2795,0.9174,0.0675,0.7075,-0.287,-0.0525,0.7075,0.0773,-0.0314,2,0,0,2,1,2,1,3
179,198,./side_view_dataset_videos/4.mov,Right,173.48,346,21.64,154,154,95,49,175,-0.385,0.7735,0.0484,0.7662,-0.3619,-0.0778,0.7662,0.0583,-0.0144,2,0,0,2,1,3,0,3
180,208,./side_view_dataset_videos/4.mov,Left,173.48,346,18.19,150,160,108,65,177,-0.2941,0.8065,0.1095,0.6908,-0.3139,-0.0676,0.6908,0.0868,-0.015,2,0,1,2,2,2,3,3
181,218,./side_view_dataset_videos/4.mov,Right,173.48,333,18.0,154,154,91,50,175,-0.3561,0.8457,0.064,0.763,-0.3354,-0.0909,0.763,0.0611,-0.0234,2,0,2,2,1,3,0,3
182,227,./side_view_dataset_videos/4.mov,Left,180.76,339,15.14,154,161,60,56,179,-0.4039,0.8782,-0.0801,0.5926,-0.3835,-0.0981,0.5926,0.0954,0.0191,3,0,2,2,2,2,1,3
183,238,./side_view_dataset_videos/4.mov,Right,177.49,333,16.08,150,159,93,44,176,-0.3761,0.8651,0.0399,0.787,-0.3803,-0.0741,0.787,0.0665,0.0148,2,0,2,2,2,3,0,3
184,248,./side_view_dataset_videos/4.mov,Left,180.76,339,14.57,158,163,77,56,179,-0.3654,0.8028,-0.0772,0.5827,-0.3436,-0.072,0.5827,0.0752,-0.031,3,0,3,3,2,3,1,3
185,259,./side_view_dataset_videos/4.mov,Right,177.49,339,15.43,155,163,99,45,175,-0.3516,0.8347,0.0938,0.7218,-0.3439,-0.0778,0.7218,0.0627,0.0054,2,0,2,3,2,3,0,3
186,269,./side_view_dataset_videos/4.mov,Left,177.49,346,13.31,156,160,109,59,179,-0.3852,0.8681,-0.0124,0.6879,-0.3807,-0.061,0.6879,0.0531,-0.0418,2,0,3,3,2,2,1,3
187,279,./side_view_dataset_videos/4.mov,Right,173.48,339,13.3,162,162,78,51,176,-0.3829,0.8928,0.0325,0.7043,-0.3835,-0.0944,0.7043,0.0699,0.0265,2,0,3,3,2,3,0,3
188,289,./side_view_dataset_videos/4.mov,Left,176.76,346,12.38,153,172,71,60,179,-0.3544,0.8267,-0.0527,0.5508,-0.3443,-0.0802,0.5508,0.0701,-0.0007,2,0,3,2,3,3,2,3
189,302,./side_view_dataset_videos/4.mov,Right,168.45,353,15.09,163,163,92,85,177,-0.2351,0.8279,0.1123,0.6675,-0.2188,-0.0418,0.6675,0.0362,-0.0658,1,0,2,3,2,3,0,3
190,314,./side_view_dataset_videos/4.mov,Left,165.72,346,14.84,151,151,108,56,173,-0.0432,0.8812,0.1877,0.4208,-0.0633,-0.0671,0.4208,0.0569,-0.0766,1,0,3,2,1,2,1,3
191,333,./side_view_dataset_videos/4.mov,Right,148.67,346,15.56,158,158,87,54,176,-0.2409,0.7881,0.0924,0.6824,-0.2135,-0.0787,0.6824,0.0371,-0.0237,0,0,2,3,2,3,0,3
192,343,./side_view_dataset_videos/4.mov,Left,148.67,353,15.31,156,159,102,52,177,0.3914,-0.0509,0.2772,0.1997,0.3836,0.0455,0.1997,0.0489,-0.0294,0,0,2,3,2,2,0,3
193,354,./side_view_dataset_videos/4.mov,Right,145.39,373,15.93,156,156,88,56,176,-0.1949,0.7199,0.1201,0.6022,-0.1611,-0.0805,0.6022,0.0294,-0.0124,0,0,2,3,2,3,1,3
194,368,./side_view_dataset_videos/4.mov,Left,143.41,333,17.49,179,179,52,84,178,-0.283,1.0849,-0.0874,0.5661,-0.2675,-0.0271,0.5661,0.0833,0.008,0,0,2,0,3,1,1,3
195,396,./side_view_dataset_videos/4.mov,Right,126.27,339,18.08,169,169,84,67,175,-0.2082,0.748,0.1088,0.6137,-0.1682,-0.0763,0.6137,0.0368,-0.0348,0,0,1,2,3,3,3,3
196,406,./side_view_dataset_videos/4.mov,Left,143.32,339,17.87,160,160,105,49,176,0.404,0.1351,0.3064,0.2331,0.3746,0.0197,0.2331,0.0786,-0.0099,0,0,2,3,2,2,0,3
197,416,./side_view_dataset_videos/4.mov,Right,143.32,333,17.88,156,156,89,55,175,-0.2427,0.7556,0.1026,0.6166,-0.2057,-0.0658,0.6166,0.0375,-0.026,0,0,2,3,2,3,1,3
198,426,./side_view_dataset_videos/4.mov,Left,146.6,306,16.28,162,162,111,50,178,-0.2547,0.8493,0.0931,0.607,-0.2568,-0.0447,0.607,0.0342,-0.0267,0,0,2,3,2,2,0,3
199,437,./side_view_dataset_videos/4.mov,Right,153.61,333,18.11,157,157,82,60,176,-0.2798,0.7752,0.0972,0.6742,-0.2486,-0.0572,0.6742,0.0244,-0.0841,0,0,1,3,2,3,2,3
200,447,./side_view_dataset_videos/4.mov,Left,176.76,339,17.91,152,161,114,45,176,-0.1938,0.8777,0.1165,0.6205,-0.2204,-0.056,0.6205,0.0648,-0.0164,2,0,2,2,2,2,0,3
201,458,./side_view_dataset_videos/4.mov,Right,173.48,346,17.38,162,162,86,55,175,-0.2146,0.6791,0.1076,0.6019,-0.1762,-0.0574,0.6019,0.0375,-0.0423,2,0,2,3,2,3,1,3
202,469,./side_view_dataset_videos/4.mov,Left,170.21,346,18.29,150,161,99,52,177,0.1024,0.5329,0.1999,0.4486,0.0785,0.0011,0.4486,0.071,-0.0199,2,0,1,2,2,3,0,3
203,480,./side_view_dataset_videos/4.mov,Right,166.94,346,17.2,159,159,96,57,174,-0.1887,0.8244,0.1037,0.5788,-0.1357,-0.0671,0.5788,0.0428,0.0165,1,0,2,3,2,3,1,3
204,490,./side_view_dataset_videos/4.mov,Left,170.21,339,16.99,161,161,107,49,176,-0.103,0.7057,0.1123,0.5738,-0.1188,-0.0274,0.5738,0.0681,-0.0306,2,0,2,3,2,2,0,3
205,501,./side_view_dataset_videos/4.mov,Right,166.94,333,17.38,162,165,99,60,174,-0.1959,0.9471,0.1109,0.6093,-0.1615,-0.0618,0.6093,0.0663,0.0668,1,0,2,3,3,3,2,3
206,511,./side_view_dataset_videos/4.mov,Left,170.21,326,18.62,173,173,91,48,176,0.1054,0.4198,0.2116,0.4944,0.0798,-0.0074,0.4944,0.0757,-0.0256,2,0,1,1,3,3,0,3
207,521,./side_view_dataset_videos/4.mov,Right,173.48,359,19.14,161,161,88,57,175,-0.2271,0.8531,0.0981,0.6602,-0.2004,-0.0714,0.6602,0.055,-0.0035,2,0,1,3,2,3,1,3
208,536,./side_view_dataset_videos/4.mov,Left,164.76,326,16.74,169,169,41,76,179,-0.3753,1.0434,-0.1292,0.6422,-0.3605,-0.0565,0.6422,0.1065,0.1311,1,0,2,2,3,0,2,3
209,543,./side_view_dataset_videos/4.mov,Right,180.19,326,17.55,164,164,91,50,176,-0.1422,0.7559,0.113,0.5827,-0.098,-0.0795,0.5827,0.0144,0.0878,3,0,2,3,2,3,0,3
210,552,./side_view_dataset_videos/4.mov,Left,187.46,333,18.14,160,163,32,75,177,0.035,0.6442,0.1616,0.507,0.002,-0.0372,0.507,0.0709,0.0622,3,0,1,3,2,0,2,3
211,563,./side_view_dataset_videos/4.mov,Right,184.19,326,14.39,157,157,83,63,174,-0.2046,0.8061,0.0891,0.6594,-0.1563,-0.0657,0.6594,0.0466,-0.0195,3,0,3,3,2,3,2,3
212,572,./side_view_dataset_videos/4.mov,Left,188.19,299,14.03,154,155,118,49,175,-0.2706,0.8184,0.0829,0.6233,-0.2724,-0.0493,0.6233,0.0679,-0.0153,3,1,3,2,2,1,0,3
213,585,./side_view_dataset_videos/4.mov,Right,191.88,379,13.66,159,163,88,59,172,-0.1576,0.9044,0.1111,0.6279,-0.1288,-0.0569,0.6279,0.1021,0.0593,3,0,3,3,2,3,1,3
214,602,./side_view_dataset_videos/4.mov,Left,161.62,393,13.25,159,171,89,60,176,-0.3871,0.8659,-0.1138,0.6331,-0.3624,-0.077,0.6331,0.0953,-0.0321,1,0,3,3,3,3,2,3
215,613,./side_view_dataset_videos/4.mov,Right,154.35,393,12.87,157,169,137,59,175,-0.3761,0.8391,0.0895,0.7013,-0.3948,-0.0764,0.7013,0.0946,0.0529,0,0,3,3,3,0,1,3
216,624,./side_view_dataset_videos/4.mov,Left,154.35,406,13.46,159,159,113,52,177,-0.2445,0.8008,0.0646,0.7416,-0.2495,-0.0622,0.7416,0.0639,-0.0505,0,0,3,3,2,2,0,3
217,635,./side_view_dataset_videos/4.mov,Right,147.08,393,14.87,153,154,104,53,175,-0.3535,0.871,0.0494,0.7197,-0.3455,-0.0769,0.7197,0.063,-0.0299,0,0,3,2,1,2,0,3
218,644,./side_view_dataset_videos/4.mov,Left,159.39,353,13.85,156,156,88,59,178,-0.3219,0.8257,0.0427,0.6121,-0.3171,-0.0769,0.6121,0.0705,-0.0544,0,0,3,3,2,3,1,3
219,655,./side_view_dataset_videos/4.mov,Right,170.94,339,16.15,150,161,134,49,174,-0.377,0.8586,0.0541,0.7662,-0.3616,-0.078,0.7662,0.0801,0.0734,2,0,2,2,2,0,0,3
220,664,./side_view_dataset_videos/4.mov,Left,178.21,286,14.63,166,166,71,62,178,-0.0927,0.9992,0.0343,0.6213,-0.0934,-0.0399,0.6213,0.0563,-0.0451,2,1,3,2,3,3,2,3
221,689,./side_view_dataset_videos/4.mov,Right,159.88,273,18.25,157,157,88,62,174,-0.1806,0.9476,0.1323,0.6621,-0.1573,-0.0737,0.6621,0.07,0.0008,0,2,1,3,2,3,2,3
222,698,./side_view_dataset_videos/4.mov,Left,167.16,279,15.84,155,159,100,48,176,-0.124,0.7577,0.1406,0.5875,-0.1541,-0.04,0.5875,0.0709,-0.0216,1,2,2,3,2,2,0,3
223,709,./side_view_dataset_videos/4.mov,Right,159.88,273,16.23,155,155,90,55,174,-0.23,0.7511,0.0927,0.7175,-0.1851,-0.0728,0.7175,0.0455,-0.0126,0,2,2,3,2,3,1,3
224,719,./side_view_dataset_videos/4.mov,Left,163.16,286,18.43,155,156,106,50,176,0.4316,-0.1069,0.2968,0.152,0.4114,0.0422,0.152,0.0622,-0.0168,1,1,1,3,2,2,0,3
225,730,./side_view_dataset_videos/4.mov,Right,155.88,333,16.45,158,163,90,63,175,-0.2143,0.8348,0.0986,0.6665,-0.1809,-0.0542,0.6665,0.0473,-0.0255,0,0,2,3,2,3,2,3
226,740,./side_view_dataset_videos/4.mov,Left,177.49,333,16.52,155,155,99,53,176,-0.2418,0.7444,0.1178,0.5889,-0.2604,-0.0381,0.5889,0.0659,-0.0208,2,0,2,3,2,3,0,3
227,752,./side_view_dataset_videos/4.mov,Right,167.48,353,15.41,158,158,82,61,176,-0.162,0.9882,0.1381,0.5789,-0.1728,-0.0401,0.5789,0.0764,0.0344,1,0,2,3,2,3,2,3
228,765,./side_view_dataset_videos/4.mov,Left,162.45,326,13.97,173,173,57,81,179,-0.2857,1.0131,-0.0998,0.5435,-0.2632,-0.0434,0.5435,0.0679,0.0473,1,0,3,1,3,1,1,3
229,772,./side_view_dataset_videos/4.mov,Right,177.88,319,15.38,166,166,90,66,176,-0.2405,0.8301,0.0959,0.6703,-0.1959,-0.0658,0.6703,0.0207,-0.0205,2,0,2,2,3,3,3,3
230,782,./side_view_dataset_videos/4.mov,Left,181.15,326,15.48,160,160,88,46,176,-0.1263,0.8124,0.1077,0.5814,-0.1549,-0.034,0.5814,0.0652,-0.0231,3,0,2,3,2,3,0,3
231,793,./side_view_dataset_videos/4.mov,Right,177.88,333,18.56,155,155,96,57,175,-0.2108,0.7638,0.083,0.5751,-0.1814,-0.0765,0.5751,0.0447,0.0377,2,0,1,3,2,3,1,3
232,803,./side_view_dataset_videos/4.mov,Left,183.88,326,22.2,160,160,119,43,176,-0.2056,0.8764,0.1015,0.6453,-0.2292,-0.0395,0.6453,0.0734,-0.0351,3,0,0,3,2,1,0,3
233,815,./side_view_dataset_videos/4.mov,Right,186.19,366,21.55,171,171,80,55,174,-0.1884,0.925,0.083,0.6259,-0.1534,-0.0607,0.6259,0.0591,0.0164,3,0,0,1,3,3,1,3
234,827,./side_view_dataset_videos/4.mov,Left,164.76,339,20.13,162,162,50,88,179,-0.2299,0.9833,0.0196,0.5931,-0.2352,-0.0466,0.5931,0.0797,0.0422,1,0,1,3,2,1,0,3
235,834,./side_view_dataset_videos/4.mov,Right,180.19,339,22.16,160,160,91,56,177,-0.2737,0.7421,0.086,0.6728,-0.2381,-0.0576,0.6728,0.0153,-0.0303,3,0,0,3,2,3,1,3
236,845,./side_view_dataset_videos/4.mov,Left,180.19,339,19.0,157,157,109,61,177,-0.121,0.812,0.1241,0.6154,-0.1351,-0.0611,0.6154,0.0594,-0.0399,3,0,1,3,2,2,2,3
237,855,./side_view_dataset_videos/4.mov,Right,180.19,333,19.38,150,151,86,54,175,-0.2619,0.8009,0.0847,0.699,-0.2257,-0.0556,0.699,0.0363,-0.0573,3,0,1,2,1,3,0,3
238,866,./side_view_dataset_videos/4.mov,Left,182.91,306,21.98,155,155,100,51,177,-0.1186,0.7083,0.1841,0.5898,-0.1343,-0.0745,0.5898,0.0578,-0.0435,3,0,0,3,2,2,0,3
239,877,./side_view_dataset_videos/4.mov,Right,185.64,359,22.19,164,164,95,69,175,-0.1914,0.7161,0.0983,0.5607,-0.1494,-0.0787,0.5607,0.0382,-0.0008,3,0,0,3,2,3,3,3
240,891,./side_view_dataset_videos/4.mov,Left,159.92,319,18.99,175,175,55,82,179,-0.3285,0.9906,-0.1249,0.551,-0.3177,-0.0576,0.551,0.0746,0.0435,0,0,1,0,3,1,1,3
241,906,./side_view_dataset_videos/4.mov,Right,151.19,319,18.89,152,164,97,50,176,-0.3847,0.814,0.0566,0.6902,-0.3844,-0.0845,0.6902,0.0694,-0.008,0,0,1,2,2,3,0,3
242,916,./side_view_dataset_videos/4.mov,Left,151.19,319,18.69,153,162,85,59,179,-0.3658,0.8454,-0.0231,0.6598,-0.3764,-0.048,0.6598,0.0666,-0.0161,0,0,1,2,2,3,1,3
243,927,./side_view_dataset_videos/4.mov,Right,151.19,339,17.73,150,158,106,44,174,-0.4218,0.8568,0.0945,0.8353,-0.423,-0.0923,0.8353,0.0902,0.0498,0,0,2,2,2,2,0,3
244,938,./side_view_dataset_videos/4.mov,Left,151.19,313,15.05,155,162,102,60,177,0.245,0.1968,0.2513,0.4304,0.2203,0.0053,0.4304,0.0761,-0.0139,0,0,2,3,2,2,2,3
245,948,./side_view_dataset_videos/4.mov,Right,161.48,339,14.8,156,156,88,47,176,-0.3805,0.8129,0.0607,0.6711,-0.3884,-0.0833,0.6711,0.0706,0.0087,1,0,3,3,2,3,0,3
246,957,./side_view_dataset_videos/4.mov,Left,177.49,293,14.44,163,163,61,60,179,-0.4167,0.9731,-0.1105,0.5779,-0.4017,-0.0566,0.5779,0.0758,0.0,2,1,3,3,2,2,2,3
247,970,./side_view_dataset_videos/4.mov,Right,169.18,279,17.68,152,163,91,48,177,-0.4413,0.9352,0.1154,0.8758,-0.4339,-0.0459,0.8758,0.0423,-0.0138,1,2,2,2,2,3,0,3
248,979,./side_view_dataset_videos/4.mov,Left,176.45,226,14.97,160,160,72,53,179,-0.3891,0.7979,-0.0817,0.4991,-0.3677,-0.0806,0.4991,0.0803,-0.0034,2,3,3,3,2,3,0,3
249,1004,./side_view_dataset_videos/4.mov,Right,158.12,226,17.12,161,161,87,53,174,-0.1938,0.7944,0.1084,0.6505,-0.1622,-0.0693,0.6505,0.0605,0.0111,0,3,2,3,2,3,0,3
250,1014,./side_view_dataset_videos/4.mov,Left,158.12,233,18.67,156,156,96,47,175,-0.1385,0.5696,0.2158,0.5353,-0.1687,-0.0471,0.5353,0.0741,-0.0133,0,3,1,3,2,3,0,3
251,1024,./side_view_dataset_videos/4.mov,Right,154.12,293,15.88,167,167,93,68,175,-0.2668,0.7814,0.0847,0.689,-0.2324,-0.0654,0.689,0.0442,0.0111,0,1,2,2,3,3,3,3
252,1036,./side_view_dataset_videos/4.mov,Left,156.43,293,15.81,162,162,99,45,176,-0.1244,0.7589,0.1661,0.5214,-0.148,-0.0559,0.5214,0.0788,-0.008,0,1,2,3,2,3,0,3
253,1047,./side_view_dataset_videos/4.mov,Right,149.15,339,16.89,158,158,84,65,174,-0.2139,0.8684,0.1019,0.6452,-0.176,-0.0784,0.6452,0.0503,-0.0351,0,0,2,3,2,3,3,3
254,1057,./side_view_dataset_videos/4.mov,Left,170.76,346,17.09,175,175,105,49,174,-0.1004,0.4569,0.1643,0.5553,-0.1165,-0.0252,0.5553,0.0911,-0.0178,2,0,2,0,3,2,0,3
255,1068,./side_view_dataset_videos/4.mov,Right,167.48,346,16.83,161,161,89,55,175,-0.2301,0.8137,0.0844,0.6351,-0.2007,-0.0385,0.6351,0.053,-0.0138,1,0,2,3,2,3,1,3
256,1078,./side_view_dataset_videos/4.mov,Left,167.48,339,16.42,164,164,95,41,176,0.07,0.4043,0.1621,0.4696,0.0482,-0.0016,0.4696,0.0618,-0.027,1,0,2,3,2,3,0,3
257,1089,./side_view_dataset_videos/4.mov,Right,170.21,353,14.34,167,167,80,53,174,-0.2065,0.7864,0.1114,0.6991,-0.162,-0.0773,0.6991,0.0573,-0.0223,2,0,3,2,3,3,0,3
258,1100,./side_view_dataset_videos/4.mov,Left,170.21,353,14.82,168,173,87,47,177,-0.133,0.7297,0.1661,0.5898,-0.144,-0.0325,0.5898,0.0663,-0.041,2,0,3,2,3,3,0,3
259,1110,./side_view_dataset_videos/4.mov,Right,170.21,353,15.29,158,158,84,63,175,-0.2169,0.8005,0.1014,0.6072,-0.179,-0.0799,0.6072,0.0344,-0.0401,2,0,2,3,2,3,2,3
260,1121,./side_view_dataset_videos/4.mov,Left,170.21,346,14.94,167,167,94,51,176,-0.0293,0.394,0.2961,0.4435,-0.0377,-0.1566,0.4435,0.0879,-0.0186,2,0,3,2,3,3,0,3
261,1131,./side_view_dataset_videos/4.mov,Right,170.21,333,16.23,151,162,90,60,174,-0.1903,0.8007,0.1121,0.6484,-0.1558,-0.0369,0.6484,0.0545,0.0048,2,0,2,2,2,3,2,3
262,1140,./side_view_dataset_videos/4.mov,Left,177.49,333,15.24,153,176,107,50,177,-0.2272,0.68,0.0784,0.5642,-0.2402,-0.0435,0.5642,0.0625,-0.012,2,0,2,2,3,2,0,3
263,1151,./side_view_dataset_videos/4.mov,Right,177.49,333,16.01,177,177,87,57,176,-0.2133,0.758,0.0989,0.6613,-0.1906,-0.0528,0.6613,0.0324,-0.052,2,0,2,0,3,3,1,3
264,1161,./side_view_dataset_videos/4.mov,Left,177.49,326,16.41,162,162,110,48,176,-0.2144,0.8481,0.1099,0.6369,-0.218,-0.0431,0.6369,0.059,-0.0194,2,0,2,3,2,2,0,3
265,1172,./side_view_dataset_videos/4.mov,Right,177.49,346,16.8,159,166,91,62,175,-0.2672,0.8126,0.0966,0.6859,-0.2325,-0.0513,0.6859,0.0383,-0.0382,2,0,2,3,3,3,2,3
266,1184,./side_view_dataset_videos/4.mov,Left,171.48,339,15.65,162,162,90,47,177,-0.119,0.9067,0.1176,0.5692,-0.1092,-0.0385,0.5692,0.0666,-0.0458,2,0,2,3,2,3,0,3
267,1192,./side_view_dataset_videos/4.mov,Right,176.49,339,15.25,170,170,86,46,179,-0.3282,0.8349,0.0602,0.6702,-0.3139,-0.09,0.6702,-0.0026,-0.1024,2,0,2,1,3,3,0,3
268,1203,./side_view_dataset_videos/4.mov,Left,176.49,353,15.22,159,160,99,51,177,-0.253,0.8507,0.0481,0.63,-0.2688,-0.0434,0.63,0.0477,-0.0308,2,0,2,3,2,3,0,3
269,1215,./side_view_dataset_videos/4.mov,Right,170.48,346,15.03,160,160,91,59,175,-0.1912,0.7248,0.1077,0.6262,-0.1585,-0.0564,0.6262,0.0534,0.0107,2,0,2,3,2,3,1,3
270,1224,./side_view_dataset_videos/4.mov,Left,177.76,339,18.13,163,163,104,45,176,-0.2715,0.8631,0.0829,0.6695,-0.2863,-0.0448,0.6695,0.0461,-0.025,2,0,1,3,2,2,0,3
271,1237,./side_view_dataset_videos/4.mov,Right,175.45,339,16.72,159,159,88,53,175,-0.1484,0.9715,0.1202,0.5826,-0.1167,-0.0675,0.5826,0.0432,0.0155,2,0,2,3,2,3,0,3
272,1245,./side_view_dataset_videos/4.mov,Left,175.45,346,15.96,165,165,110,22,176,-0.2613,0.7548,0.0762,0.5785,-0.2774,-0.0543,0.5785,0.0631,-0.0065,2,0,2,2,3,2,0,3
273,1257,./side_view_dataset_videos/4.mov,Right,172.72,339,19.91,160,160,88,54,174,-0.1887,0.779,0.105,0.6531,-0.1465,-0.0583,0.6531,0.0499,-0.0105,2,0,1,3,2,3,0,3
274,1268,./side_view_dataset_videos/4.mov,Left,175.45,346,19.08,162,162,79,51,176,-0.0758,0.5516,0.2163,0.4707,-0.084,-0.09,0.4707,0.0802,-0.0346,2,0,1,3,2,3,0,3
275,1278,./side_view_dataset_videos/4.mov,Right,171.45,346,18.62,161,161,85,55,175,-0.2205,0.7086,0.0905,0.6172,-0.188,-0.0733,0.6172,0.0386,-0.0301,2,0,1,3,2,3,1,3
276,1289,./side_view_dataset_videos/4.mov,Left,176.49,366,18.74,175,175,97,43,176,-0.1739,0.7731,0.1318,0.5931,-0.1885,-0.0389,0.5931,0.0682,-0.0273,2,0,1,0,3,3,0,3
277,1300,./side_view_dataset_videos/4.mov,Right,164.21,346,14.87,163,163,85,59,175,-0.198,0.8213,0.113,0.6007,-0.1741,-0.066,0.6007,0.0516,-0.0063,1,0,3,3,2,3,1,3
278,1309,./side_view_dataset_videos/4.mov,Left,174.21,346,14.59,159,160,98,46,177,-0.242,0.7367,0.0616,0.5974,-0.2517,-0.0397,0.5974,0.0678,-0.0297,2,0,3,3,2,3,0,3
279,1321,./side_view_dataset_videos/4.mov,Right,171.48,339,12.97,161,161,87,58,174,-0.1901,0.816,0.1004,0.6463,-0.1459,-0.0713,0.6463,0.0535,-0.0296,2,0,3,3,2,3,1,3
280,1330,./side_view_dataset_videos/4.mov,Left,175.48,339,12.39,157,158,104,45,176,-0.1909,0.8819,0.1039,0.6115,-0.2126,-0.0406,0.6115,0.064,-0.0228,2,0,3,3,2,2,0,3
281,1342,./side_view_dataset_videos/4.mov,Right,172.76,379,12.66,161,175,91,60,175,-0.2024,0.8174,0.0989,0.6436,-0.1629,-0.0643,0.6436,0.0455,-0.0332,2,0,3,3,3,3,2,3
282,1359,./side_view_dataset_videos/4.mov,Left,161.2,399,11.95,159,159,62,61,179,-0.4137,0.8631,-0.0848,0.5573,-0.401,-0.0855,0.5573,0.0767,0.0125,1,0,3,3,2,2,2,3
283,1371,./side_view_dataset_videos/4.mov,Right,151.2,399,21.12,151,161,90,46,174,-0.389,0.9192,0.0722,0.8018,-0.3811,-0.0836,0.8018,0.0882,0.0307,0,0,0,2,2,3,0,3
284,1382,./side_view_dataset_videos/4.mov,Left,153.93,406,20.58,155,161,111,63,176,-0.2242,0.7607,0.1321,0.6649,-0.2367,-0.0217,0.6649,0.0938,-0.0056,0,0,1,3,2,2,2,3
285,1392,./side_view_dataset_videos/4.mov,Right,149.93,399,24.85,155,161,107,55,176,-0.4268,0.798,0.0765,0.7848,-0.4385,-0.0893,0.7848,0.0697,0.0307,0,0,0,3,2,2,1,3
286,1402,./side_view_dataset_videos/4.mov,Left,155.93,359,23.29,155,170,107,63,179,-0.4094,0.8105,-0.0732,0.656,-0.4069,-0.0814,0.656,0.0684,-0.0375,0,0,0,3,3,2,2,3
287,1413,./side_view_dataset_videos/4.mov,Right,167.48,353,24.31,151,161,112,92,175,-0.4254,0.8874,0.0297,0.7399,-0.4314,-0.0914,0.7399,0.0834,0.0425,1,0,0,2,2,2,0,3
288,1424,./side_view_dataset_videos/4.mov,Left,170.21,339,18.6,159,159,107,63,178,-0.3902,0.8399,-0.0175,0.7011,-0.3924,-0.054,0.7011,0.0549,0.0099,2,0,1,3,2,2,2,3
289,18,./side_view_dataset_videos/5.mov,Left,0,299,13.61,177,177,139,40,178,-0.0564,1.4739,0.0934,0.8024,-0.0577,-0.0158,0.8024,-0.0076,-0.0161,0,1,3,0,3,0,0,3
290,31,./side_view_dataset_videos/5.mov,Right,138.48,333,18.48,167,167,92,47,178,-0.1101,1.4606,0.1035,0.7563,-0.0822,-0.0097,0.7563,-0.0474,0.0283,0,0,1,2,3,3,0,3
291,42,./side_view_dataset_videos/5.mov,Left,151.06,311,18.26,177,177,125,41,178,-0.0821,1.3992,0.0908,0.7416,-0.0945,-0.0187,0.7416,-0.006,-0.0197,0,0,1,0,3,0,0,3
292,55,./side_view_dataset_videos/5.mov,Right,146.87,308,17.79,159,174,76,48,178,-0.1902,1.3784,0.0261,0.7309,-0.169,-0.0357,0.7309,-0.0023,0.0848,0,0,2,3,3,3,0,3
293,64,./side_view_dataset_videos/5.mov,Left,160.16,299,18.63,167,169,132,40,178,-0.0939,1.492,0.0885,0.8114,-0.0932,-0.0166,0.8114,-0.0237,-0.0418,1,1,1,2,3,0,0,3
294,75,./side_view_dataset_videos/5.mov,Right,160.86,313,17.63,163,178,99,49,176,0.0229,1.5225,0.1242,0.7566,0.029,-0.0039,0.7566,-0.0718,-0.037,1,0,2,3,3,3,0,3
295,86,./side_view_dataset_videos/5.mov,Left,165.89,313,18.2,159,170,109,42,178,-0.2035,1.3286,0.0889,0.789,-0.194,-0.0233,0.789,-0.0624,-0.0522,1,0,1,3,3,2,0,3
296,100,./side_view_dataset_videos/5.mov,Right,158.88,319,18.47,164,173,78,47,179,-0.1368,1.4,0.0695,0.7071,-0.1216,-0.0152,0.7071,-0.0294,0.0714,0,0,1,3,3,3,0,3
297,109,./side_view_dataset_videos/5.mov,Left,171.19,319,19.43,169,169,100,42,179,-0.057,1.3817,0.082,0.7315,-0.0373,-0.0122,0.7315,-0.0855,-0.117,2,0,1,2,3,2,0,3
298,123,./side_view_dataset_videos/5.mov,Right,156.9,326,19.4,166,177,85,49,179,-0.1745,1.4067,0.0532,0.7219,-0.1607,-0.0154,0.7219,-0.0128,0.0772,0,0,1,2,3,3,0,3
299,132,./side_view_dataset_videos/5.mov,Left,164.17,313,19.86,160,169,108,44,179,-0.0272,1.3749,0.0823,0.7627,-0.0129,-0.0153,0.7627,-0.061,-0.0287,1,0,1,3,3,2,0,3
300,145,./side_view_dataset_videos/5.mov,Right,159.14,306,19.42,166,177,98,43,179,-0.1488,1.4199,0.0958,0.7575,-0.134,-0.0266,0.7575,-0.0225,0.0218,0,0,1,2,3,3,0,3
301,155,./side_view_dataset_videos/5.mov,Left,169.42,299,18.88,176,176,158,45,177,-0.0729,1.3793,0.0538,0.7407,-0.0545,-0.0175,0.7407,-0.0851,-0.0793,1,1,1,0,3,0,0,3
302,166,./side_view_dataset_videos/5.mov,Right,162.15,313,21.2,160,179,108,52,177,-0.0089,1.5194,0.1534,0.756,0.0032,-0.0121,0.756,-0.0531,-0.0013,1,0,0,3,3,2,0,3
303,180,./side_view_dataset_videos/5.mov,Left,162.15,293,23.59,166,167,86,39,177,-0.1647,1.3046,-0.0249,0.6773,-0.1457,-0.0271,0.6773,0.0008,0.0189,1,1,0,2,3,3,0,3
304,191,./side_view_dataset_videos/5.mov,Right,154.88,313,24.09,166,179,87,46,179,-0.1578,1.4049,0.0461,0.7202,-0.145,-0.0216,0.7202,-0.0071,0.0701,0,0,0,2,3,3,0,3
305,203,./side_view_dataset_videos/5.mov,Left,157.18,286,23.88,161,165,76,43,176,-0.2225,1.3232,-0.043,0.6816,-0.2061,-0.0258,0.6816,0.0032,0.0344,0,1,0,3,3,3,0,3
306,213,./side_view_dataset_videos/5.mov,Right,157.18,293,22.73,165,177,97,48,178,-0.1558,1.4449,0.0767,0.7427,-0.141,-0.0119,0.7427,-0.0422,0.0474,0,1,0,2,3,3,0,3
307,222,./side_view_dataset_videos/5.mov,Left,164.46,279,23.35,160,167,122,41,177,-0.0179,1.4588,0.1037,0.7876,-0.0098,-0.0179,0.7876,-0.0758,-0.0688,1,2,0,3,3,0,0,3
308,236,./side_view_dataset_videos/5.mov,Right,164.46,299,20.26,162,178,108,46,179,-0.1424,1.4218,0.0854,0.7401,-0.1274,-0.0117,0.7401,-0.0277,0.0471,1,1,1,3,3,2,0,3
309,245,./side_view_dataset_videos/5.mov,Left,171.73,279,20.45,172,172,108,44,179,0.005,1.4763,0.0766,0.8046,0.0182,-0.0125,0.8046,-0.071,-0.1013,2,2,1,1,3,2,0,3
310,259,./side_view_dataset_videos/5.mov,Right,167.45,299,16.77,162,177,97,48,179,-0.1235,1.5099,0.1266,0.7679,-0.108,-0.0129,0.7679,-0.0129,0.0945,1,1,2,3,3,3,0,3
311,269,./side_view_dataset_videos/5.mov,Left,167.45,293,18.68,168,170,121,37,179,-0.0117,1.4525,0.1042,0.7761,-0.0149,-0.0135,0.7761,-0.0179,-0.0117,1,1,1,2,3,0,0,3
312,282,./side_view_dataset_videos/5.mov,Right,155.14,293,19.67,166,176,97,47,179,-0.1231,1.4595,0.0699,0.7423,-0.0933,-0.0124,0.7423,-0.0176,0.0892,0,1,1,2,3,3,0,3
313,291,./side_view_dataset_videos/5.mov,Left,169.42,299,19.97,158,165,114,45,179,0.0038,1.485,0.1173,0.7954,-0.0021,-0.0157,0.7954,-0.0091,-0.0058,1,1,1,3,3,2,0,3
314,304,./side_view_dataset_videos/5.mov,Right,157.11,299,21.12,163,174,105,53,179,-0.0965,1.4879,0.1057,0.7572,-0.0664,-0.0087,0.7572,-0.0458,0.0403,0,1,0,3,3,2,0,3
315,316,./side_view_dataset_videos/5.mov,Left,161.4,279,17.67,169,169,98,46,177,-0.0672,1.3808,0.039,0.6967,-0.0621,-0.0162,0.6967,0.0008,0.0045,1,2,2,2,3,3,0,3
316,328,./side_view_dataset_videos/5.mov,Right,155.4,279,17.52,162,174,85,51,179,-0.1579,1.4297,0.0174,0.7366,-0.1272,-0.0189,0.7366,-0.0313,0.0621,0,2,2,3,3,3,0,3
317,337,./side_view_dataset_videos/5.mov,Left,167.71,273,19.05,178,178,119,44,178,0.0043,1.5081,0.0942,0.8068,0.0062,-0.0107,0.8068,-0.0627,-0.0572,1,2,1,0,3,1,0,3
318,350,./side_view_dataset_videos/5.mov,Right,155.4,266,19.06,172,176,103,48,179,-0.1474,1.3636,0.0669,0.6993,-0.1277,-0.0126,0.6993,-0.014,0.0518,0,3,1,1,3,2,0,3
319,362,./side_view_dataset_videos/5.mov,Left,157.71,246,19.16,167,169,90,53,178,-0.1022,1.3325,0.0196,0.6788,-0.0907,-0.0262,0.6788,0.0124,0.0034,0,3,1,2,3,3,0,3
320,371,./side_view_dataset_videos/5.mov,Right,167.71,279,19.93,163,176,101,49,177,0.0182,1.4894,0.138,0.7344,0.0257,-0.0058,0.7344,-0.0477,-0.0875,1,2,1,3,3,2,0,3
321,383,./side_view_dataset_videos/5.mov,Left,167.71,279,21.7,175,175,133,46,179,-0.0223,1.4188,0.0865,0.7439,-0.0125,-0.009,0.7439,-0.0483,-0.0672,1,2,0,0,3,0,0,3
322,396,./side_view_dataset_videos/5.mov,Right,155.4,286,21.82,167,167,86,55,179,-0.156,1.4464,0.0414,0.739,-0.1287,-0.0159,0.739,-0.0221,0.0461,0,1,0,2,3,3,1,3
323,407,./side_view_dataset_videos/5.mov,Left,160.44,273,21.47,179,179,88,50,179,-0.0864,1.342,0.0841,0.7104,-0.0812,-0.0083,0.7104,-0.0126,-0.0329,1,2,0,0,3,3,0,3
324,417,./side_view_dataset_videos/5.mov,Right,166.44,313,22.11,162,162,98,52,177,0.0072,1.5124,0.1155,0.7677,0.0085,-0.0063,0.7677,-0.0474,-0.0925,1,0,0,3,2,3,0,3
325,431,./side_view_dataset_videos/5.mov,Left,152.15,273,20.99,179,179,85,44,179,-0.0902,1.3864,0.0502,0.6972,-0.0835,-0.0098,0.6972,0.0233,0.0231,0,2,1,0,3,3,0,3
326,443,./side_view_dataset_videos/5.mov,Right,152.15,273,21.5,167,169,76,53,178,-0.1832,1.4717,0.0326,0.7539,-0.1593,-0.0171,0.7539,-0.0015,0.0732,0,2,0,2,3,3,0,3
327,453,./side_view_dataset_videos/5.mov,Left,160.46,266,22.34,176,176,125,44,179,-0.0648,1.3292,0.1158,0.6849,-0.0647,-0.0199,0.6849,-0.0249,-0.0371,1,3,0,0,3,0,0,3
328,465,./side_view_dataset_videos/5.mov,Right,157.73,293,24.55,161,177,120,52,179,-0.116,1.4945,0.1275,0.7635,-0.0848,-0.0126,0.7635,-0.021,0.0783,0,1,0,3,3,0,0,3
329,476,./side_view_dataset_videos/5.mov,Left,154.46,273,24.01,178,178,135,41,178,-0.045,1.3787,0.0992,0.7153,-0.0359,-0.0159,0.7153,-0.0374,0.0276,0,2,0,0,3,0,0,3
330,487,./side_view_dataset_videos/5.mov,Right,161.47,319,24.67,166,166,139,46,178,-0.006,1.5508,0.1458,0.7911,0.0082,-0.0104,0.7911,0.0121,0.1757,1,0,0,2,3,0,0,3
331,500,./side_view_dataset_videos/5.mov,Left,159.16,319,20.47,176,176,98,47,179,-0.0977,1.3017,0.0687,0.6894,-0.0982,-0.0187,0.6894,-0.0029,-0.0148,0,0,1,0,3,3,0,3
332,510,./side_view_dataset_videos/5.mov,Right,159.16,339,20.31,158,174,91,53,176,0.0244,1.5259,0.1313,0.7627,0.0344,-0.0069,0.7627,-0.0643,-0.2152,0,0,1,3,3,3,0,3
333,522,./side_view_dataset_videos/5.mov,Left,159.16,319,23.88,172,172,98,48,179,0.0269,1.4085,0.1065,0.7294,0.0535,-0.0073,0.7294,-0.0693,-0.1362,0,0,0,1,3,3,0,3
334,536,./side_view_dataset_videos/5.mov,Right,152.15,313,23.31,158,174,82,54,177,-0.1738,1.4563,0.0385,0.7453,-0.1668,-0.0173,0.7453,0.0404,0.104,0,0,0,3,3,3,0,3
335,547,./side_view_dataset_videos/5.mov,Left,152.15,266,22.47,167,173,78,46,179,-0.1151,1.3126,0.0042,0.6742,-0.1007,-0.0207,0.6742,0.0335,0.0477,0,3,0,2,3,3,0,3
336,558,./side_view_dataset_videos/5.mov,Right,157.18,253,22.85,165,165,82,56,177,-0.1897,1.3912,0.0032,0.7142,-0.1786,-0.0156,0.7142,0.0333,0.0681,0,3,0,2,3,3,1,3
337,567,./side_view_dataset_videos/5.mov,Left,161.18,226,23.42,166,172,130,49,178,-0.0589,1.3975,0.1314,0.7365,-0.0512,-0.0156,0.7365,-0.0352,-0.0752,1,3,0,2,3,0,0,3
338,578,./side_view_dataset_videos/5.mov,Right,163.91,226,22.12,160,164,97,55,178,-0.0298,1.4997,0.1069,0.7547,-0.0288,-0.011,0.7547,-0.0257,-0.0226,1,3,0,3,2,3,1,3
339,590,./side_view_dataset_videos/5.mov,Left,168.2,213,22.62,168,168,137,49,179,-0.104,1.3823,0.0591,0.7085,-0.0987,-0.0093,0.7085,-0.0204,-0.039,1,3,0,2,3,0,0,3
340,602,./side_view_dataset_videos/5.mov,Right,165.47,213,21.51,171,171,76,54,178,-0.2206,1.4175,-0.0382,0.7258,-0.1986,-0.0184,0.7258,0.0051,0.075,1,3,0,1,3,3,0,3
341,612,./side_view_dataset_videos/5.mov,Left,168.74,206,22.15,167,167,95,52,177,-0.1448,1.3618,-0.0059,0.7002,-0.1407,-0.0153,0.7002,0.0011,0.0133,1,3,0,2,3,3,0,3
342,624,./side_view_dataset_videos/5.mov,Right,158.74,213,17.56,163,177,87,55,178,-0.23,1.4224,-0.0453,0.7172,-0.2123,-0.0238,0.7172,0.0153,0.1512,0,3,2,3,3,3,1,3
343,635,./side_view_dataset_videos/5.mov,Left,158.74,186,20.94,167,167,75,42,175,-0.2396,1.3245,-0.0664,0.6878,-0.2225,-0.0317,0.6878,-0.0024,0.031,0,3,1,2,3,3,0,3
344,645,./side_view_dataset_videos/5.mov,Right,164.74,199,21.77,166,178,80,49,179,-0.1682,1.3584,0.0217,0.6984,-0.1477,-0.0217,0.6984,-0.0209,0.066,1,3,0,2,3,3,0,3
345,654,./side_view_dataset_videos/5.mov,Left,174.74,213,22.77,176,176,131,47,178,-0.0749,1.3687,0.0653,0.7297,-0.0633,-0.0115,0.7297,-0.1001,-0.0889,2,3,0,0,3,0,0,3
346,666,./side_view_dataset_videos/5.mov,Right,168.74,233,24.33,164,164,94,56,179,-0.1627,1.3784,0.0386,0.7058,-0.1574,-0.0235,0.7058,-0.0043,0.0882,1,3,0,3,2,3,1,3
347,676,./side_view_dataset_videos/5.mov,Left,174.74,219,24.71,179,179,108,53,178,-0.0557,1.3434,0.0477,0.6521,-0.0363,-0.0114,0.6521,-0.0802,-0.0463,2,3,0,0,3,2,0,3
348,688,./side_view_dataset_videos/5.mov,Right,172.02,246,22.09,173,173,81,52,179,-0.1753,1.3342,0.0289,0.6673,-0.1567,-0.0193,0.6673,-0.0118,0.0652,2,3,0,1,3,3,0,3
349,697,./side_view_dataset_videos/5.mov,Left,176.02,239,23.32,173,173,154,52,178,-0.0518,1.3799,0.0754,0.7084,-0.0372,-0.0164,0.7084,-0.085,-0.0715,2,3,0,1,3,0,0,3
350,709,./side_view_dataset_videos/5.mov,Right,166.02,253,22.54,164,164,85,58,179,-0.1271,1.3905,0.0754,0.7082,-0.1136,-0.0172,0.7082,-0.0276,0.0653,1,3,0,3,2,3,1,3
351,719,./side_view_dataset_videos/5.mov,Left,172.02,246,22.41,177,177,127,52,179,-0.049,1.3045,0.092,0.6799,-0.0305,-0.0145,0.6799,-0.0842,-0.0725,2,3,0,0,3,0,0,3
352,732,./side_view_dataset_videos/5.mov,Right,163.71,246,20.46,167,167,97,51,178,-0.1606,1.4074,0.0656,0.7154,-0.1437,-0.0194,0.7154,-0.0476,0.0541,1,3,1,2,3,3,0,3
353,742,./side_view_dataset_videos/5.mov,Left,169.71,239,20.86,176,176,112,49,177,-0.0371,1.2919,0.0784,0.6606,-0.0335,-0.0133,0.6606,-0.0693,-0.0397,1,3,1,0,3,2,0,3
354,754,./side_view_dataset_videos/5.mov,Right,159.71,233,21.32,165,165,107,53,179,-0.1555,1.4304,0.0712,0.7328,-0.141,-0.0151,0.7328,-0.0219,0.052,0,3,0,2,3,2,0,3
355,764,./side_view_dataset_videos/5.mov,Left,165.71,219,21.68,160,166,114,54,179,-0.0154,1.3825,0.0839,0.735,-0.0106,-0.0143,0.735,-0.0411,-0.0276,1,3,0,3,3,2,0,3
356,777,./side_view_dataset_videos/5.mov,Right,157.4,226,18.97,161,161,77,55,179,-0.1895,1.395,0.0143,0.7246,-0.1645,-0.0241,0.7246,-0.0343,0.0529,0,3,1,3,2,3,1,3
357,786,./side_view_dataset_videos/5.mov,Left,169.71,233,23.03,162,165,109,47,177,-0.0479,1.4035,0.076,0.728,-0.0581,-0.0149,0.728,-0.0324,-0.0218,1,3,0,3,3,2,0,3
358,799,./side_view_dataset_videos/5.mov,Right,161.4,239,19.82,165,165,75,53,179,-0.1944,1.3511,-0.0094,0.7014,-0.1649,-0.0266,0.7014,-0.0345,0.0471,1,3,1,2,3,3,0,3
359,810,./side_view_dataset_videos/5.mov,Left,164.13,233,21.27,163,167,80,52,178,-0.1415,1.2954,0.0065,0.6555,-0.1309,-0.0195,0.6555,0.0131,0.019,1,3,0,3,3,3,0,3
360,821,./side_view_dataset_videos/5.mov,Right,160.86,233,21.01,168,168,81,58,177,-0.1864,1.3698,-0.0026,0.7093,-0.1817,-0.0183,0.7093,0.0378,0.0978,1,3,0,2,3,3,1,3
361,832,./side_view_dataset_videos/5.mov,Left,165.89,213,20.87,169,169,79,51,178,-0.2051,1.3725,-0.0335,0.6967,-0.1948,-0.0232,0.6967,0.0184,0.0148,1,3,1,2,3,3,0,3
362,842,./side_view_dataset_videos/5.mov,Right,161.89,226,19.86,166,166,89,51,179,-0.1459,1.2919,0.057,0.6775,-0.1455,-0.0305,0.6775,0.0133,0.0647,1,3,1,2,3,3,0,3
363,852,./side_view_dataset_videos/5.mov,Left,170.2,219,20.66,177,177,130,53,179,-0.0589,1.3333,0.0835,0.6879,-0.0471,-0.0164,0.6879,-0.046,-0.0349,2,3,1,0,3,0,0,3
364,864,./side_view_dataset_videos/5.mov,Right,167.47,226,20.14,163,163,83,51,179,-0.1668,1.3891,0.0355,0.7091,-0.152,-0.0153,0.7091,-0.0123,0.0415,1,3,1,3,2,3,0,3
365,874,./side_view_dataset_videos/5.mov,Left,170.74,219,20.74,177,177,97,47,179,-0.1103,1.337,0.0915,0.7229,-0.1005,-0.0106,0.7229,-0.0275,-0.0403,2,3,1,0,3,3,0,3
366,886,./side_view_dataset_videos/5.mov,Right,168.02,239,20.59,169,169,81,50,177,-0.1684,1.3837,0.0317,0.7015,-0.1567,-0.0165,0.7015,0.0299,0.0663,1,3,1,2,3,3,0,3
367,895,./side_view_dataset_videos/5.mov,Left,172.02,226,21.44,166,167,120,50,179,-0.0147,1.4458,0.1038,0.7817,-0.01,-0.0135,0.7817,-0.0551,-0.0798,2,3,0,2,3,0,0,3
368,908,./side_view_dataset_videos/5.mov,Right,163.71,213,18.26,167,167,89,53,177,-0.1936,1.3711,-0.0069,0.7058,-0.1736,-0.0193,0.7058,0.0225,0.0635,1,3,1,2,3,3,0,3
369,919,./side_view_dataset_videos/5.mov,Left,166.44,206,18.29,174,174,86,53,178,-0.1516,1.3181,-0.0079,0.6729,-0.1366,-0.0246,0.6729,0.0197,0.015,1,3,1,1,3,3,0,3
370,930,./side_view_dataset_videos/5.mov,Right,163.16,199,18.55,162,162,73,54,177,-0.1834,1.4088,0.0045,0.724,-0.1707,-0.0173,0.724,0.0242,0.0798,1,3,1,3,2,3,0,3
371,940,./side_view_dataset_videos/5.mov,Left,169.16,193,20.89,178,178,109,48,179,-0.1265,1.3173,0.0536,0.6825,-0.1156,-0.0114,0.6825,-0.0268,-0.0407,1,3,1,0,3,2,0,3
372,952,./side_view_dataset_videos/5.mov,Right,159.16,206,20.2,165,172,92,51,177,-0.1868,1.395,0.0229,0.7116,-0.1784,-0.0154,0.7116,0.0375,0.1161,0,3,1,2,3,3,0,3
373,961,./side_view_dataset_videos/5.mov,Left,171.47,219,20.96,163,169,109,47,179,-0.026,1.431,0.089,0.7708,-0.0277,-0.011,0.7708,-0.0355,-0.0289,2,3,1,3,3,2,0,3
374,974,./side_view_dataset_videos/5.mov,Right,166.44,246,20.26,164,172,86,53,177,-0.1828,1.4009,0.018,0.7251,-0.175,-0.0193,0.7251,0.0445,0.1054,1,3,1,3,3,3,0,3
375,983,./side_view_dataset_videos/5.mov,Left,173.71,259,20.85,172,172,119,49,178,-0.0813,1.4286,0.1078,0.7561,-0.0818,-0.011,0.7561,-0.0448,-0.0438,2,3,1,1,3,1,0,3
376,996,./side_view_dataset_videos/5.mov,Right,165.4,273,17.74,168,176,73,54,177,-0.2052,1.3898,0.004,0.7167,-0.1931,-0.0208,0.7167,0.03,0.1453,1,2,2,2,3,3,0,3
377,1005,./side_view_dataset_videos/5.mov,Left,175.4,259,17.88,178,178,141,47,179,-0.0057,1.3549,0.0751,0.7255,-0.0028,-0.0047,0.7255,-0.0419,-0.0526,2,3,2,0,3,0,0,3
378,1018,./side_view_dataset_videos/5.mov,Right,163.09,253,18.31,163,163,80,52,177,-0.2066,1.371,-0.0064,0.7169,-0.1908,-0.0197,0.7169,0.0349,0.1271,1,3,1,3,2,3,0,3
379,1028,./side_view_dataset_videos/5.mov,Left,171.4,233,18.79,179,179,109,51,179,-0.0848,1.3974,0.0396,0.7344,-0.0886,-0.0122,0.7344,0.008,0.0126,2,3,1,0,3,2,0,3
380,1038,./side_view_dataset_videos/5.mov,Right,167.4,239,17.78,160,160,108,54,177,0.037,1.5232,0.1422,0.7611,0.0471,-0.01,0.7611,-0.0573,-0.0402,1,3,2,3,2,2,0,3
381,1050,./side_view_dataset_videos/5.mov,Left,169.71,226,20.8,169,169,118,47,179,-0.0083,1.3645,0.0687,0.6932,0.0043,-0.0123,0.6932,-0.0663,-0.0939,1,3,1,2,3,1,0,3
382,1063,./side_view_dataset_videos/5.mov,Right,157.4,213,20.58,165,165,97,53,176,-0.1946,1.3691,0.0247,0.7123,-0.1945,-0.0199,0.7123,0.0574,0.1798,0,3,1,2,3,3,0,3
383,1074,./side_view_dataset_videos/5.mov,Left,162.44,206,23.27,175,175,88,51,179,-0.1255,1.2512,0.0162,0.6324,-0.1007,-0.0175,0.6324,-0.0313,0.0279,1,3,0,0,3,3,0,3
384,1086,./side_view_dataset_videos/5.mov,Right,156.44,233,23.78,167,167,77,53,179,-0.2273,1.3942,-0.037,0.7192,-0.2115,-0.0206,0.7192,-0.0056,0.0919,0,3,0,2,3,3,0,3
385,1096,./side_view_dataset_videos/5.mov,Left,156.44,219,23.36,176,176,98,50,177,-0.1165,1.2916,0.0279,0.6748,-0.0987,-0.0231,0.6748,-0.024,-0.007,0,3,0,0,3,3,0,3
386,1108,./side_view_dataset_videos/5.mov,Right,156.44,226,23.28,168,177,77,57,178,-0.1798,1.3489,-0.0,0.6948,-0.1677,-0.0218,0.6948,0.0087,0.0873,0,3,0,2,3,3,1,3
387,1117,./side_view_dataset_videos/5.mov,Left,168.74,246,26.97,179,179,139,50,178,-0.0259,1.3267,0.0831,0.6857,-0.0227,-0.0134,0.6857,-0.0893,-0.0735,1,3,0,0,3,0,0,3
388,1130,./side_view_dataset_videos/5.mov,Right,163.71,253,23.34,167,167,95,57,179,-0.1586,1.3782,0.0518,0.6938,-0.1424,-0.0172,0.6938,-0.0139,0.0596,1,3,0,2,3,3,1,3
389,1140,./side_view_dataset_videos/5.mov,Left,169.71,233,23.52,179,179,142,51,179,-0.1193,1.3399,0.0713,0.7291,-0.1015,-0.0113,0.7291,-0.0598,-0.0588,1,3,0,0,3,0,0,3
390,1153,./side_view_dataset_videos/5.mov,Right,161.4,233,24.53,168,168,88,56,178,-0.1755,1.3673,0.0289,0.7001,-0.1603,-0.0197,0.7001,0.0103,0.0676,1,3,0,2,3,3,1,3
391,1163,./side_view_dataset_videos/5.mov,Left,167.4,219,24.68,176,176,106,56,179,-0.0744,1.3036,0.0716,0.6872,-0.0652,-0.0068,0.6872,-0.0428,-0.021,1,3,0,0,3,2,1,3
392,1175,./side_view_dataset_videos/5.mov,Right,157.4,206,21.01,166,166,95,58,179,-0.1855,1.4154,0.0262,0.7258,-0.1693,-0.0187,0.7258,-0.0058,0.0605,0,3,0,2,3,3,1,3
393,1186,./side_view_dataset_videos/5.mov,Left,162.44,206,20.51,171,171,93,57,178,-0.1153,1.291,0.0427,0.6791,-0.0985,-0.0102,0.6791,-0.0299,0.0009,1,3,1,1,3,3,1,3
394,1198,./side_view_dataset_videos/5.mov,Right,156.44,206,20.65,164,168,83,57,179,-0.2196,1.3232,-0.0266,0.6927,-0.1952,-0.0198,0.6927,-0.0321,0.0612,0,3,1,3,3,3,1,3
395,1209,./side_view_dataset_videos/5.mov,Left,161.47,199,21.0,165,166,78,50,177,-0.1741,1.3169,-0.0105,0.7017,-0.1614,-0.0209,0.7017,0.0017,0.0339,1,3,1,2,3,3,0,3
396,1220,./side_view_dataset_videos/5.mov,Right,158.2,199,21.12,164,164,94,55,179,-0.1866,1.3717,0.0381,0.7155,-0.1641,-0.0224,0.7155,-0.0357,0.0455,0,3,0,3,2,3,1,3
397,1230,./side_view_dataset_videos/5.mov,Left,164.2,199,22.34,175,175,107,54,178,-0.071,1.4156,0.0249,0.7402,-0.06,-0.0069,0.7402,-0.0443,-0.0039,1,3,0,0,3,2,0,3
398,1243,./side_view_dataset_videos/5.mov,Right,159.16,193,20.47,168,168,73,55,177,-0.2209,1.3942,-0.02,0.7194,-0.2127,-0.0249,0.7194,0.033,0.1132,0,3,1,2,3,3,1,3
399,1252,./side_view_dataset_videos/5.mov,Left,169.16,193,21.45,179,179,105,54,179,-0.0427,1.4139,0.0478,0.7437,-0.0303,-0.0148,0.7437,-0.0394,-0.0361,1,3,0,0,3,2,0,3
400,1265,./side_view_dataset_videos/5.mov,Right,164.13,193,18.33,165,165,75,56,177,-0.2164,1.3848,-0.0069,0.7127,-0.2017,-0.0194,0.7127,0.0311,0.1007,1,3,1,2,3,3,1,3
401,1277,./side_view_dataset_videos/5.mov,Left,161.4,179,19.42,179,179,74,53,179,-0.1849,1.3973,-0.0346,0.7012,-0.1671,-0.0159,0.7012,0.0301,0.0778,1,3,1,0,3,3,0,3
402,1287,./side_view_dataset_videos/5.mov,Right,161.4,206,19.68,164,174,92,54,177,-0.1697,1.3141,0.0348,0.6913,-0.1627,-0.0254,0.6913,0.0405,0.072,1,3,1,3,3,3,0,3
403,1297,./side_view_dataset_videos/5.mov,Left,169.71,219,22.55,177,177,153,51,179,-0.0556,1.3944,0.0942,0.7391,-0.0434,-0.0131,0.7391,-0.0335,-0.0262,1,3,0,0,3,0,0,3
404,1310,./side_view_dataset_videos/5.mov,Right,157.4,206,21.77,159,163,77,55,177,-0.2047,1.4192,-0.0001,0.7347,-0.1923,-0.0201,0.7347,0.038,0.1178,0,3,0,3,2,3,1,3
405,1322,./side_view_dataset_videos/5.mov,Left,159.71,199,22.01,169,171,70,49,179,-0.2,1.3556,-0.0308,0.7039,-0.1824,-0.0171,0.7039,0.0419,0.0308,0,3,0,2,3,3,0,3
406,1333,./side_view_dataset_videos/5.mov,Right,162.44,206,22.58,166,166,69,55,177,-0.2192,1.4293,-0.0122,0.7337,-0.2012,-0.0249,0.7337,0.0331,0.0898,1,3,0,2,3,2,1,3
407,1344,./side_view_dataset_videos/5.mov,Left,159.16,166,20.11,177,177,77,51,179,-0.087,1.4181,0.018,0.6985,-0.0714,-0.0127,0.6985,0.0238,0.0493,0,3,1,0,3,3,0,3
408,1355,./side_view_dataset_videos/5.mov,Right,155.89,159,20.43,165,165,92,53,177,-0.155,1.381,0.047,0.7002,-0.154,-0.0185,0.7002,0.0508,0.1011,0,3,1,2,3,3,0,3
409,1365,./side_view_dataset_videos/5.mov,Left,164.2,173,20.52,163,167,123,51,178,-0.0275,1.3893,0.114,0.7254,-0.0028,-0.0099,0.7254,-0.0452,-0.0827,1,3,1,3,3,0,0,3
410,1378,./side_view_dataset_videos/5.mov,Right,161.89,186,19.16,164,164,95,56,177,-0.1679,1.3901,0.0382,0.716,-0.1579,-0.0191,0.716,0.041,0.1039,1,3,1,3,2,3,1,3
411,1388,./side_view_dataset_videos/5.mov,Left,165.16,199,20.23,176,176,113,53,179,-0.063,1.3725,0.0647,0.7181,-0.0537,-0.0154,0.7181,-0.0333,-0.0227,1,3,1,0,3,2,0,3
412,1401,./side_view_dataset_videos/5.mov,Right,160.13,226,20.02,170,170,76,55,177,-0.2171,1.355,-0.0134,0.7143,-0.2048,-0.0238,0.7143,0.027,0.1237,1,3,1,1,3,3,1,3
413,1411,./side_view_dataset_videos/5.mov,Left,163.4,226,20.73,178,178,124,51,178,-0.0882,1.3946,0.0527,0.7155,-0.0841,-0.0182,0.7155,-0.0368,-0.0267,1,3,1,0,3,0,0,3
414,1423,./side_view_dataset_videos/5.mov,Right,157.4,219,20.43,163,163,99,49,179,-0.182,1.3865,0.0345,0.7215,-0.1502,-0.0253,0.7215,-0.0436,0.0527,0,3,1,3,2,3,0,3
415,1434,./side_view_dataset_videos/5.mov,Left,162.44,219,20.37,179,179,97,49,176,-0.0999,1.3881,0.0366,0.7162,-0.0978,-0.0227,0.7162,-0.0071,-0.0125,1,3,1,0,3,3,0,3
416,1445,./side_view_dataset_videos/5.mov,Right,159.16,213,18.44,162,162,89,48,178,-0.1473,1.4084,0.066,0.7144,-0.1182,-0.0218,0.7144,-0.0548,0.0741,0,3,1,3,2,3,0,3
417,1456,./side_view_dataset_videos/5.mov,Left,164.2,206,18.13,171,171,100,50,177,-0.1046,1.3123,0.0254,0.7045,-0.1036,-0.013,0.7045,-0.0343,-0.027,1,3,1,1,3,2,0,3
418,1468,./side_view_dataset_videos/5.mov,Right,158.2,239,18.55,163,163,87,52,179,-0.1849,1.2983,0.0077,0.6781,-0.1741,-0.0179,0.6781,0.0039,0.1167,0,3,1,3,2,3,0,3
419,1479,./side_view_dataset_videos/5.mov,Left,160.93,239,19.75,167,167,88,57,176,-0.1701,1.2558,-0.0076,0.6484,-0.1471,-0.0241,0.6484,-0.0277,0.0074,1,3,1,2,3,3,1,3
420,1490,./side_view_dataset_videos/5.mov,Right,160.93,253,19.27,162,179,86,55,179,-0.1692,1.4376,0.0426,0.7474,-0.1491,-0.0162,0.7474,-0.0218,0.0919,1,3,1,3,3,3,1,3
421,1501,./side_view_dataset_videos/5.mov,Left,160.93,246,18.7,166,166,93,50,179,-0.1501,1.2474,0.0072,0.627,-0.1163,-0.0204,0.627,-0.0356,0.0127,1,3,1,2,3,3,0,3
422,1512,./side_view_dataset_videos/5.mov,Right,160.93,233,19.12,165,165,92,53,179,-0.1777,1.3538,0.0321,0.6906,-0.161,-0.0152,0.6906,-0.0046,0.0631,1,3,1,2,3,3,0,3
423,1523,./side_view_dataset_videos/5.mov,Left,163.65,193,20.36,173,173,85,52,179,-0.078,1.4001,0.0425,0.6861,-0.0658,-0.0077,0.6861,0.0107,0.0235,1,3,1,1,3,3,0,3
424,1535,./side_view_dataset_videos/5.mov,Right,160.93,206,19.63,161,161,68,58,176,-0.2171,1.3586,-0.0379,0.699,-0.1978,-0.0222,0.699,0.0352,0.0944,1,3,1,3,2,2,1,3
425,1545,./side_view_dataset_videos/5.mov,Left,164.2,193,19.83,167,167,88,52,179,-0.1279,1.3278,0.0267,0.6705,-0.1116,-0.0187,0.6705,-0.0035,-0.0088,1,3,1,2,3,3,0,3
426,1556,./side_view_dataset_videos/5.mov,Right,164.2,199,18.61,163,163,88,55,179,-0.1533,1.38,0.0451,0.6987,-0.1327,-0.0194,0.6987,-0.0134,0.0616,1,3,1,3,2,3,1,3
427,1566,./side_view_dataset_videos/5.mov,Left,167.47,213,19.44,160,166,115,53,179,-0.0478,1.4359,0.0545,0.7461,-0.0329,-0.0132,0.7461,-0.0428,-0.0246,1,3,1,3,3,1,0,3
428,1579,./side_view_dataset_videos/5.mov,Right,162.44,213,17.71,163,163,75,55,177,-0.2117,1.353,-0.0287,0.7001,-0.1912,-0.0205,0.7001,0.0161,0.0847,1,3,2,3,2,3,1,3
429,1589,./side_view_dataset_videos/5.mov,Left,168.44,199,18.6,171,171,95,52,178,-0.1224,1.3993,0.0288,0.7415,-0.1219,-0.0101,0.7415,0.0075,0.0021,1,3,1,1,3,3,0,3
430,1601,./side_view_dataset_videos/5.mov,Right,162.44,199,18.18,160,160,76,56,179,-0.1742,1.4156,0.0467,0.7142,-0.1554,-0.0152,0.7142,-0.0085,0.0609,1,3,1,3,2,3,1,3
431,1611,./side_view_dataset_videos/5.mov,Left,165.71,206,19.27,177,177,113,50,179,-0.0925,1.3918,0.0674,0.7318,-0.0865,-0.0163,0.7318,-0.0374,-0.0204,1,3,1,0,3,2,0,3
432,1624,./side_view_dataset_videos/5.mov,Right,157.4,226,17.77,162,162,74,53,177,-0.2123,1.3652,-0.0109,0.7086,-0.1918,-0.0244,0.7086,0.0218,0.0768,0,3,2,3,2,3,0,3
433,1634,./side_view_dataset_videos/5.mov,Left,165.71,239,20.73,176,176,93,50,178,-0.1042,1.2866,0.0284,0.6592,-0.0932,-0.0199,0.6592,-0.008,-0.0291,1,3,1,0,3,3,0,3
434,1646,./side_view_dataset_videos/5.mov,Right,159.71,246,21.34,158,160,95,50,178,-0.1967,1.4186,0.0337,0.7482,-0.1714,-0.0263,0.7482,0.0004,0.0665,0,3,0,3,2,3,0,3
435,1655,./side_view_dataset_videos/5.mov,Left,169.71,266,20.8,162,172,97,51,179,0.0508,1.3664,0.1407,0.7164,0.0451,-0.0117,0.7164,-0.0396,-0.0498,1,3,1,3,3,3,0,3
436,1667,./side_view_dataset_videos/5.mov,Right,163.71,286,19.5,165,165,75,62,177,0.1399,1.4823,0.2237,0.7049,0.1393,-0.0044,0.7049,-0.0476,-0.2565,1,1,1,2,3,3,2,3
437,1680,./side_view_dataset_videos/5.mov,Left,163.71,286,22.37,169,175,112,52,178,0.1048,1.4343,0.1751,0.7432,0.0816,-0.0088,0.7432,-0.0005,-0.0379,1,1,0,2,3,2,0,3
438,1693,./side_view_dataset_videos/5.mov,Right,155.4,306,22.13,166,169,75,63,177,0.1394,1.5225,0.2228,0.7309,0.1426,-0.0073,0.7309,-0.048,-0.3016,0,0,0,2,3,3,2,3
439,1707,./side_view_dataset_videos/5.mov,Left,151.11,326,22.63,162,177,120,66,179,0.0758,1.4242,0.1473,0.7521,0.0638,-0.009,0.7521,-0.0274,-0.0483,0,0,0,3,3,0,3,3
440,1720,./side_view_dataset_videos/5.mov,Right,138.81,319,22.71,165,170,91,63,177,0.0632,1.5305,0.185,0.7536,0.0672,-0.0147,0.7536,-0.0575,-0.217,0,0,0,2,3,3,2,3
441,1733,./side_view_dataset_videos/5.mov,Left,136.5,313,21.88,167,178,172,59,179,0.1122,1.3879,0.1393,0.7235,0.1017,-0.0065,0.7235,-0.0323,-0.0545,0,0,0,2,3,0,1,3
442,1746,./side_view_dataset_videos/5.mov,Right,136.5,306,21.81,167,168,81,66,177,0.1049,1.4916,0.2054,0.7299,0.1111,-0.0115,0.7299,-0.0599,-0.2207,0,0,0,2,3,3,3,3
443,1759,./side_view_dataset_videos/5.mov,Left,136.5,299,22.72,169,175,122,55,177,0.127,1.3737,0.1834,0.6778,0.1096,-0.0056,0.6778,-0.0204,-0.0396,0,1,0,2,3,0,1,3
444,1772,./side_view_dataset_videos/5.mov,Right,138.48,293,23.88,167,169,99,59,178,0.1116,1.5257,0.2033,0.738,0.1129,-0.0087,0.738,-0.0369,-0.1519,0,1,0,2,3,3,1,3
445,1785,./side_view_dataset_videos/5.mov,Left,138.48,326,24.32,169,174,137,55,178,-0.3379,1.0129,0.1094,0.7437,-0.3473,-0.0422,0.7437,-0.0341,-0.0583,0,0,0,2,3,0,1,3
446,1798,./side_view_dataset_videos/5.mov,Right,138.48,319,25.48,165,166,106,61,179,0.0351,1.4881,0.1681,0.7373,0.0412,-0.0145,0.7373,-0.0119,-0.0123,0,0,0,2,3,2,2,3
447,1810,./side_view_dataset_videos/5.mov,Left,140.78,326,25.61,169,175,97,53,178,0.1015,1.4838,0.1632,0.7756,0.1001,-0.0114,0.7756,-0.0859,-0.1969,0,0,0,2,3,3,0,3
448,1823,./side_view_dataset_videos/5.mov,Right,140.78,326,26.02,161,171,90,66,177,0.0964,1.5161,0.1961,0.7466,0.0944,-0.0084,0.7466,-0.0463,-0.1896,0,0,0,3,3,3,3,3
449,1836,./side_view_dataset_videos/5.mov,Left,140.78,353,25.91,168,173,112,55,178,-0.3194,1.0657,0.1103,0.7501,-0.3165,-0.0398,0.7501,-0.0485,-0.1272,0,0,0,2,3,2,1,3
450,1849,./side_view_dataset_videos/5.mov,Right,140.78,319,26.38,161,165,96,61,178,0.0129,1.5266,0.1515,0.7638,0.0089,-0.01,0.7638,-0.0144,-0.0978,0,0,0,3,3,3,2,3
451,1861,./side_view_dataset_videos/5.mov,Left,143.09,326,22.66,165,176,120,56,178,0.1154,1.3929,0.1303,0.7153,0.1129,-0.0075,0.7153,-0.0564,-0.0846,0,0,0,2,3,0,1,3
452,1874,./side_view_dataset_videos/5.mov,Right,140.78,319,22.98,167,167,88,61,177,0.0788,1.4856,0.1789,0.7353,0.0721,-0.0092,0.7353,-0.0423,-0.1919,0,0,0,2,3,3,2,3
453,1887,./side_view_dataset_videos/5.mov,Left,140.78,313,22.21,168,175,118,53,177,0.0373,1.3816,0.1306,0.723,0.0487,-0.0088,0.723,-0.0424,-0.0933,0,0,0,2,3,1,0,3
454,1899,./side_view_dataset_videos/5.mov,Right,143.09,279,21.47,167,170,85,60,177,0.0948,1.4217,0.1938,0.6827,0.0914,-0.0105,0.6827,-0.0491,-0.2565,0,2,0,2,3,3,2,3
455,1913,./side_view_dataset_videos/5.mov,Left,141.11,279,22.58,168,175,152,58,179,0.0163,1.4175,0.0805,0.7278,0.0044,-0.0133,0.7278,-0.0037,-0.056,0,2,0,2,3,0,1,3
456,1928,./side_view_dataset_videos/5.mov,Right,135.11,253,24.15,164,171,106,62,176,-0.2382,1.3931,0.0089,0.7205,-0.223,-0.0254,0.7205,0.0548,0.1558,0,3,0,3,3,2,2,3
457,1938,./side_view_dataset_videos/5.mov,Left,143.42,239,27.0,161,173,148,59,177,0.0065,1.3548,0.0869,0.6773,0.0011,-0.0113,0.6773,-0.0294,-0.0442,0,3,0,3,3,0,1,3
458,1952,./side_view_dataset_videos/5.mov,Right,141.44,226,24.02,163,166,111,67,179,-0.0974,1.5018,0.1252,0.7865,-0.0889,-0.0203,0.7865,0.0034,0.0775,0,3,0,3,3,2,3,3
459,1965,./side_view_dataset_videos/5.mov,Left,139.13,213,28.81,165,176,163,58,179,-0.0468,1.4396,0.0781,0.7688,-0.043,-0.0118,0.7688,-0.035,-0.0372,0,3,0,2,3,0,1,3
460,1978,./side_view_dataset_videos/5.mov,Right,141.11,199,29.36,168,168,119,65,177,-0.0587,1.5766,0.1457,0.7875,-0.0502,-0.0227,0.7875,0.0364,0.0795,0,3,0,2,3,1,3,3
461,1993,./side_view_dataset_videos/5.mov,Left,141.11,193,28.53,169,174,76,61,179,-0.2406,1.355,-0.0478,0.7199,-0.2313,-0.0322,0.7199,0.068,0.0622,0,3,0,2,3,3,2,3
462,2004,./side_view_dataset_videos/5.mov,Right,137.84,186,30.19,163,165,99,67,179,-0.1179,1.5575,0.104,0.8024,-0.0998,-0.026,0.8024,-0.0191,-0.0047,0,3,0,3,3,3,3,3
463,2016,./side_view_dataset_videos/5.mov,Left,142.13,193,26.39,167,169,131,56,178,0.0022,1.3898,0.1032,0.7109,0.0067,-0.0146,0.7109,-0.0021,-0.0269,0,3,0,2,3,0,1,3
464,2029,./side_view_dataset_videos/5.mov,Right,142.13,219,26.07,171,171,85,60,179,-0.1521,0.7484,0.1377,0.7405,-0.119,-0.0867,0.7405,-0.0443,-0.1328,0,3,0,1,3,3,2,3
465,2041,./side_view_dataset_videos/5.mov,Left,144.43,226,25.95,159,174,125,58,178,0.0294,1.3913,0.1235,0.6865,0.0107,-0.0165,0.6865,0.0109,-0.04,0,3,0,3,3,0,1,3
466,2055,./side_view_dataset_videos/5.mov,Right,146.15,279,25.63,169,169,98,67,179,-0.1421,0.4385,0.1436,0.6971,-0.1241,-0.0758,0.6971,-0.0049,0.0015,0,2,0,2,3,3,3,3
467,2067,./side_view_dataset_videos/5.mov,Left,143.42,286,24.77,165,165,105,59,179,-0.0606,1.3357,0.1294,0.6884,-0.0641,-0.0338,0.6884,0.0082,-0.014,0,1,0,2,3,2,1,3
468,2077,./side_view_dataset_videos/5.mov,Right,149.42,306,22.04,169,169,55,48,177,0.1563,1.4722,0.2028,0.7158,0.1493,-0.0062,0.7158,-0.0477,-0.2483,0,0,0,2,3,1,0,3
469,2090,./side_view_dataset_videos/5.mov,Left,149.42,306,22.34,167,169,95,57,177,0.1864,1.4324,0.2107,0.7205,0.1704,-0.0045,0.7205,-0.062,-0.2151,0,0,0,2,3,3,1,3
470,2103,./side_view_dataset_videos/5.mov,Right,147.11,326,22.98,170,170,95,57,177,0.1617,1.5907,0.1618,0.7841,0.1695,-0.0001,0.7841,-0.0446,-0.2283,0,0,0,1,3,3,1,3
471,2115,./side_view_dataset_videos/5.mov,Left,151.4,319,22.48,174,174,159,53,178,0.2388,1.3763,0.2461,0.6506,0.2027,-0.0015,0.6506,0.0097,-0.0346,0,0,0,1,3,0,0,3
472,2132,./side_view_dataset_videos/5.mov,Right,142.58,313,23.79,162,162,89,57,179,-0.1877,1.4592,0.0468,0.7468,-0.1406,-0.0231,0.7468,-0.0463,-0.1666,0,0,0,3,2,3,1,3
473,2142,./side_view_dataset_videos/5.mov,Left,142.58,299,23.76,164,170,126,55,179,0.0263,1.3689,0.133,0.7015,0.0042,-0.0101,0.7015,-0.001,-0.0264,0,1,0,3,3,0,1,3
474,2154,./side_view_dataset_videos/5.mov,Right,144.88,293,21.23,171,171,93,56,179,0.1006,1.4607,0.1987,0.7233,0.1013,-0.0096,0.7233,-0.0153,-0.125,0,1,0,1,3,3,1,3
475,2166,./side_view_dataset_videos/5.mov,Left,147.19,279,21.55,171,171,125,50,176,0.1156,1.3743,0.1737,0.6919,0.1083,-0.0061,0.6919,0.0029,-0.0383,0,2,0,1,3,0,0,3
476,2179,./side_view_dataset_videos/5.mov,Right,144.88,286,19.56,169,169,103,49,179,-0.2684,0.9907,0.1697,0.7463,-0.2588,-0.0803,0.7463,0.001,0.0026,0,1,1,2,3,2,0,3
477,2191,./side_view_dataset_videos/5.mov,Left,153.71,293,19.04,171,171,124,45,175,0.0158,1.3585,0.126,0.7151,0.0207,-0.0093,0.7151,-0.016,-0.0955,0,1,1,1,3,0,0,3
478,2204,./side_view_dataset_videos/5.mov,Right,145.4,293,25.98,165,165,116,53,179,0.0468,1.4729,0.1502,0.716,0.0437,-0.0097,0.716,0.0157,-0.0025,0,1,0,2,3,1,0,3
479,2218,./side_view_dataset_videos/5.mov,Left,141.11,286,30.62,172,172,130,51,176,0.0772,1.3432,0.1472,0.6786,0.0907,-0.0102,0.6786,-0.0553,-0.1382,0,1,0,1,3,0,0,3
480,2232,./side_view_dataset_videos/5.mov,Right,136.83,279,36.44,167,167,94,58,178,0.0257,1.4173,0.1693,0.7105,0.029,-0.0724,0.7105,0.0296,0.069,0,2,0,2,3,3,1,3
481,2248,./side_view_dataset_videos/5.mov,Left,131.63,239,38.04,172,172,111,45,176,-0.1183,1.2694,0.1088,0.6553,-0.1016,-0.0148,0.6553,0.0168,0.0357,0,3,0,1,3,2,0,3
482,2260,./side_view_dataset_videos/5.mov,Right,131.63,246,39.33,165,165,108,54,179,0.0689,1.4215,0.1786,0.6909,0.064,-0.0099,0.6909,0.0106,-0.0046,0,3,0,2,3,2,0,3
483,2276,./side_view_dataset_videos/5.mov,Left,126.44,226,36.94,172,172,111,49,178,-0.1115,1.2911,0.0705,0.6981,-0.0877,-0.0076,0.6981,-0.0307,-0.0057,0,3,0,1,3,2,0,3
484,2290,./side_view_dataset_videos/5.mov,Right,126.44,213,36.37,170,170,101,55,178,-0.1295,1.3733,0.1283,0.6889,-0.131,-0.0138,0.6889,0.0202,0.0885,0,3,0,1,3,2,1,3
485,2301,./side_view_dataset_videos/5.mov,Left,133.45,219,34.63,167,167,114,54,176,0.0812,1.348,0.1642,0.7064,0.0902,-0.0074,0.7064,-0.0622,-0.1594,0,3,0,2,3,2,0,3
486,2317,./side_view_dataset_videos/5.mov,Right,133.45,219,34.82,165,165,107,53,179,-0.1604,1.3656,0.0587,0.6977,-0.1369,-0.0206,0.6977,-0.0108,0.0831,0,3,0,2,3,2,0,3
487,2328,./side_view_dataset_videos/5.mov,Left,136.18,226,35.22,163,166,118,55,177,0.0646,1.3313,0.1475,0.6836,0.0542,-0.0107,0.6836,-0.0333,-0.0528,0,3,0,3,3,1,1,3
488,2342,./side_view_dataset_videos/5.mov,Right,139.4,246,31.07,164,164,102,58,176,0.0435,1.4956,0.1873,0.7228,0.0563,-0.0136,0.7228,-0.0726,-0.0982,0,3,0,3,2,2,1,3
489,2358,./side_view_dataset_videos/5.mov,Left,136.18,253,32.88,174,174,126,55,178,-0.0871,1.3083,0.0889,0.6791,-0.0813,-0.0095,0.6791,-0.0146,-0.0054,0,3,0,1,3,0,1,3
490,2372,./side_view_dataset_videos/5.mov,Right,129.17,253,34.93,161,161,105,57,179,-0.052,1.4741,0.1762,0.7277,-0.0374,-0.0214,0.7277,-0.0203,0.0332,0,3,0,3,2,2,1,3
491,2387,./side_view_dataset_videos/5.mov,Left,130.67,259,33.6,177,177,115,51,179,-0.0958,1.3416,0.0759,0.7007,-0.1136,-0.0199,0.7007,0.0127,0.015,0,3,0,0,3,1,0,3
492,2401,./side_view_dataset_videos/5.mov,Right,123.66,239,33.28,164,164,88,61,178,-0.131,1.3867,0.0982,0.711,-0.0947,-0.02,0.711,-0.0698,-0.0961,0,3,0,3,2,3,2,3
493,2411,./side_view_dataset_videos/5.mov,Left,133.94,253,27.46,163,163,149,52,178,0.1353,1.347,0.208,0.6542,0.108,-0.0072,0.6542,-0.0064,-0.0214,0,3,0,3,2,0,0,3
494,2427,./side_view_dataset_videos/5.mov,Right,133.94,253,29.4,160,160,87,53,179,-0.1732,1.3357,0.0657,0.718,-0.1316,-0.0281,0.718,-0.0313,-0.0128,0,3,0,3,2,3,0,3
495,2437,./side_view_dataset_videos/5.mov,Left,144.23,266,27.91,161,161,96,60,175,0.1856,1.2382,0.239,0.57,0.1702,-0.0105,0.57,-0.0411,-0.1646,0,3,0,3,2,3,2,3
496,2451,./side_view_dataset_videos/5.mov,Right,145.94,293,30.26,167,167,57,57,177,0.1473,1.4257,0.2326,0.6793,0.1503,-0.0107,0.6793,-0.056,-0.2871,0,1,0,2,3,1,1,3
497,2465,./side_view_dataset_videos/5.mov,Left,145.94,313,30.15,166,166,132,58,177,0.0752,1.2865,0.1868,0.6561,0.0706,-0.0124,0.6561,-0.0472,-0.0811,0,0,0,2,3,0,1,3
498,2477,./side_view_dataset_videos/5.mov,Right,139.94,319,26.24,162,162,54,59,176,0.1751,1.4243,0.2286,0.6629,0.1785,-0.0076,0.6629,-0.0598,-0.2918,0,0,0,3,2,1,1,3
499,2491,./side_view_dataset_videos/5.mov,Left,143.16,346,24.63,162,162,145,59,176,0.1177,1.2564,0.1759,0.6565,0.1228,-0.0105,0.6565,-0.0326,-0.1185,0,0,0,3,2,0,1,3
500,2504,./side_view_dataset_videos/5.mov,Right,134.85,346,24.83,156,156,65,61,176,0.0548,1.4365,0.2398,0.7275,0.0647,-0.0128,0.7275,-0.0806,-0.2855,0,0,0,3,2,2,2,3
501,2517,./side_view_dataset_videos/5.mov,Left,136.83,339,23.15,152,166,72,61,178,0.113,1.2319,0.2261,0.5661,0.092,-0.0129,0.5661,-0.0186,0.0343,0,0,0,2,3,3,2,3
502,2532,./side_view_dataset_videos/5.mov,Right,135.11,326,31.86,156,163,81,64,177,0.0568,1.5348,0.1774,0.7419,0.0757,-0.0171,0.7419,-0.0594,-0.154,0,0,0,3,2,3,2,3
503,2547,./side_view_dataset_videos/5.mov,Left,129.11,306,42.7,179,179,124,49,177,-0.1,1.3792,0.1068,0.7455,-0.1267,-0.0249,0.7455,0.0064,0.0023,0,0,0,0,3,0,0,3
504,2558,./side_view_dataset_videos/5.mov,Right,136.13,286,43.54,158,158,99,53,176,0.0265,1.4909,0.1621,0.7429,0.0447,-0.0094,0.7429,-0.0831,-0.1821,0,1,0,3,2,3,0,3
505,2570,./side_view_dataset_videos/5.mov,Left,138.43,273,43.31,156,166,139,53,179,-0.0192,1.4412,0.1083,0.7997,-0.0192,-0.0111,0.7997,-0.0553,-0.0343,0,2,0,3,3,0,0,3
506,2582,./side_view_dataset_videos/5.mov,Right,140.74,253,34.43,163,163,97,54,178,-0.0703,1.4808,0.1228,0.7551,-0.066,-0.0104,0.7551,-0.0384,-0.0822,0,3,0,3,2,3,0,3
507,2593,./side_view_dataset_videos/5.mov,Left,149.47,259,31.68,165,169,116,54,178,-0.1068,1.3756,0.1065,0.7597,-0.103,-0.017,0.7597,-0.0118,-0.0168,0,3,0,2,3,1,0,3
508,2604,./side_view_dataset_videos/5.mov,Right,158.2,339,19.5,166,178,101,54,177,-0.2748,0.9869,0.1555,0.762,-0.2671,-0.1531,0.762,-0.0455,-0.0951,0,0,1,2,3,2,0,3
509,2624,./side_view_dataset_videos/5.mov,Left,143.47,386,17.6,168,179,73,54,176,-0.4317,1.014,-0.1079,0.7004,-0.4368,-0.1148,0.7004,0.0349,0.0327,0,0,2,2,3,3,0,3
510,2639,./side_view_dataset_videos/5.mov,Right,137.47,386,21.02,166,166,97,48,178,-0.1943,1.2102,0.1695,0.7631,-0.175,-0.0918,0.7631,-0.0448,-0.1973,0,0,0,2,3,3,0,3
511,2647,./side_view_dataset_videos/5.mov,Left,152.47,413,18.8,167,172,87,53,175,-0.3974,1.0015,-0.0404,0.7202,-0.4054,-0.1142,0.7202,0.0224,0.02,0,0,1,2,3,3,0,3
512,2658,./side_view_dataset_videos/5.mov,Right,152.47,439,18.53,160,163,83,52,179,-0.1313,1.1865,0.0321,0.7404,-0.136,-0.1156,0.7404,0.0029,0.0336,0,0,1,3,2,3,0,3
513,2670,./side_view_dataset_videos/5.mov,Left,149.74,379,21.31,166,166,93,52,176,-0.3597,0.9291,0.0192,0.7252,-0.3615,-0.1016,0.7252,0.0282,-0.0357,0,0,0,2,3,3,0,3
514,2681,./side_view_dataset_videos/5.mov,Right,164.47,299,21.64,162,162,93,54,179,-0.0328,1.3591,0.0751,0.7541,-0.0434,-0.0313,0.7541,0.0108,0.0274,1,1,0,3,2,3,0,3
515,2692,./side_view_dataset_videos/5.mov,Left,173.2,346,17.88,168,179,80,55,176,-0.3842,0.9672,-0.0298,0.6934,-0.3812,-0.1158,0.6934,0.0224,-0.0329,2,0,2,2,3,3,1,3
516,2707,./side_view_dataset_videos/5.mov,Right,152.2,326,20.38,173,173,94,54,179,-0.1777,0.8785,0.2137,0.6533,-0.1865,-0.1029,0.6533,0.0082,-0.1117,0,0,1,1,3,3,0,3
517,2715,./side_view_dataset_videos/5.mov,Left,164.47,319,19.35,166,170,86,55,176,-0.3826,0.947,-0.0112,0.7055,-0.382,-0.1122,0.7055,0.0325,-0.0138,1,0,1,2,3,3,1,3
518,2726,./side_view_dataset_videos/5.mov,Right,167.2,326,20.57,161,161,78,51,179,-0.1913,1.1913,0.0285,0.7568,-0.2023,-0.1002,0.7568,0.0144,0.0133,1,0,1,3,2,3,0,3
519,2738,./side_view_dataset_videos/5.mov,Left,164.47,373,20.68,166,166,81,54,176,-0.3779,0.9356,-0.0225,0.6986,-0.3723,-0.1136,0.6986,0.0306,-0.0245,1,0,1,2,3,3,0,3
520,2748,./side_view_dataset_videos/5.mov,Right,167.74,359,20.58,159,179,61,53,179,-0.4213,1.1227,0.0032,0.7224,-0.4333,-0.1134,0.7224,0.0091,0.0392,1,0,1,3,3,2,0,3
521,2761,./side_view_dataset_videos/5.mov,Left,171.44,379,20.68,167,167,92,54,176,-0.3917,0.9584,-0.0207,0.7204,-0.4,-0.1135,0.7204,0.0355,0.0322,2,0,1,2,3,3,0,3
522,2772,./side_view_dataset_videos/5.mov,Right,159.16,386,22.25,161,161,70,54,179,-0.0554,1.2832,0.0775,0.7663,-0.0643,-0.0703,0.7663,0.0227,0.0413,0,0,0,3,2,3,0,3
523,2784,./side_view_dataset_videos/5.mov,Left,156.44,406,20.71,165,176,91,54,176,-0.4098,0.9717,-0.0693,0.7058,-0.4126,-0.1167,0.7058,0.0392,0.0355,0,0,1,2,3,3,0,3
524,2799,./side_view_dataset_videos/5.mov,Right,150.43,393,22.58,171,171,100,53,179,-0.2093,0.8698,0.1846,0.7049,-0.2193,-0.102,0.7049,0.018,-0.0495,0,0,0,1,3,2,0,3
525,2807,./side_view_dataset_videos/5.mov,Left,159.44,413,21.23,164,171,77,57,176,-0.4047,1.0351,-0.0706,0.7146,-0.4029,-0.1152,0.7146,0.0492,0.0448,0,0,0,3,3,3,1,3
526,2823,./side_view_dataset_videos/5.mov,Right,154.24,393,21.48,178,178,98,53,178,-0.1726,0.8808,0.2062,0.6634,-0.1929,-0.0997,0.6634,0.038,-0.0659,0,0,0,0,3,3,0,3
527,2831,./side_view_dataset_videos/5.mov,Left,166.52,413,19.92,166,169,87,54,178,-0.3914,0.9272,-0.0297,0.6989,-0.3851,-0.1141,0.6989,0.0437,-0.0537,1,0,1,2,3,3,0,3
528,2846,./side_view_dataset_videos/5.mov,Right,160.52,366,19.94,175,175,122,54,178,-0.1743,1.0203,0.1827,0.6836,-0.1855,-0.0903,0.6836,0.0327,0.0067,1,0,1,0,3,0,0,3
529,2854,./side_view_dataset_videos/5.mov,Left,181.52,386,20.24,165,166,83,55,176,-0.3944,0.9673,-0.0709,0.6723,-0.39,-0.1159,0.6723,0.0304,0.0217,3,0,1,2,3,3,1,3
530,2865,./side_view_dataset_videos/5.mov,Right,169.24,359,20.36,160,177,108,52,178,-0.4473,1.182,-0.0967,0.7497,-0.4491,-0.1157,0.7497,0.0256,0.0572,1,0,1,3,3,2,0,3
531,2877,./side_view_dataset_videos/5.mov,Left,176.74,393,18.4,162,162,82,53,176,-0.3861,0.9757,-0.0697,0.666,-0.3769,-0.1175,0.666,0.0086,0.0009,2,0,1,3,2,3,0,3
532,2890,./side_view_dataset_videos/5.mov,Right,159.44,373,19.02,160,160,62,55,177,-0.4967,1.111,-0.0903,0.8378,-0.4924,-0.1088,0.8378,0.0407,0.0858,0,0,1,3,2,2,1,3
533,2902,./side_view_dataset_videos/5.mov,Left,165.44,399,18.83,169,169,85,57,176,-0.3952,0.9834,-0.0495,0.7083,-0.3847,-0.1163,0.7083,0.0235,0.0297,1,0,1,2,3,3,1,3
534,2914,./side_view_dataset_videos/5.mov,Right,150.43,406,18.49,160,166,75,59,177,-0.4598,1.1369,-0.075,0.8038,-0.4518,-0.1172,0.8038,0.0447,0.0873,0,0,1,3,3,3,1,3
535,2926,./side_view_dataset_videos/5.mov,Left,147.71,399,20.75,166,166,77,55,174,-0.4461,0.9869,-0.0981,0.758,-0.4533,-0.1209,0.758,0.0263,0.0374,0,0,1,2,3,3,1,3
536,2937,./side_view_dataset_videos/5.mov,Right,150.43,406,20.96,158,163,60,53,178,-0.4859,1.17,-0.1443,0.7561,-0.4628,-0.1094,0.7561,0.0088,0.097,0,0,1,3,2,2,0,3
537,2951,./side_view_dataset_videos/5.mov,Left,148.46,399,23.51,168,168,62,53,174,-0.4874,1.1095,-0.1223,0.8084,-0.4915,-0.1149,0.8084,0.0522,0.0938,0,0,0,2,3,2,0,3
538,2962,./side_view_dataset_videos/5.mov,Right,151.18,413,22.74,161,162,75,52,178,-0.4212,1.2375,-0.1029,0.7345,-0.389,-0.1177,0.7345,0.0028,0.0204,0,0,0,3,2,3,0,3
539,2976,./side_view_dataset_videos/5.mov,Left,146.9,419,23.99,168,168,84,60,173,-0.4354,1.0666,-0.1024,0.7889,-0.4595,-0.1086,0.7889,0.0957,0.2193,0,0,0,2,3,3,2,3
540,2989,./side_view_dataset_videos/5.mov,Right,144.59,433,23.45,159,166,57,53,179,-0.4901,1.0152,-0.1399,0.7707,-0.4687,-0.1093,0.7707,-0.0089,0.0147,0,0,0,3,3,1,0,3
541,3002,./side_view_dataset_videos/5.mov,Left,139.55,426,21.54,170,170,62,55,174,-0.4449,1.0176,-0.119,0.7564,-0.454,-0.1034,0.7564,0.0826,0.1454,0,0,0,1,3,2,1,3
542,3015,./side_view_dataset_videos/5.mov,Right,141.53,426,21.88,156,162,62,52,179,-0.4606,1.0591,-0.0968,0.7758,-0.4515,-0.1102,0.7758,0.0072,0.1135,0,0,0,3,2,2,0,3
543,3026,./side_view_dataset_videos/5.mov,Left,141.53,413,21.4,167,167,71,55,175,-0.4076,1.0994,-0.0806,0.7081,-0.4045,-0.1128,0.7081,0.0402,0.083,0,0,0,2,3,3,1,3
544,3038,./side_view_dataset_videos/5.mov,Right,145.82,406,20.85,160,163,92,54,177,-0.4336,1.1164,-0.0798,0.7304,-0.4245,-0.126,0.7304,0.0358,-0.0006,0,0,1,3,2,3,0,3
545,3050,./side_view_dataset_videos/5.mov,Left,148.13,393,20.27,166,166,106,53,177,-0.3899,0.9761,-0.0535,0.693,-0.3862,-0.1138,0.693,0.0446,-0.0031,0,0,1,2,3,2,0,3
546,3061,./side_view_dataset_videos/5.mov,Right,153.16,386,20.8,161,162,96,51,178,-0.4118,1.1535,0.01,0.7494,-0.4168,-0.1207,0.7494,0.0238,-0.0008,0,0,1,3,2,3,0,3
547,3073,./side_view_dataset_videos/5.mov,Left,155.47,393,18.22,165,167,102,58,175,-0.3887,0.9368,-0.028,0.7116,-0.3903,-0.1141,0.7116,0.0091,-0.0155,0,0,1,2,3,2,1,3
548,3085,./side_view_dataset_videos/5.mov,Right,152.74,393,21.35,165,165,58,56,177,-0.4376,1.1294,-0.0343,0.7621,-0.4414,-0.1092,0.7621,0.0539,0.0839,0,0,0,2,3,1,1,3
549,3097,./side_view_dataset_videos/5.mov,Left,152.74,386,21.52,165,167,90,57,176,-0.4076,0.8598,-0.0418,0.7047,-0.3898,-0.1093,0.7047,-0.0102,-0.0377,0,0,0,2,3,3,1,3
550,3108,./side_view_dataset_videos/5.mov,Right,155.47,393,23.24,157,158,119,47,178,-0.2668,1.2056,0.0674,0.7521,-0.277,-0.1393,0.7521,0.0385,0.0866,0,0,0,3,2,1,0,3
551,3120,./side_view_dataset_videos/5.mov,Left,152.74,386,22.45,163,164,83,54,176,-0.3892,1.0071,-0.0521,0.703,-0.3819,-0.1179,0.703,0.0289,-0.0258,0,0,0,3,2,3,0,3
552,3131,./side_view_dataset_videos/5.mov,Right,155.47,393,22.22,160,160,100,54,177,-0.421,1.1055,-0.0886,0.7216,-0.423,-0.1252,0.7216,0.0502,0.0484,0,0,0,3,2,2,0,3
553,3144,./side_view_dataset_videos/5.mov,Left,153.16,386,20.78,162,162,97,51,177,-0.3759,1.0023,-0.0279,0.7183,-0.3727,-0.1191,0.7183,0.0579,-0.0092,0,0,1,3,2,3,0,3
554,3155,./side_view_dataset_videos/5.mov,Right,155.89,399,20.33,158,159,88,54,176,-0.457,1.0969,-0.0966,0.7618,-0.4456,-0.1108,0.7618,0.0436,0.0156,0,0,1,3,2,3,0,3
555,3168,./side_view_dataset_videos/5.mov,Left,150.85,399,18.1,165,167,72,57,178,-0.4739,1.0517,-0.131,0.7771,-0.4718,-0.1138,0.7771,0.0911,0.117,0,0,1,2,3,3,1,3
556,3180,./side_view_dataset_videos/5.mov,Right,150.85,406,17.72,160,162,81,51,175,-0.4442,0.9896,-0.0851,0.7492,-0.4395,-0.1116,0.7492,0.0729,0.0443,0,0,2,3,2,3,0,3
557,3192,./side_view_dataset_videos/5.mov,Left,148.13,399,17.41,163,167,84,53,178,-0.4068,0.9747,-0.0764,0.686,-0.3958,-0.1189,0.686,0.068,0.0227,0,0,2,3,3,3,0,3
558,3204,./side_view_dataset_videos/5.mov,Right,150.43,406,18.62,161,161,84,52,178,-0.4483,1.1267,-0.0602,0.822,-0.4383,-0.1129,0.822,0.0196,0.1188,0,0,1,3,2,3,0,3
559,3216,./side_view_dataset_videos/5.mov,Left,147.71,399,16.22,166,166,86,56,177,-0.3919,0.9827,-0.0668,0.6943,-0.3851,-0.1124,0.6943,0.0376,0.0207,0,0,2,2,3,3,1,3
560,3228,./side_view_dataset_videos/5.mov,Right,150.02,399,18.1,159,159,77,51,178,-0.4118,1.1105,0.0184,0.7768,-0.41,-0.1168,0.7768,0.03,0.0827,0,0,1,3,2,3,0,3
561,3240,./side_view_dataset_videos/5.mov,Left,150.02,393,16.47,165,165,87,53,176,-0.393,1.0297,-0.0533,0.7058,-0.381,-0.1161,0.7058,0.0427,0.0362,0,0,2,2,3,3,0,3
562,3251,./side_view_dataset_videos/5.mov,Right,152.74,399,16.91,157,159,52,51,177,-0.4289,1.1261,-0.0964,0.7812,-0.4211,-0.1131,0.7812,0.0376,0.0959,0,0,2,3,2,1,0,3
563,3264,./side_view_dataset_videos/5.mov,Left,150.43,399,18.2,165,165,93,58,175,-0.4057,1.0052,-0.0544,0.7522,-0.4125,-0.1134,0.7522,0.0443,0.0461,0,0,1,2,3,3,1,3
564,3276,./side_view_dataset_videos/5.mov,Right,150.43,393,18.14,159,160,55,53,176,-0.4029,1.0794,0.0031,0.7884,-0.3963,-0.1163,0.7884,0.0563,0.0513,0,0,1,3,2,1,0,3
565,3287,./side_view_dataset_videos/5.mov,Left,153.16,393,15.75,165,165,78,57,177,-0.398,1.0924,-0.0931,0.6935,-0.3878,-0.1141,0.6935,0.0794,0.071,0,0,2,2,3,3,1,3
566,3299,./side_view_dataset_videos/5.mov,Right,153.16,386,16.62,160,160,68,54,176,-0.4504,1.0861,-0.0595,0.7836,-0.4631,-0.1126,0.7836,0.073,0.0635,0,0,2,3,2,2,0,3
567,3309,./side_view_dataset_videos/5.mov,Left,156.44,386,17.02,165,166,70,55,178,-0.4256,1.1132,-0.1418,0.6458,-0.4139,-0.0972,0.6458,0.0578,0.0241,0,0,2,2,3,3,1,3
568,3322,./side_view_dataset_videos/5.mov,Right,156.44,386,19.46,160,160,83,51,176,-0.4484,1.1591,-0.0736,0.7925,-0.4476,-0.1151,0.7925,0.0631,0.1246,0,0,1,3,2,3,0,3
569,3334,./side_view_dataset_videos/5.mov,Left,156.44,419,18.91,166,167,86,54,178,-0.3965,0.9944,-0.0883,0.6638,-0.3741,-0.1162,0.6638,0.0322,-0.0192,0,0,1,2,3,3,0,3
570,3350,./side_view_dataset_videos/5.mov,Right,146.21,393,20.44,160,164,83,50,179,-0.1689,0.9724,0.2004,0.6923,-0.1807,-0.0992,0.6923,0.0123,-0.0975,0,0,1,3,2,3,0,3
571,3358,./side_view_dataset_videos/5.mov,Left,161.21,399,18.17,167,167,105,51,177,-0.3973,0.9344,-0.0404,0.7279,-0.3961,-0.11,0.7279,0.0499,0.0301,1,0,1,2,3,2,0,3
572,3369,./side_view_dataset_videos/5.mov,Right,157.94,386,19.79,164,164,98,53,178,-0.4318,1.0794,-0.0083,0.7206,-0.433,-0.1202,0.7206,0.0257,0.0358,0,0,1,3,2,3,0,3
573,3380,./side_view_dataset_videos/5.mov,Left,162.97,379,19.68,165,165,76,51,176,-0.3905,1.028,-0.0553,0.6855,-0.3835,-0.1121,0.6855,0.0271,-0.0053,1,0,1,2,3,3,0,3
574,3391,./side_view_dataset_videos/5.mov,Right,165.7,353,19.39,161,161,103,56,178,-0.4516,1.0937,-0.0478,0.72,-0.4571,-0.1135,0.72,0.0307,0.0643,1,0,1,3,2,2,1,3
575,3403,./side_view_dataset_videos/5.mov,Left,173.2,373,19.78,167,179,80,56,177,-0.3893,0.9446,-0.0396,0.7109,-0.3858,-0.1139,0.7109,0.0262,-0.0138,2,0,1,2,3,3,1,3
576,3414,./side_view_dataset_videos/5.mov,Right,160.93,373,21.86,163,163,116,56,178,-0.3837,1.103,0.0652,0.7529,-0.3972,-0.1359,0.7529,0.0319,0.0496,1,0,0,3,2,1,1,3
577,3425,./side_view_dataset_videos/5.mov,Left,160.93,479,21.88,166,168,62,58,176,-0.364,1.0149,-0.0395,0.6928,-0.3566,-0.1148,0.6928,0.0194,0.0347,1,0,0,2,3,2,1,3
578,3452,./side_view_dataset_videos/5.mov,Right,141.53,439,21.58,163,163,68,57,175,-0.1654,1.3843,0.0294,0.7033,-0.1557,-0.0184,0.7033,0.0653,0.1037,0,0,0,3,2,2,1,3
579,3463,./side_view_dataset_videos/5.mov,Left,141.53,399,20.69,178,178,88,55,179,-0.1184,1.3653,0.0412,0.6885,-0.0992,-0.008,0.6885,0.0067,-0.0135,0,0,1,0,3,3,1,3
580,3475,./side_view_dataset_videos/5.mov,Right,141.53,359,19.96,169,169,65,55,176,-0.201,1.3695,-0.0042,0.7021,-0.192,-0.022,0.7021,0.0563,0.0877,0,0,1,2,3,2,1,3
581,3486,./side_view_dataset_videos/5.mov,Left,141.53,319,20.1,174,174,78,54,178,-0.1152,1.363,0.0206,0.6791,-0.0937,-0.0184,0.6791,0.0252,0.0821,0,0,1,1,3,3,0,3
582,3498,./side_view_dataset_videos/5.mov,Right,138.8,173,20.22,162,162,64,55,177,-0.2251,1.367,-0.0252,0.718,-0.2007,-0.0251,0.718,0.0206,0.0854,0,3,1,3,2,2,1,3
583,3507,./side_view_dataset_videos/5.mov,Left,165.47,186,20.64,179,179,127,50,179,0.0056,1.4175,0.0749,0.7646,0.0242,-0.0095,0.7646,-0.0325,-0.0608,1,3,1,0,3,0,0,3
584,3520,./side_view_dataset_videos/5.mov,Right,160.44,213,19.7,164,175,67,56,176,-0.1405,1.4284,0.0755,0.7237,-0.1345,-0.0169,0.7237,0.0508,0.1222,1,3,1,3,3,2,1,3
585,3532,./side_view_dataset_videos/5.mov,Left,160.44,206,20.32,171,171,87,51,178,-0.114,1.3952,0.0036,0.7005,-0.0947,-0.015,0.7005,0.0238,0.0501,1,3,1,1,3,3,0,3
586,3542,./side_view_dataset_videos/5.mov,Right,163.71,219,21.33,167,167,110,53,179,-0.0574,1.503,0.1331,0.7355,-0.0394,-0.014,0.7355,-0.0242,0.043,1,3,0,2,3,2,0,3
587,3555,./side_view_dataset_videos/5.mov,Left,161.4,219,21.15,175,175,82,52,179,-0.1332,1.3705,0.0059,0.6988,-0.1246,-0.0108,0.6988,0.0462,0.0607,1,3,0,0,3,3,0,3
588,3566,./side_view_dataset_videos/5.mov,Right,154.13,213,21.48,164,164,83,55,179,-0.1271,1.3751,0.0796,0.6608,-0.1167,-0.0165,0.6608,0.0065,0.0769,0,3,0,3,2,3,1,3
589,3577,./side_view_dataset_videos/5.mov,Left,159.16,193,21.57,172,172,87,56,179,-0.0955,1.2975,0.034,0.684,-0.0851,-0.01,0.684,-0.0216,-0.06,0,3,0,1,3,3,1,3
590,3590,./side_view_dataset_videos/5.mov,Right,156.85,199,21.42,162,162,62,54,176,-0.2142,1.3661,-0.0314,0.6948,-0.1921,-0.0187,0.6948,0.0363,0.0839,0,3,0,3,2,2,0,3
591,3598,./side_view_dataset_videos/5.mov,Left,165.86,206,23.84,163,166,113,50,179,0.0533,1.4872,0.0961,0.7973,0.0663,-0.0065,0.7973,-0.0769,-0.0851,1,3,0,3,3,2,0,3
592,3612,./side_view_dataset_videos/5.mov,Right,163.88,213,22.58,163,163,83,55,176,-0.1718,1.3562,0.0343,0.6996,-0.1585,-0.0194,0.6996,0.0414,0.1616,1,3,0,3,2,3,1,3
593,3622,./side_view_dataset_videos/5.mov,Left,167.15,219,23.14,169,169,127,55,179,-0.049,1.3821,0.0618,0.7128,-0.0308,-0.0103,0.7128,-0.0362,-0.0524,1,3,0,2,3,0,1,3
594,3633,./side_view_dataset_videos/5.mov,Right,167.15,219,25.56,165,165,106,56,179,0.0018,1.5043,0.1724,0.7397,0.0226,-0.013,0.7397,-0.0252,0.0278,1,3,0,2,3,2,1,3
595,3646,./side_view_dataset_videos/5.mov,Left,167.15,219,22.3,174,174,86,54,179,-0.1047,1.3718,0.0151,0.6763,-0.0767,-0.0083,0.6763,-0.0073,-0.0031,1,3,0,1,3,3,0,3
596,3658,./side_view_dataset_videos/5.mov,Right,152.15,199,22.18,168,168,62,53,177,-0.218,1.3452,-0.018,0.6862,-0.1911,-0.0196,0.6862,0.0119,0.0745,0,3,0,2,3,2,0,3
597,3669,./side_view_dataset_videos/5.mov,Left,159.16,193,22.55,169,169,84,51,179,-0.1367,1.2744,0.0006,0.6466,-0.1105,-0.0207,0.6466,-0.0046,0.0177,0,3,0,2,3,3,0,3
598,3680,./side_view_dataset_videos/5.mov,Right,155.89,186,20.89,165,165,76,50,178,-0.158,1.3542,0.0431,0.6833,-0.1465,-0.018,0.6833,0.0184,0.0782,0,3,1,2,3,3,0,3
599,3690,./side_view_dataset_videos/5.mov,Left,159.16,186,21.83,173,173,120,52,179,0.0072,1.3846,0.1127,0.7297,0.0277,-0.0073,0.7297,-0.0503,-0.034,0,3,0,1,3,0,0,3
600,3703,./side_view_dataset_videos/5.mov,Right,159.16,193,21.59,168,168,70,49,176,-0.1896,1.3986,0.0167,0.7093,-0.1741,-0.0168,0.7093,0.044,0.0995,0,3,0,2,3,3,0,3
601,3713,./side_view_dataset_videos/5.mov,Left,165.16,206,21.64,178,178,110,52,178,-0.0955,1.3492,0.042,0.7169,-0.0788,-0.0083,0.7169,-0.0294,-0.0215,1,3,0,0,3,2,0,3
602,3726,./side_view_dataset_videos/5.mov,Right,160.13,206,21.07,163,163,70,52,179,-0.2346,1.4167,-0.041,0.7294,-0.2001,-0.0203,0.7294,-0.0394,0.0582,1,3,0,3,2,3,0,3
603,3736,./side_view_dataset_videos/5.mov,Left,163.4,206,21.47,168,168,94,48,177,-0.0978,1.3805,0.0387,0.7262,-0.1,-0.0088,0.7262,0.0063,-0.0058,1,3,0,2,3,3,0,3
604,3748,./side_view_dataset_videos/5.mov,Right,157.4,199,20.2,161,161,81,55,178,-0.1696,1.4104,0.0409,0.7161,-0.1539,-0.0187,0.7161,0.0169,0.1213,0,3,1,3,2,3,1,3
605,3758,./side_view_dataset_videos/5.mov,Left,165.71,206,20.41,168,168,128,54,178,-0.0112,1.3903,0.111,0.7419,0.0014,-0.0099,0.7419,-0.0318,-0.0433,1,3,1,2,3,0,0,3
606,3769,./side_view_dataset_videos/5.mov,Right,162.44,213,19.36,164,164,87,52,177,0.03,1.5338,0.1548,0.7643,0.0442,-0.0108,0.7643,-0.0662,-0.0952,1,3,1,3,2,3,0,3
607,3783,./side_view_dataset_videos/5.mov,Left,160.46,213,19.0,170,170,89,51,179,-0.1215,1.4344,0.0407,0.7048,-0.1131,-0.0176,0.7048,0.027,0.026,1,3,1,1,3,3,0,3
608,3795,./side_view_dataset_videos/5.mov,Right,154.46,206,18.87,161,162,64,55,176,-0.2054,1.4148,-0.0039,0.7308,-0.1811,-0.0192,0.7308,0.0376,0.1057,0,3,1,3,2,2,1,3
609,3806,./side_view_dataset_videos/5.mov,Left,157.18,199,21.46,175,175,78,54,179,-0.1265,1.4238,0.0383,0.7289,-0.1167,-0.0104,0.7289,0.0251,-0.0003,0,3,0,0,3,3,0,3
610,3818,./side_view_dataset_videos/5.mov,Right,151.18,186,20.64,162,162,73,57,176,-0.2086,1.4399,0.0101,0.7374,-0.194,-0.0176,0.7374,0.0573,0.1281,0,3,1,3,2,3,1,3
611,3829,./side_view_dataset_videos/5.mov,Left,151.18,166,20.94,178,178,85,52,178,-0.1191,1.3825,0.0446,0.7344,-0.0971,-0.0077,0.7344,0.0255,0.0205,0,3,1,0,3,3,0,3
612,3840,./side_view_dataset_videos/5.mov,Right,158.2,179,21.45,162,164,107,53,178,-0.1013,1.4179,0.137,0.6786,-0.088,-0.0203,0.6786,0.0209,0.0473,0,3,0,3,2,2,0,3
613,3851,./side_view_dataset_videos/5.mov,Left,160.93,193,20.77,177,177,107,56,178,-0.0257,1.3908,0.1001,0.728,-0.0114,-0.0092,0.728,-0.0255,-0.0157,1,3,1,0,3,2,1,3
614,3864,./side_view_dataset_videos/5.mov,Right,155.89,193,20.91,164,164,65,56,176,-0.187,1.4061,0.0163,0.7165,-0.1707,-0.0192,0.7165,0.0376,0.1199,0,3,1,3,2,2,1,3
615,3875,./side_view_dataset_videos/5.mov,Left,158.62,199,23.31,174,174,87,53,178,-0.111,1.3358,0.0561,0.7148,-0.0871,-0.0084,0.7148,-0.0199,-0.0108,0,3,0,1,3,3,0,3
616,23,./side_view_dataset_videos/6.mov,Left,0,320,16.54,156,156,112,79,178,0.9832,1.0397,0.2886,0.8331,0.9448,-0.0885,0.8331,-0.0558,-0.0267,0,0,2,3,2,2,2,3
617,42,./side_view_dataset_videos/6.mov,Right,187.2,185,20.44,156,156,105,74,176,0.8165,1.063,0.2844,0.7091,0.8251,-0.0466,0.7091,-0.0674,-0.0611,3,3,1,3,2,2,3,3
618,61,./side_view_dataset_videos/6.mov,Left,187.2,146,17.34,157,157,99,70,179,0.9613,1.1334,0.3148,0.7914,0.918,-0.0956,0.7914,-0.0634,-0.0307,3,3,2,3,2,3,3,3
619,83,./side_view_dataset_videos/6.mov,Right,178.7,189,19.4,169,169,83,77,174,0.913,0.7973,0.2604,0.7326,0.9221,-0.0608,0.7326,-0.0925,0.034,2,3,1,2,3,3,2,3
620,102,./side_view_dataset_videos/6.mov,Left,180.82,168,18.84,158,158,114,67,178,0.9617,1.0434,0.3042,0.8024,0.9407,-0.0964,0.8024,-0.101,-0.0701,3,3,1,3,2,2,3,3
621,123,./side_view_dataset_videos/6.mov,Right,178.53,168,18.48,157,157,108,73,174,0.8888,0.7215,0.2482,0.7771,0.8926,-0.0691,0.7771,-0.0923,-0.0584,2,3,1,3,2,2,3,3
622,142,./side_view_dataset_videos/6.mov,Left,178.53,219,18.86,158,161,106,67,179,1.0048,1.0008,0.2879,0.7911,1.0076,-0.0914,0.7911,-0.0813,-0.0341,2,3,1,3,2,2,3,3
623,160,./side_view_dataset_videos/6.mov,Right,180.61,215,17.37,161,161,83,77,175,0.9302,1.0942,0.3257,0.626,0.9492,-0.0347,0.626,-0.0918,-0.0956,3,3,2,3,2,3,2,3
624,180,./side_view_dataset_videos/6.mov,Left,183.85,165,16.18,163,163,102,70,179,0.9864,1.1016,0.3319,0.8024,0.9675,-0.0925,0.8024,-0.0564,-0.0054,3,3,2,3,2,2,3,3
625,200,./side_view_dataset_videos/6.mov,Right,181.97,165,18.74,160,160,92,76,173,0.8476,0.9609,0.261,0.7886,0.8573,-0.0277,0.7886,-0.1204,-0.0678,3,3,1,3,2,3,2,3
626,220,./side_view_dataset_videos/6.mov,Left,183.67,111,18.63,159,159,114,66,178,0.9929,1.0344,0.3129,0.82,0.9753,-0.0801,0.82,-0.0762,-0.0666,3,3,1,3,2,2,3,3
627,239,./side_view_dataset_videos/6.mov,Right,183.67,111,20.59,156,156,84,74,174,0.8626,0.8776,0.2424,0.765,0.8625,-0.0672,0.765,-0.0907,-0.0103,3,3,1,3,2,3,3,3
628,257,./side_view_dataset_videos/6.mov,Left,183.67,114,15.11,156,156,117,69,179,0.9651,1.1255,0.2478,0.7492,0.9786,-0.0947,0.7492,-0.0795,-0.0738,3,3,2,3,2,1,3,3
629,278,./side_view_dataset_videos/6.mov,Right,181.97,118,20.59,158,158,93,74,174,0.8442,0.9552,0.2657,0.7639,0.8503,-0.0384,0.7639,-0.0946,-0.0617,3,3,1,3,2,3,3,3
630,298,./side_view_dataset_videos/6.mov,Left,181.97,165,19.28,157,157,122,69,175,0.9681,1.0283,0.2921,0.8209,0.9285,-0.091,0.8209,-0.0501,-0.0672,3,3,1,3,2,0,3,3
631,317,./side_view_dataset_videos/6.mov,Right,183.85,219,17.88,159,159,74,76,176,0.8647,0.901,0.2467,0.7799,0.8526,-0.0543,0.7799,-0.052,0.005,3,3,2,3,2,3,2,3
632,336,./side_view_dataset_videos/6.mov,Left,183.85,168,16.33,162,162,117,72,178,0.982,1.1519,0.2774,0.7379,0.9738,-0.0968,0.7379,-0.0672,-0.0521,3,3,2,3,2,1,3,3
633,357,./side_view_dataset_videos/6.mov,Right,178.2,219,17.01,174,174,95,75,173,0.8848,0.8046,0.2326,0.7838,0.8816,-0.0737,0.7838,-0.0991,0.0271,2,3,2,1,3,3,2,3
634,376,./side_view_dataset_videos/6.mov,Left,181.77,269,16.63,159,159,118,73,179,0.9999,0.9645,0.3082,0.7767,0.9918,-0.088,0.7767,-0.1238,-0.1204,3,3,2,3,2,1,3,3
635,396,./side_view_dataset_videos/6.mov,Right,181.77,273,19.48,159,159,79,76,174,0.9065,0.8588,0.2847,0.7728,0.9037,-0.0379,0.7728,-0.0948,-0.0186,3,2,1,3,2,3,2,3
636,416,./side_view_dataset_videos/6.mov,Left,179.89,266,19.2,155,155,122,68,176,0.9761,0.9851,0.3006,0.8139,0.9391,-0.0879,0.8139,-0.0488,-0.0948,2,3,1,3,2,0,3,3
637,433,./side_view_dataset_videos/6.mov,Right,184.3,269,20.21,156,156,90,73,175,0.8579,1.0975,0.269,0.7247,0.8671,-0.0349,0.7247,-0.0836,-0.0847,3,3,1,3,2,3,3,3
638,454,./side_view_dataset_videos/6.mov,Left,184.3,219,18.38,156,156,118,71,179,0.9071,1.1446,0.2935,0.8307,0.8855,-0.0925,0.8307,-0.0915,-0.0842,3,3,1,3,2,1,3,3
639,10,./side_view_dataset_videos/7.mov,Left,0,459,14.19,178,178,116,36,179,-0.1436,1.2694,0.0808,0.7081,-0.1429,-0.0205,0.7081,-0.0231,-0.0922,0,0,3,0,3,1,0,3
640,23,./side_view_dataset_videos/7.mov,Right,130.64,370,19.05,167,178,66,49,177,-0.1242,1.0803,0.0463,0.6539,-0.1157,-0.0603,0.6539,0.0364,0.0498,0,0,1,2,3,2,0,3
641,31,./side_view_dataset_videos/7.mov,Left,171.46,353,19.45,171,171,113,44,179,-0.0453,1.3359,0.0985,0.761,-0.0401,-0.0197,0.761,-0.0259,-0.0988,2,0,1,1,3,2,0,3
642,43,./side_view_dataset_videos/7.mov,Right,161.48,344,19.25,163,171,69,47,178,-0.1506,1.0961,0.1185,0.6545,-0.1403,-0.0731,0.6545,0.0195,0.0452,1,0,1,3,3,2,0,3
643,52,./side_view_dataset_videos/7.mov,Left,168.29,332,19.84,169,169,54,48,179,-0.0953,1.2869,0.1266,0.7155,-0.1061,-0.0221,0.7155,-0.0227,-0.044,1,0,1,2,3,1,0,3
644,64,./side_view_dataset_videos/7.mov,Right,162.93,296,16.8,168,168,64,52,178,-0.2045,1.2635,-0.0213,0.6992,-0.1884,-0.0163,0.6992,0.0185,0.0542,1,1,2,2,3,2,0,3
645,73,./side_view_dataset_videos/7.mov,Left,174.54,289,18.12,175,175,86,50,179,-0.1057,1.2676,0.0644,0.718,-0.1089,-0.0208,0.718,0.0202,0.0306,2,1,1,0,3,3,0,3
646,82,./side_view_dataset_videos/7.mov,Right,169.83,303,18.1,161,176,79,56,179,-0.2269,0.9622,0.1355,0.7354,-0.2117,-0.1407,0.7354,-0.0327,-0.0429,1,0,1,3,3,3,1,3
647,93,./side_view_dataset_videos/7.mov,Left,172.4,289,18.68,176,176,86,48,179,-0.1,1.2949,0.0927,0.7313,-0.1103,-0.0185,0.7313,0.0258,-0.0497,2,1,1,0,3,3,0,3
648,104,./side_view_dataset_videos/7.mov,Right,165.54,296,17.11,159,177,73,58,177,-0.1408,1.0709,0.1663,0.654,-0.1351,-0.0593,0.654,0.045,0.1001,1,1,2,3,3,3,1,3
649,113,./side_view_dataset_videos/7.mov,Left,174.97,289,18.23,174,174,92,52,179,-0.0638,1.3117,0.0609,0.726,-0.0633,-0.0115,0.726,-0.0042,-0.0628,2,1,1,1,3,3,0,3
650,122,./side_view_dataset_videos/7.mov,Right,174.97,317,17.71,164,177,96,53,177,-0.2444,0.9838,0.152,0.736,-0.2359,-0.066,0.736,-0.0466,-0.0947,2,0,2,3,3,3,0,3
651,133,./side_view_dataset_videos/7.mov,Left,168.11,296,17.67,167,168,160,50,179,0.0399,1.3547,0.0934,0.8077,0.0383,-0.0091,0.8077,-0.0271,-0.0895,1,1,2,2,3,0,0,3
652,144,./side_view_dataset_videos/7.mov,Right,168.11,317,18.61,163,178,112,57,179,-0.156,0.9521,0.1585,0.729,-0.1389,-0.1059,0.729,-0.0277,0.025,1,0,1,3,3,2,1,3
653,154,./side_view_dataset_videos/7.mov,Left,171.2,317,18.71,168,168,115,49,179,-0.1143,1.3055,0.1002,0.756,-0.1192,-0.0215,0.756,-0.006,-0.0252,2,0,1,2,3,1,0,3
654,167,./side_view_dataset_videos/7.mov,Right,159.59,332,17.67,167,178,62,55,176,-0.2018,1.2324,-0.0195,0.6802,-0.191,-0.0165,0.6802,0.0571,0.1005,0,0,2,2,3,2,1,3
655,176,./side_view_dataset_videos/7.mov,Left,159.59,303,18.61,177,177,108,53,178,-0.085,1.2758,0.0268,0.7104,-0.085,-0.0145,0.7104,0.0009,-0.05,0,0,1,0,3,2,0,3
656,188,./side_view_dataset_videos/7.mov,Right,157.01,317,18.65,168,171,57,51,176,-0.2152,1.2663,-0.0255,0.698,-0.1992,-0.0291,0.698,0.0435,0.0947,0,0,1,2,3,1,0,3
657,198,./side_view_dataset_videos/7.mov,Left,160.1,282,18.86,171,171,69,54,178,-0.192,1.332,-0.0314,0.7193,-0.1848,-0.0443,0.7193,0.0441,0.0453,1,2,1,1,3,2,0,3
658,208,./side_view_dataset_videos/7.mov,Right,160.1,289,18.88,161,164,66,56,178,-0.1523,1.0821,0.1407,0.661,-0.1506,-0.0551,0.661,0.0319,0.085,1,1,1,3,2,2,1,3
659,218,./side_view_dataset_videos/7.mov,Left,167.94,261,19.78,174,174,82,53,179,-0.1299,1.3735,0.0173,0.6978,-0.1319,-0.0111,0.6978,0.0343,0.0171,1,3,1,1,3,3,0,3
660,229,./side_view_dataset_videos/7.mov,Right,161.08,275,18.92,164,178,70,55,177,-0.1685,1.2071,0.0095,0.6511,-0.1574,-0.0122,0.6511,0.0376,0.0662,1,2,1,3,3,3,1,3
661,238,./side_view_dataset_videos/7.mov,Left,170.51,254,19.76,168,168,125,51,177,-0.0632,1.3088,0.0504,0.7167,-0.0631,-0.0165,0.7167,0.0141,-0.0283,2,3,1,2,3,0,0,3
662,248,./side_view_dataset_videos/7.mov,Right,170.51,296,22.0,162,171,99,56,179,-0.148,1.0339,0.164,0.7198,-0.1395,-0.1075,0.7198,-0.006,-0.0353,2,1,0,3,3,3,1,3
663,259,./side_view_dataset_videos/7.mov,Left,167.43,289,22.06,170,170,84,50,179,-0.1158,1.2604,0.0957,0.7436,-0.1155,-0.0239,0.7436,-0.0208,-0.0634,1,1,0,1,3,3,0,3
664,271,./side_view_dataset_videos/7.mov,Right,161.76,317,21.26,169,174,66,58,177,-0.12,0.905,0.1768,0.6438,-0.1198,-0.0885,0.6438,0.0439,0.0705,1,0,0,2,3,2,1,3
665,280,./side_view_dataset_videos/7.mov,Left,168.63,303,21.33,166,166,120,50,179,-0.0964,1.282,0.0658,0.7304,-0.0927,-0.0111,0.7304,-0.0049,-0.1132,1,0,0,2,3,0,0,3
666,293,./side_view_dataset_videos/7.mov,Right,157.01,310,20.42,167,179,55,57,176,-0.2147,1.251,-0.0278,0.6955,-0.2026,-0.023,0.6955,0.0523,0.0984,0,0,1,2,3,1,1,3
667,301,./side_view_dataset_videos/7.mov,Left,165.51,289,20.06,170,170,98,49,178,-0.0392,1.2906,0.0779,0.7253,-0.0367,-0.0165,0.7253,-0.0209,-0.0518,1,1,1,1,3,3,0,3
668,313,./side_view_dataset_videos/7.mov,Right,162.93,303,20.39,163,163,77,52,177,-0.0879,0.9827,0.1696,0.6507,-0.0797,-0.103,0.6507,0.0319,0.0492,1,0,1,3,2,3,0,3
669,324,./side_view_dataset_videos/7.mov,Left,165.51,282,22.98,177,177,102,52,179,-0.1267,1.2346,0.0136,0.6692,-0.1139,-0.0318,0.6692,0.0128,0.0567,1,2,0,0,3,2,0,3
670,335,./side_view_dataset_videos/7.mov,Right,158.64,289,22.42,174,178,66,59,177,-0.2096,1.278,-0.0189,0.7007,-0.194,-0.0167,0.7007,0.0364,0.0758,0,1,0,1,3,2,1,3
671,343,./side_view_dataset_videos/7.mov,Left,174.97,289,22.34,167,167,123,51,179,-0.0456,1.2541,0.0876,0.7058,-0.0355,-0.0194,0.7058,-0.0207,-0.0546,2,1,0,2,3,0,0,3
672,356,./side_view_dataset_videos/7.mov,Right,158.64,296,24.23,171,171,61,55,176,-0.1426,1.148,0.0196,0.6568,-0.129,-0.0236,0.6568,0.0501,0.0883,0,1,0,1,3,2,1,3
673,365,./side_view_dataset_videos/7.mov,Left,168.08,268,24.7,178,178,104,50,178,-0.025,1.278,0.0785,0.7066,-0.0226,-0.014,0.7066,0.0022,-0.0553,1,3,0,0,3,2,0,3
674,377,./side_view_dataset_videos/7.mov,Right,165.51,303,21.7,169,171,73,55,176,-0.1699,1.0291,0.1128,0.6749,-0.1601,-0.1171,0.6749,0.0489,0.0737,1,0,0,2,3,3,1,3
675,388,./side_view_dataset_videos/7.mov,Left,165.51,282,21.22,176,176,78,51,179,-0.1878,1.2821,-0.031,0.685,-0.1765,-0.0189,0.685,0.0454,0.0273,1,2,0,0,3,3,0,3
676,398,./side_view_dataset_videos/7.mov,Right,157.01,289,19.85,165,172,68,54,176,-0.1733,1.0346,0.1521,0.6672,-0.1691,-0.0808,0.6672,0.0488,0.0644,0,1,1,2,3,2,0,3
677,407,./side_view_dataset_videos/7.mov,Left,168.63,282,20.65,172,172,135,49,178,-0.1015,1.285,0.0798,0.7251,-0.0965,-0.0155,0.7251,-0.0232,-0.0534,1,2,1,1,3,0,0,3
678,419,./side_view_dataset_videos/7.mov,Right,159.19,296,21.46,166,179,71,54,177,-0.151,0.9946,0.1514,0.6546,-0.1478,-0.1019,0.6546,0.0458,0.0595,0,1,0,2,3,3,0,3
679,428,./side_view_dataset_videos/7.mov,Left,168.63,275,21.39,167,167,62,49,178,-0.0582,1.3042,0.0614,0.7373,-0.0539,-0.0156,0.7373,-0.0035,-0.1325,1,2,0,2,3,2,0,3
680,441,./side_view_dataset_videos/7.mov,Right,163.88,310,21.34,166,167,65,54,177,-0.1556,1.0977,0.0244,0.6656,-0.1361,-0.0274,0.6656,0.0298,0.0696,1,0,0,2,3,2,0,3
681,451,./side_view_dataset_videos/7.mov,Left,163.88,296,21.6,179,179,96,49,179,-0.1182,1.2303,0.055,0.6923,-0.1202,-0.0219,0.6923,0.0282,0.0601,1,1,0,0,3,3,0,3
682,460,./side_view_dataset_videos/7.mov,Right,163.88,310,21.39,165,168,79,50,179,-0.1408,0.9697,0.1633,0.7056,-0.1178,-0.111,0.7056,-0.0191,0.0369,1,0,0,2,3,3,0,3
683,470,./side_view_dataset_videos/7.mov,Left,169.54,296,21.14,179,179,86,48,178,-0.1013,1.3115,0.0419,0.7198,-0.1072,-0.0401,0.7198,0.0351,-0.0067,1,1,0,0,3,3,0,3
684,480,./side_view_dataset_videos/7.mov,Right,165.76,303,17.4,163,163,71,52,177,-0.1581,1.1911,0.0256,0.6741,-0.1385,-0.0283,0.6741,0.0184,0.0786,1,0,2,3,2,3,0,3
685,489,./side_view_dataset_videos/7.mov,Left,177.38,275,17.32,174,174,74,45,179,-0.1086,1.3325,0.0056,0.6964,-0.1051,-0.0249,0.6964,0.0434,0.0117,2,2,2,1,3,3,0,3
686,498,./side_view_dataset_videos/7.mov,Right,181.15,289,16.12,162,171,81,50,178,-0.1189,1.0746,0.142,0.6589,-0.1114,-0.0853,0.6589,0.0225,0.0639,3,1,2,3,3,3,0,3
687,507,./side_view_dataset_videos/7.mov,Left,181.15,268,14.97,175,175,105,47,178,-0.079,1.2824,0.0923,0.7154,-0.0797,-0.0256,0.7154,0.0285,-0.0158,3,3,3,0,3,2,0,3
688,518,./side_view_dataset_videos/7.mov,Right,178.06,275,16.94,164,168,65,51,177,-0.1293,1.0603,0.0431,0.6772,-0.1215,-0.0799,0.6772,0.0431,0.0813,2,2,2,3,3,2,0,3
689,526,./side_view_dataset_videos/7.mov,Left,186.55,261,17.32,165,165,115,45,178,-0.1055,1.3482,0.111,0.7423,-0.1129,-0.0175,0.7423,0.0239,-0.0144,3,3,2,2,3,1,0,3
690,538,./side_view_dataset_videos/7.mov,Right,177.12,268,16.92,169,179,64,50,176,-0.2294,1.2615,-0.037,0.715,-0.2179,-0.0273,0.715,0.0591,0.1251,2,3,2,2,3,2,0,3
691,545,./side_view_dataset_videos/7.mov,Left,187.9,261,17.4,165,165,127,47,178,-0.0507,1.3486,0.0653,0.7729,-0.0512,-0.0218,0.7729,0.0086,-0.0108,3,3,2,2,3,0,0,3
692,557,./side_view_dataset_videos/7.mov,Right,178.47,282,16.7,159,161,70,52,177,-0.132,0.9898,0.0244,0.6666,-0.1216,-0.0494,0.6666,0.034,0.1099,2,2,2,3,2,3,0,3
693,567,./side_view_dataset_videos/7.mov,Left,181.55,268,16.89,177,177,82,46,179,-0.1303,1.2839,0.0067,0.6933,-0.1278,-0.0359,0.6933,0.0478,0.0357,3,3,2,0,3,3,0,3
694,577,./side_view_dataset_videos/7.mov,Right,173.06,275,16.81,162,177,74,51,178,-0.1568,0.9541,0.103,0.6759,-0.15,-0.0833,0.6759,0.0169,0.0841,2,2,2,3,3,3,0,3
695,585,./side_view_dataset_videos/7.mov,Left,187.21,275,17.5,165,165,156,47,179,-0.0716,1.3637,0.0706,0.7678,-0.0755,-0.0129,0.7678,-0.0036,-0.0252,3,2,2,2,3,0,0,3
696,595,./side_view_dataset_videos/7.mov,Right,172.66,296,17.75,162,162,107,53,178,-0.1758,1.0219,0.1646,0.7245,-0.1601,-0.1077,0.7245,-0.0388,-0.0035,2,1,2,3,2,2,0,3
697,606,./side_view_dataset_videos/7.mov,Left,175.23,275,18.35,175,175,97,44,178,-0.1281,1.3226,0.0727,0.7372,-0.1423,-0.0377,0.7372,0.0154,-0.0186,2,2,1,0,3,3,0,3
698,617,./side_view_dataset_videos/7.mov,Right,172.14,296,17.97,162,163,67,56,179,-0.1393,0.942,0.1182,0.6658,-0.1248,-0.0767,0.6658,-0.0065,0.0882,2,1,2,3,2,2,1,3
699,626,./side_view_dataset_videos/7.mov,Left,175.92,296,19.36,170,170,138,49,179,-0.0822,1.2605,0.0761,0.6975,-0.0828,-0.0328,0.6975,-0.0217,-0.0387,2,1,1,1,3,0,0,3
700,636,./side_view_dataset_videos/7.mov,Right,167.43,303,23.13,156,161,91,57,177,0.0345,1.4655,0.1554,0.7432,0.0502,-0.0056,0.7432,-0.0641,-0.1657,1,0,0,3,2,3,1,3
701,648,./side_view_dataset_videos/7.mov,Left,161.76,289,23.1,168,168,115,51,178,-0.0811,1.3218,0.1093,0.7536,-0.0914,-0.0198,0.7536,0.0057,-0.0242,1,1,0,2,3,1,0,3
702,659,./side_view_dataset_videos/7.mov,Right,161.76,332,22.84,162,164,106,58,179,-0.1401,1.2498,0.171,0.7891,-0.1434,-0.071,0.7891,0.0199,0.0376,1,0,0,3,2,2,1,3
703,672,./side_view_dataset_videos/7.mov,Left,157.01,325,19.81,166,170,94,55,179,-0.1175,1.198,0.0541,0.6907,-0.1264,-0.033,0.6907,0.0394,-0.0101,0,0,1,2,3,3,1,3
704,682,./side_view_dataset_videos/7.mov,Right,153.24,346,18.89,160,166,88,60,179,-0.0363,1.4101,0.1356,0.7415,-0.041,-0.0166,0.7415,0.0025,-0.061,0,0,1,3,3,3,2,3
705,693,./side_view_dataset_videos/7.mov,Left,150.15,360,18.24,171,171,137,52,177,-0.099,1.3149,0.1067,0.7123,-0.1105,-0.0086,0.7123,0.0142,-0.0269,0,0,1,1,3,0,0,3
706,705,./side_view_dataset_videos/7.mov,Right,150.15,374,17.59,168,168,98,56,179,-0.2858,0.9732,0.1504,0.7277,-0.274,-0.0967,0.7277,-0.0107,-0.0517,0,0,2,2,3,3,1,3
707,716,./side_view_dataset_videos/7.mov,Left,150.15,367,19.93,175,175,97,43,177,-0.3199,1.1977,0.0957,0.7696,-0.3203,-0.0924,0.7696,-0.0338,-0.0986,0,0,1,0,3,3,0,3
708,728,./side_view_dataset_videos/7.mov,Right,152.33,395,18.8,167,167,101,54,178,-0.2887,0.907,0.1447,0.6894,-0.281,-0.0943,0.6894,-0.0348,-0.044,0,0,1,2,3,2,0,3
709,740,./side_view_dataset_videos/7.mov,Left,146.67,374,18.94,170,170,136,49,178,-0.0142,1.3917,0.1178,0.7661,-0.0239,-0.015,0.7661,0.0193,-0.0578,0,0,1,1,3,0,0,3
710,751,./side_view_dataset_videos/7.mov,Right,146.67,388,20.31,165,165,95,56,179,-0.3241,0.9892,0.1397,0.743,-0.3165,-0.1082,0.743,-0.0194,-0.05,0,0,1,2,3,3,1,3
711,763,./side_view_dataset_videos/7.mov,Left,146.67,360,20.4,174,174,128,45,178,0.0225,1.3935,0.1453,0.7741,-0.0011,-0.0185,0.7741,0.0109,-0.0063,0,0,1,1,3,0,0,3
712,774,./side_view_dataset_videos/7.mov,Right,146.67,374,19.96,167,167,97,57,177,-0.2355,0.9305,0.1679,0.7192,-0.2167,-0.1013,0.7192,-0.0599,-0.1101,0,0,1,2,3,3,1,3
713,788,./side_view_dataset_videos/7.mov,Left,142.63,332,21.3,170,170,101,47,178,-0.1479,1.2749,0.0256,0.698,-0.1448,-0.04,0.698,0.0122,0.0262,0,0,0,1,3,2,0,3
714,797,./side_view_dataset_videos/7.mov,Right,152.06,360,19.3,165,166,103,55,179,-0.2069,1.0638,0.1832,0.7517,-0.1898,-0.1572,0.7517,-0.0248,-0.0593,0,0,1,2,3,2,1,3
715,809,./side_view_dataset_videos/7.mov,Left,149.49,360,21.19,167,172,113,53,178,0.072,1.2421,0.1538,0.6483,0.053,-0.0217,0.6483,-0.0049,-0.0145,0,0,0,2,3,2,0,3
716,821,./side_view_dataset_videos/7.mov,Right,149.49,395,21.79,166,169,58,63,178,0.1238,1.4013,0.2195,0.6708,0.1098,-0.0087,0.6708,-0.0188,-0.279,0,0,0,2,3,1,2,3
717,834,./side_view_dataset_videos/7.mov,Left,144.74,381,19.25,163,172,94,60,177,0.0032,1.3123,0.1249,0.7124,-0.0286,-0.0211,0.7124,0.0493,0.0634,0,0,1,3,3,3,2,3
718,846,./side_view_dataset_videos/7.mov,Right,148.78,423,19.41,169,169,102,64,179,0.0921,1.4337,0.2314,0.7018,0.085,-0.0158,0.7018,0.0115,-0.0191,0,0,1,2,3,2,2,3
719,858,./side_view_dataset_videos/7.mov,Left,139.35,423,18.13,173,173,108,57,176,0.1476,1.361,0.1966,0.6937,0.1272,-0.0189,0.6937,-0.005,-0.0893,0,0,1,1,3,2,1,3
720,870,./side_view_dataset_videos/7.mov,Right,139.35,431,18.05,170,170,83,58,177,0.0858,1.444,0.2124,0.7261,0.0794,-0.02,0.7261,-0.0336,-0.2827,0,0,1,1,3,3,1,3
721,883,./side_view_dataset_videos/7.mov,Left,137.17,438,19.7,167,175,119,56,175,0.0787,1.2723,0.2026,0.6287,0.0502,-0.0231,0.6287,0.0128,-0.0269,0,0,1,2,3,1,1,3
722,896,./side_view_dataset_videos/7.mov,Right,137.17,445,21.46,168,168,78,62,178,0.0932,1.3776,0.218,0.6749,0.0889,-0.0147,0.6749,-0.0256,-0.2731,0,0,0,2,3,3,2,3
723,909,./side_view_dataset_videos/7.mov,Left,134.99,431,21.45,168,177,108,60,174,0.0693,1.382,0.2132,0.7143,0.044,-0.0237,0.7143,-0.0068,-0.1689,0,0,0,2,3,2,2,3
724,921,./side_view_dataset_videos/7.mov,Right,134.99,423,21.7,168,169,93,67,176,0.1736,1.4168,0.2298,0.675,0.1641,-0.006,0.675,-0.0478,-0.2138,0,0,0,2,3,3,3,3
725,934,./side_view_dataset_videos/7.mov,Left,132.81,423,20.77,165,175,134,54,177,0.1101,1.2514,0.2021,0.6045,0.0811,-0.0227,0.6045,-0.0115,-0.021,0,0,1,2,3,0,0,3
726,947,./side_view_dataset_videos/7.mov,Right,132.81,402,20.68,166,168,80,64,177,0.0962,1.4288,0.2334,0.7231,0.095,-0.014,0.7231,-0.0475,-0.2168,0,0,1,2,3,3,2,3
727,959,./side_view_dataset_videos/7.mov,Left,134.99,395,19.2,166,174,127,56,176,0.141,1.249,0.2086,0.59,0.1165,-0.0179,0.59,-0.0029,-0.0177,0,0,1,2,3,0,1,3
728,972,./side_view_dataset_videos/7.mov,Right,134.99,402,20.38,168,168,76,64,177,0.2141,1.4271,0.2429,0.6816,0.2164,-0.0083,0.6816,-0.0547,-0.2725,0,0,1,2,3,3,2,3
729,985,./side_view_dataset_videos/7.mov,Left,132.81,395,19.88,165,172,95,54,178,0.0832,1.3656,0.1977,0.7018,0.0454,-0.0193,0.7018,0.055,0.0558,0,0,1,2,3,3,0,3
730,998,./side_view_dataset_videos/7.mov,Right,132.81,360,18.46,163,165,80,66,177,0.0484,1.4498,0.1852,0.7325,0.0614,-0.0142,0.7325,-0.0511,-0.1356,0,0,1,3,3,3,3,3
731,1010,./side_view_dataset_videos/7.mov,Left,134.99,353,17.98,170,170,118,50,178,0.0768,1.2737,0.1279,0.6682,0.0603,-0.0203,0.6682,0.0174,-0.0187,0,0,2,1,3,1,0,3
732,1021,./side_view_dataset_videos/7.mov,Right,137.56,339,18.87,164,164,76,52,179,0.1114,1.4231,0.1796,0.7161,0.1209,-0.0096,0.7161,-0.0187,-0.2121,0,0,1,3,2,3,0,3
733,1033,./side_view_dataset_videos/7.mov,Left,139.74,325,17.94,170,170,138,47,174,-0.1442,1.2641,0.1071,0.7354,-0.1457,-0.051,0.7354,0.0245,-0.0892,0,0,2,1,3,0,0,3
734,1044,./side_view_dataset_videos/7.mov,Right,144.49,339,18.51,166,166,83,52,179,-0.292,0.9397,0.1498,0.7173,-0.2879,-0.1072,0.7173,-0.0028,-0.0886,0,0,1,2,3,3,0,3
735,1056,./side_view_dataset_videos/7.mov,Left,146.67,339,18.5,171,171,126,52,177,-0.0558,1.2948,0.1169,0.7259,-0.0623,-0.0196,0.7259,-0.0059,-0.0384,0,0,1,1,3,0,0,3
736,1067,./side_view_dataset_videos/7.mov,Right,149.24,339,18.26,169,169,75,51,179,0.0439,1.42,0.1602,0.7337,0.0429,-0.0131,0.7337,-0.0069,-0.0289,0,0,1,2,3,3,0,3
737,1078,./side_view_dataset_videos/7.mov,Left,149.24,332,19.02,171,171,117,47,176,-0.0434,1.355,0.1194,0.7396,-0.0483,-0.02,0.7396,-0.0258,-0.0587,0,0,1,1,3,1,0,3
738,1090,./side_view_dataset_videos/7.mov,Right,149.24,360,18.6,167,172,137,54,177,0.0617,1.3664,0.1604,0.712,0.0651,-0.0142,0.712,-0.0422,-0.153,0,0,1,2,3,0,0,3
739,1103,./side_view_dataset_videos/7.mov,Left,144.49,332,22.92,173,173,159,50,176,-0.0945,1.2483,0.0884,0.6798,-0.0926,-0.0208,0.6798,0.0002,-0.0229,0,0,0,1,3,0,0,3
740,1116,./side_view_dataset_videos/7.mov,Right,142.31,339,23.41,161,162,151,62,176,-0.1735,1.1572,0.0234,0.6865,-0.1606,-0.0392,0.6865,0.0459,0.0568,0,0,0,3,2,0,2,3
741,1125,./side_view_dataset_videos/7.mov,Left,149.18,332,23.88,170,170,139,51,177,-0.064,1.3456,0.1322,0.7501,-0.0793,-0.0171,0.7501,-0.0001,-0.0022,0,0,0,1,3,0,0,3
742,1137,./side_view_dataset_videos/7.mov,Right,146.6,346,23.71,163,163,133,55,177,-0.0682,1.3309,0.1448,0.7585,-0.0723,-0.0428,0.7585,-0.0451,-0.2602,0,0,0,3,2,0,1,3
743,1148,./side_view_dataset_videos/7.mov,Left,149.18,310,22.78,172,172,152,50,178,0.0457,1.3266,0.1305,0.72,0.0402,-0.0123,0.72,-0.0282,-0.0715,0,0,0,1,3,0,0,3
744,1160,./side_view_dataset_videos/7.mov,Right,151.35,332,16.9,167,167,114,56,178,-0.0495,1.3426,0.1476,0.7311,-0.0518,-0.0662,0.7311,-0.0205,-0.1923,0,0,2,2,3,2,1,3
745,1171,./side_view_dataset_videos/7.mov,Left,156.1,353,19.81,172,172,150,48,176,-0.2503,1.0881,0.0713,0.6785,-0.2492,-0.0763,0.6785,-0.0127,-0.0258,0,0,1,1,3,0,0,3
746,1183,./side_view_dataset_videos/7.mov,Right,146.67,374,22.59,161,164,121,61,179,-0.2283,0.916,0.1546,0.7065,-0.2227,-0.1464,0.7065,-0.0049,-0.0817,0,0,0,3,2,0,2,3
747,1194,./side_view_dataset_videos/7.mov,Left,149.24,360,23.5,172,172,133,49,176,0.0914,1.3057,0.1222,0.691,0.0929,-0.0214,0.691,-0.02,-0.0468,0,0,0,1,3,0,0,3
748,1206,./side_view_dataset_videos/7.mov,Right,146.67,360,25.48,164,165,131,58,176,0.0556,1.4533,0.1654,0.7524,0.0756,-0.0137,0.7524,-0.0824,-0.2991,0,0,0,3,3,0,1,3
749,1218,./side_view_dataset_videos/7.mov,Left,146.67,346,24.67,174,174,129,47,176,-0.0706,1.2562,0.1291,0.6871,-0.0634,-0.0309,0.6871,-0.0183,0.0077,0,0,0,1,3,0,0,3
750,1230,./side_view_dataset_videos/7.mov,Right,144.1,317,25.57,162,166,136,59,177,0.011,1.4045,0.14,0.7516,0.0274,-0.0169,0.7516,-0.057,-0.1853,0,0,0,3,3,0,1,3
751,1241,./side_view_dataset_videos/7.mov,Left,146.67,325,23.74,171,171,142,51,176,-0.2998,1.0428,0.1305,0.6865,-0.3118,-0.0662,0.6865,-0.0119,0.016,0,0,0,1,3,0,0,3
752,1253,./side_view_dataset_videos/7.mov,Right,144.1,332,21.49,167,167,138,56,177,0.0406,1.3984,0.1557,0.7352,0.0544,-0.0476,0.7352,-0.0635,-0.1878,0,0,0,2,3,0,1,3
753,1268,./side_view_dataset_videos/7.mov,Left,138.44,310,20.52,178,178,104,49,179,-0.2407,1.2309,-0.0317,0.6698,-0.2334,-0.0346,0.6698,0.0202,0.0662,0,0,1,0,3,2,0,3
754,1276,./side_view_dataset_videos/7.mov,Right,152.59,346,19.85,161,161,138,59,177,-0.0364,1.258,0.1682,0.6893,-0.0352,-0.0885,0.6893,-0.0398,-0.0919,0,0,1,3,2,0,1,3
755,1290,./side_view_dataset_videos/7.mov,Left,148.54,339,20.69,177,177,125,48,179,-0.1149,1.2075,0.0488,0.6763,-0.1093,-0.0295,0.6763,0.0036,0.01,0,0,1,0,3,0,0,3
756,1299,./side_view_dataset_videos/7.mov,Right,155.41,353,20.64,158,164,120,57,177,0.0013,1.356,0.1644,0.707,0.0107,-0.0613,0.707,-0.0466,-0.1476,0,0,1,3,2,0,1,3
757,1313,./side_view_dataset_videos/7.mov,Left,151.36,325,21.24,175,175,106,48,179,-0.1388,1.2585,0.0168,0.6995,-0.147,-0.0362,0.6995,0.0499,0.0565,0,0,0,0,3,2,0,3
758,1322,./side_view_dataset_videos/7.mov,Right,166.46,381,21.21,157,160,119,63,177,-0.1727,1.072,0.1741,0.7239,-0.1437,-0.1102,0.7239,-0.0662,-0.1074,1,0,0,3,2,1,2,3
759,1335,./side_view_dataset_videos/7.mov,Left,150.13,332,20.55,177,177,98,48,179,-0.1208,1.2257,0.0603,0.6671,-0.1203,-0.0337,0.6671,0.0167,0.0232,0,0,1,0,3,3,0,3
760,1345,./side_view_dataset_videos/7.mov,Right,159.83,360,21.62,159,173,105,58,178,-0.2464,0.9076,0.1418,0.7478,-0.2277,-0.1102,0.7478,0.0112,0.0489,0,0,0,3,3,2,1,3
761,1356,./side_view_dataset_videos/7.mov,Left,152.97,310,20.96,174,174,133,47,179,-0.1667,1.3214,0.0657,0.7616,-0.1604,-0.0224,0.7616,-0.0095,-0.0168,0,0,1,1,3,0,0,3
762,1367,./side_view_dataset_videos/7.mov,Right,159.59,346,21.84,163,176,76,56,178,-0.2133,1.016,0.1487,0.747,-0.1877,-0.1058,0.747,-0.0493,-0.1343,0,0,0,3,3,3,1,3
763,1378,./side_view_dataset_videos/7.mov,Left,152.73,310,21.53,168,168,91,48,178,-0.0486,1.3177,0.0704,0.7628,-0.0354,-0.0196,0.7628,-0.0045,-0.06,0,0,0,2,3,3,0,3
764,1391,./side_view_dataset_videos/7.mov,Right,152.73,332,21.14,162,174,62,53,176,-0.1592,0.9947,0.1673,0.6467,-0.1468,-0.0929,0.6467,0.048,0.079,0,0,0,3,3,2,0,3
765,1401,./side_view_dataset_videos/7.mov,Left,152.73,310,21.07,173,173,76,48,177,-0.0894,1.2175,0.084,0.6975,-0.0895,-0.0205,0.6975,0.0116,-0.0269,0,0,0,1,3,3,0,3
766,1411,./side_view_dataset_videos/7.mov,Right,155.81,346,21.8,162,162,79,55,179,-0.2268,0.9694,0.162,0.755,-0.2014,-0.1077,0.755,-0.0421,-0.1599,0,0,0,3,2,3,1,3
767,1423,./side_view_dataset_videos/7.mov,Left,153.24,317,21.99,172,172,99,47,177,-0.0524,1.3332,0.1127,0.75,-0.0512,-0.0203,0.75,0.0275,0.0019,0,0,0,1,3,3,0,3
768,1433,./side_view_dataset_videos/7.mov,Right,156.33,346,21.82,162,162,81,57,178,-0.2362,0.9221,0.1547,0.7266,-0.2198,-0.102,0.7266,-0.0511,-0.1677,0,0,0,3,2,3,1,3
769,1445,./side_view_dataset_videos/7.mov,Left,158.51,325,23.33,170,170,106,50,177,-0.0906,1.3377,0.0966,0.7453,-0.0854,-0.0157,0.7453,0.0206,-0.004,0,0,0,1,3,2,0,3
770,1455,./side_view_dataset_videos/7.mov,Right,158.51,346,22.76,165,165,87,52,179,-0.2421,0.9518,0.1612,0.7518,-0.2261,-0.1105,0.7518,-0.0227,-0.1039,0,0,0,2,3,3,0,3
771,1466,./side_view_dataset_videos/7.mov,Left,155.42,339,22.56,170,170,88,48,177,-0.2729,1.0758,0.0886,0.7582,-0.2669,-0.1005,0.7582,-0.01,-0.0307,0,0,0,1,3,3,0,3
772,1477,./side_view_dataset_videos/7.mov,Right,157.99,388,25.2,159,160,87,58,178,-0.1709,1.139,0.1586,0.7229,-0.1586,-0.097,0.7229,-0.0322,-0.1376,0,0,0,3,2,3,1,3
773,1491,./side_view_dataset_videos/7.mov,Left,148.29,346,22.98,172,172,64,49,179,-0.1583,1.3023,0.0131,0.7153,-0.1525,-0.0261,0.7153,0.054,0.0685,0,0,0,1,3,2,0,3
774,1500,./side_view_dataset_videos/7.mov,Right,157.72,381,23.14,159,159,87,53,178,-0.188,0.9242,0.1622,0.7193,-0.1564,-0.1079,0.7193,-0.0502,-0.0833,0,0,0,3,2,3,0,3
775,1512,./side_view_dataset_videos/7.mov,Left,152.06,353,23.28,166,166,95,48,176,-0.0983,1.2706,0.1063,0.7121,-0.1073,-0.0152,0.7121,0.0473,0.0026,0,0,0,2,3,3,0,3
776,1522,./side_view_dataset_videos/7.mov,Right,155.15,360,20.4,162,179,87,54,179,0.0373,1.4264,0.1659,0.7364,0.0522,-0.0192,0.7364,0.0011,-0.0876,0,0,1,3,3,3,0,3
777,1534,./side_view_dataset_videos/7.mov,Left,152.58,317,20.59,178,178,103,45,176,-0.1378,1.3073,0.1209,0.6739,-0.1488,-0.0231,0.6739,0.0589,0.0331,0,0,1,0,3,2,0,3
778,1544,./side_view_dataset_videos/7.mov,Right,162.28,353,21.79,171,175,92,54,178,0.0799,1.4884,0.1524,0.7501,0.0889,0.0103,0.7501,0.0262,-0.0998,1,0,0,1,3,3,0,3
779,1555,./side_view_dataset_videos/7.mov,Left,155.42,367,21.07,175,175,99,51,176,-0.2602,1.07,0.0771,0.7266,-0.2579,-0.0882,0.7266,0.0036,-0.0534,0,0,0,0,3,3,0,3
780,1569,./side_view_dataset_videos/7.mov,Right,151.37,374,21.08,173,177,104,56,175,-0.1257,1.2141,0.0356,0.6776,-0.0987,-0.0316,0.6776,0.0462,0.0498,0,0,0,1,3,2,1,3
781,1577,./side_view_dataset_videos/7.mov,Left,159.87,388,20.99,169,172,110,51,177,-0.2691,1.176,0.0666,0.765,-0.2626,-0.0895,0.765,-0.0137,-0.1112,0,0,1,2,3,2,0,3
782,1591,./side_view_dataset_videos/7.mov,Right,155.82,395,17.33,170,170,99,61,176,-0.1411,1.1972,0.0274,0.6824,-0.1129,-0.0338,0.6824,0.0402,0.0637,0,0,2,1,3,3,2,3
783,1600,./side_view_dataset_videos/7.mov,Left,159.6,395,17.6,165,174,101,58,177,-0.2564,1.1272,0.1032,0.7336,-0.2641,-0.0855,0.7336,0.0635,0.0289,0,0,2,2,3,2,1,3
784,1611,./side_view_dataset_videos/7.mov,Right,159.6,374,17.94,168,177,100,59,179,0.0111,1.4424,0.1025,0.7544,0.0249,-0.0098,0.7544,-0.0187,-0.2233,0,0,2,2,3,2,1,3
785,1622,./side_view_dataset_videos/7.mov,Left,166.21,381,17.62,165,171,130,56,178,-0.0369,1.3238,0.1021,0.7405,-0.0407,-0.0115,0.7405,0.0235,-0.0222,1,0,2,2,3,0,1,3
786,1633,./side_view_dataset_videos/7.mov,Right,154.63,374,19.01,169,169,84,55,179,-0.0071,1.4535,0.138,0.7697,0.0027,-0.0123,0.7697,-0.0141,-0.1901,0,0,1,2,3,3,1,3
787,1646,./side_view_dataset_videos/7.mov,Left,156.5,367,18.95,177,177,90,51,177,-0.0911,1.2849,0.0483,0.7143,-0.0912,-0.0371,0.7143,0.066,0.0348,0,0,1,0,3,3,0,3
788,1658,./side_view_dataset_videos/7.mov,Right,147.06,367,18.06,172,172,85,56,176,-0.1811,1.18,-0.036,0.6918,-0.1491,-0.0384,0.6918,0.0383,0.0588,0,0,1,1,3,3,1,3
789,1669,./side_view_dataset_videos/7.mov,Left,147.06,332,17.92,175,175,91,48,178,-0.1735,1.3362,-0.0173,0.7257,-0.1765,-0.051,0.7257,0.1032,0.0633,0,0,2,0,3,3,0,3
790,1677,./side_view_dataset_videos/7.mov,Right,158.64,332,18.07,165,166,83,61,179,0.053,1.4376,0.1377,0.7299,0.0682,-0.0163,0.7299,-0.016,-0.1939,0,0,1,2,3,3,2,3
791,1689,./side_view_dataset_videos/7.mov,Left,156.07,303,17.77,173,173,107,49,175,-0.0065,1.3702,0.1332,0.7475,-0.0179,-0.03,0.7475,0.0473,0.0065,0,0,2,1,3,2,0,3
792,1700,./side_view_dataset_videos/7.mov,Right,160.82,325,17.92,171,178,95,53,179,-0.2623,1.0291,0.1406,0.741,-0.2578,-0.1486,0.741,0.0025,-0.0972,1,0,2,1,3,3,0,3
793,1711,./side_view_dataset_videos/7.mov,Left,163.39,325,17.41,172,172,99,49,176,-0.2849,1.0724,0.0524,0.7346,-0.2801,-0.0947,0.7346,0.0227,-0.0375,1,0,2,1,3,3,0,3
794,1722,./side_view_dataset_videos/7.mov,Right,163.39,388,16.13,168,170,89,58,179,-0.2822,1.0359,0.1518,0.7199,-0.2693,-0.1449,0.7199,-0.0098,-0.0609,1,0,2,2,3,3,1,3
795,1737,./side_view_dataset_videos/7.mov,Left,143.58,374,17.51,173,173,62,57,178,-0.3074,1.3151,-0.1182,0.7098,-0.3058,-0.0264,0.7098,0.1024,0.0959,0,0,2,1,3,2,1,3
796,1744,./side_view_dataset_videos/7.mov,Right,163.8,388,18.58,163,171,93,60,179,0.0778,1.5015,0.146,0.7557,0.0796,-0.006,0.7557,0.0057,-0.0936,1,0,1,3,3,3,2,3
797,1755,./side_view_dataset_videos/7.mov,Left,163.8,381,17.77,171,171,105,52,175,-0.0848,1.3382,0.1077,0.7211,-0.0803,-0.0198,0.7211,0.0063,-0.0528,1,0,2,1,3,2,0,3
798,1767,./side_view_dataset_videos/7.mov,Right,161.23,381,17.59,166,179,109,59,179,-0.01,1.4276,0.1218,0.7724,0.0066,-0.0087,0.7724,-0.0012,-0.0311,1,0,2,2,3,2,1,3
799,1778,./side_view_dataset_videos/7.mov,Left,161.23,339,17.11,168,172,123,53,178,-0.2582,1.2954,0.0901,0.7561,-0.2715,-0.0259,0.7561,0.042,0.0397,1,0,2,2,3,0,0,3
800,1788,./side_view_dataset_videos/7.mov,Right,172.55,374,16.61,161,166,84,59,178,-0.0691,1.2471,0.144,0.7342,-0.0591,-0.0742,0.7342,-0.0325,-0.2285,2,0,2,3,3,3,1,3
801,1800,./side_view_dataset_videos/7.mov,Left,152.33,374,16.07,171,171,133,51,177,-0.3124,1.0645,0.0905,0.7455,-0.3215,-0.1078,0.7455,0.0392,-0.0088,0,0,2,1,3,0,0,3
802,1811,./side_view_dataset_videos/7.mov,Right,152.33,381,16.91,172,172,104,57,179,-0.2294,1.094,0.1761,0.7487,-0.2164,-0.1443,0.7487,-0.02,-0.0257,0,0,2,1,3,2,1,3
803,1822,./side_view_dataset_videos/7.mov,Left,154.9,402,19.02,174,174,157,45,178,-0.1966,1.2717,0.0611,0.7745,-0.1997,-0.0925,0.7745,-0.0002,-0.0322,0,0,1,1,3,0,0,3
804,1836,./side_view_dataset_videos/7.mov,Right,148.29,402,18.84,172,172,91,58,176,-0.1406,1.2718,-0.0067,0.7279,-0.1103,-0.041,0.7279,0.0227,0.1065,0,0,1,1,3,3,1,3
805,1845,./side_view_dataset_videos/7.mov,Left,152.06,409,20.88,168,172,106,47,179,-0.1084,1.3444,0.1236,0.7382,-0.1304,-0.0243,0.7382,0.05,0.0267,0,0,1,2,3,2,0,3
806,1858,./side_view_dataset_videos/7.mov,Right,149.88,459,18.48,167,179,87,64,179,-0.0891,1.1457,0.1669,0.6796,-0.0664,-0.084,0.6796,-0.0134,0.0441,0,0,1,2,3,3,2,3
807,1876,./side_view_dataset_videos/7.mov,Left,137.88,494,17.46,179,179,101,64,178,-0.3971,1.268,-0.1077,0.7488,-0.3978,-0.0873,0.7488,0.1459,0.1984,0,0,2,0,3,2,2,3
808,1892,./side_view_dataset_videos/7.mov,Right,128.23,445,18.44,179,179,93,58,179,-0.0477,1.0847,0.2537,0.651,-0.0541,-0.0686,0.651,0.0174,-0.1209,0,0,1,0,3,3,1,3
809,1899,./side_view_dataset_videos/7.mov,Left,152.49,452,17.88,169,171,92,56,178,-0.4131,1.0329,-0.0466,0.7378,-0.4043,-0.1065,0.7378,0.045,-0.0453,0,0,2,2,3,3,1,3
810,1909,./side_view_dataset_videos/7.mov,Right,148.71,438,17.34,166,168,89,49,176,-0.4292,1.1957,-0.0635,0.7898,-0.4252,-0.1179,0.7898,0.0505,0.0305,0,0,2,2,3,3,0,3
811,1920,./side_view_dataset_videos/7.mov,Left,153.46,388,16.63,167,171,79,53,178,-0.4253,1.0116,-0.1068,0.7019,-0.4249,-0.1111,0.7019,0.0817,0.0035,0,0,2,2,3,3,0,3
812,1931,./side_view_dataset_videos/7.mov,Right,165.47,360,15.83,159,170,83,46,175,-0.4245,1.14,-0.1007,0.7657,-0.411,-0.1108,0.7657,0.0637,0.0351,1,0,2,3,3,3,0,3
813,1943,./side_view_dataset_videos/7.mov,Left,172.55,395,24.06,168,168,82,55,177,-0.4273,0.9053,-0.0888,0.7048,-0.4311,-0.1132,0.7048,0.0586,0.06,2,0,0,2,3,3,1,3
814,1955,./side_view_dataset_videos/7.mov,Right,152.33,402,28.12,164,164,82,53,177,-0.4214,1.2212,-0.1078,0.7354,-0.3947,-0.1087,0.7354,0.0222,-0.0011,0,0,0,3,2,3,0,3
815,1966,./side_view_dataset_videos/7.mov,Left,149.24,445,28.84,168,169,62,60,177,-0.4448,1.0371,-0.1241,0.6886,-0.4423,-0.1105,0.6886,0.0465,0.0612,0,0,0,2,3,2,2,3
816,1983,./side_view_dataset_videos/7.mov,Right,138.34,423,30.99,177,177,102,50,177,-0.138,1.0274,0.2366,0.6592,-0.1429,-0.0805,0.6592,0.05,0.0201,0,0,0,0,3,2,0,3
817,1991,./side_view_dataset_videos/7.mov,Left,149.92,452,26.98,166,166,56,58,175,-0.3745,1.0396,-0.0351,0.7182,-0.3763,-0.1119,0.7182,0.012,-0.0128,0,0,0,2,3,1,1,3
818,2007,./side_view_dataset_videos/7.mov,Right,142.85,416,27.24,175,175,98,48,177,-0.1108,1.1366,0.2551,0.71,-0.1199,-0.0769,0.71,0.0513,0.0456,0,0,0,0,3,3,0,3
819,2014,./side_view_dataset_videos/7.mov,Left,163.06,459,24.29,168,177,66,56,177,-0.4207,0.9808,-0.1034,0.6637,-0.4067,-0.1076,0.6637,0.0299,0.021,1,0,0,2,3,2,1,3
820,2031,./side_view_dataset_videos/7.mov,Right,152.17,388,25.39,179,179,100,47,176,-0.1295,0.9958,0.2333,0.6587,-0.137,-0.0854,0.6587,0.0696,0.0383,0,0,0,0,3,2,0,3
821,2038,./side_view_dataset_videos/7.mov,Left,180.71,416,23.76,166,168,73,53,177,-0.4103,1.0445,-0.0976,0.6927,-0.4046,-0.1105,0.6927,0.0456,0.015,3,0,0,2,3,3,0,3
822,2050,./side_view_dataset_videos/7.mov,Right,166.56,388,24.67,162,162,128,52,178,-0.4294,1.2745,-0.0958,0.7726,-0.4187,-0.1102,0.7726,0.02,0.0742,1,0,0,3,2,0,0,3
823,2062,./side_view_dataset_videos/7.mov,Left,173.63,431,26.49,169,169,61,57,176,-0.42,1.0487,-0.1069,0.6808,-0.4121,-0.1046,0.6808,0.0503,0.0554,2,0,0,2,3,2,1,3
824,2075,./side_view_dataset_videos/7.mov,Right,151.24,395,27.05,163,177,126,53,178,-0.3194,1.3018,-0.0019,0.7572,-0.3243,-0.0742,0.7572,0.0388,-0.0394,0,0,0,3,3,0,0,3
825,2087,./side_view_dataset_videos/7.mov,Left,159.56,431,26.72,164,166,63,56,177,-0.4046,1.0523,-0.1065,0.6998,-0.4011,-0.1142,0.6998,0.0464,0.0399,0,0,0,3,3,2,1,3
826,2099,./side_view_dataset_videos/7.mov,Right,139.35,438,26.61,165,165,100,57,178,-0.4623,1.151,-0.1059,0.7395,-0.4498,-0.1131,0.7395,0.0237,0.0646,0,0,0,2,3,2,1,3
827,2112,./side_view_dataset_videos/7.mov,Left,137.17,431,26.39,171,171,85,55,177,-0.3825,0.9746,-0.0467,0.67,-0.3714,-0.1102,0.67,0.0323,-0.0462,0,0,0,1,3,3,1,3
828,2123,./side_view_dataset_videos/7.mov,Right,139.74,423,26.68,161,168,106,58,177,-0.438,1.0353,-0.0849,0.7654,-0.4207,-0.1131,0.7654,0.0314,0.0469,0,0,0,3,3,2,1,3
829,2135,./side_view_dataset_videos/7.mov,Left,141.92,416,27.02,170,170,92,53,177,-0.3919,0.8984,-0.0454,0.733,-0.3955,-0.1103,0.733,0.048,-0.0425,0,0,0,1,3,3,0,3
830,2146,./side_view_dataset_videos/7.mov,Right,144.49,416,27.5,161,162,94,48,176,-0.4254,1.0845,-0.0079,0.7594,-0.4218,-0.1204,0.7594,0.0524,0.0406,0,0,0,3,2,3,0,3
831,2158,./side_view_dataset_videos/7.mov,Left,144.49,402,24.14,165,168,87,57,179,-0.384,0.9316,-0.0077,0.7822,-0.3923,-0.1095,0.7822,0.0904,0.025,0,0,0,2,3,3,1,3
832,2169,./side_view_dataset_videos/7.mov,Right,149.24,402,19.51,162,163,82,52,176,-0.1538,1.2423,0.0933,0.7943,-0.1592,-0.0831,0.7943,0.0678,0.0662,0,0,1,3,2,3,0,3
833,2180,./side_view_dataset_videos/7.mov,Left,149.24,423,18.52,169,177,49,57,177,-0.4436,0.9893,-0.0837,0.7769,-0.454,-0.114,0.7769,0.0988,0.2056,0,0,1,2,3,0,1,3
834,2195,./side_view_dataset_videos/7.mov,Right,143.58,395,19.87,173,173,84,43,179,-0.159,1.0379,0.2129,0.7137,-0.1538,-0.0868,0.7137,-0.0132,-0.1532,0,0,1,1,3,3,0,3
835,2202,./side_view_dataset_videos/7.mov,Left,161.23,388,18.37,169,169,61,58,177,-0.4224,0.9714,-0.0775,0.7035,-0.4203,-0.1106,0.7035,0.0643,0.0701,1,0,1,2,3,2,1,3
836,2213,./side_view_dataset_videos/7.mov,Right,163.8,395,18.53,160,160,94,52,177,-0.098,1.2499,0.068,0.7294,-0.1072,-0.0564,0.7294,0.0523,0.0416,1,0,1,3,2,3,0,3
837,2225,./side_view_dataset_videos/7.mov,Left,161.23,423,18.71,166,166,80,55,178,-0.3841,0.9134,-0.0035,0.732,-0.3847,-0.105,0.732,0.0423,-0.0447,1,0,1,2,3,3,1,3
838,2240,./side_view_dataset_videos/7.mov,Right,152.99,367,21.62,177,177,90,54,179,-0.0974,0.999,0.2482,0.6576,-0.1087,-0.0847,0.6576,0.0215,-0.0873,0,0,0,0,3,3,0,3
839,2247,./side_view_dataset_videos/7.mov,Left,178.87,416,20.94,167,171,89,55,177,-0.3907,0.9698,-0.0464,0.6941,-0.3956,-0.1134,0.6941,0.0608,0.0453,2,0,1,2,3,3,1,3
840,2261,./side_view_dataset_videos/7.mov,Right,154.61,395,22.24,166,166,90,51,179,-0.1343,0.9707,0.2318,0.6796,-0.1355,-0.0958,0.6796,0.0056,-0.1492,0,0,0,2,3,3,0,3
841,2269,./side_view_dataset_videos/7.mov,Left,166.19,409,21.6,165,165,103,58,177,-0.3793,0.9641,-0.0108,0.7454,-0.3903,-0.1109,0.7454,0.0657,0.0157,1,0,0,2,3,2,1,3
842,2283,./side_view_dataset_videos/7.mov,Right,162.14,438,22.49,179,179,84,48,179,-0.0963,1.1529,0.2576,0.6845,-0.1043,-0.0646,0.6845,0.0205,-0.1182,1,0,0,0,3,3,0,3
843,2302,./side_view_dataset_videos/7.mov,Left,157.38,445,18.47,168,168,99,50,178,-0.1099,1.3085,0.0295,0.7139,-0.111,-0.0228,0.7139,0.0412,-0.0144,0,0,1,2,3,3,0,3
844,2311,./side_view_dataset_videos/7.mov,Right,146.59,416,17.28,159,175,95,50,179,-0.0668,1.2965,0.1471,0.7311,-0.0555,-0.0588,0.7311,-0.0088,0.0158,0,0,2,3,3,3,0,3
845,2321,./side_view_dataset_videos/7.mov,Left,156.3,431,15.97,171,171,99,39,179,-0.1265,1.3034,0.0848,0.7314,-0.1333,-0.0253,0.7314,0.0236,-0.0281,0,0,2,1,3,3,0,3
846,2331,./side_view_dataset_videos/7.mov,Right,147.81,409,16.1,166,166,87,46,179,-0.144,1.1515,0.1431,0.7584,-0.134,-0.0979,0.7584,0.0063,0.0261,0,0,2,2,3,3,0,3
847,2342,./side_view_dataset_videos/7.mov,Left,154.42,310,17.2,173,173,92,42,179,-0.1512,1.3021,0.0059,0.6932,-0.1451,-0.0438,0.6932,0.0524,0.0425,0,0,2,1,3,3,0,3
848,2352,./side_view_dataset_videos/7.mov,Right,170.51,310,17.06,161,176,71,51,176,-0.1917,1.2434,-0.0133,0.699,-0.1716,-0.0277,0.699,0.0418,0.0674,2,0,2,3,3,3,0,3
849,2360,./side_view_dataset_videos/7.mov,Left,175.23,303,17.4,172,172,105,41,179,-0.0846,1.2982,0.1096,0.7192,-0.0917,-0.0389,0.7192,0.0228,-0.0184,2,0,2,1,3,2,0,3
850,2369,./side_view_dataset_videos/7.mov,Right,179.0,296,17.23,164,176,100,46,179,-0.1283,1.1924,0.1505,0.7386,-0.1103,-0.077,0.7386,-0.032,0.0187,2,1,2,3,3,2,0,3
851,2378,./side_view_dataset_videos/7.mov,Left,182.78,289,16.64,167,167,117,37,179,-0.1059,1.3282,0.0868,0.7279,-0.1094,-0.0173,0.7279,-0.0096,-0.0502,3,1,2,2,3,1,0,3
852,2388,./side_view_dataset_videos/7.mov,Right,185.87,317,16.96,165,165,94,45,178,-0.1017,1.2011,0.1572,0.7252,-0.0806,-0.088,0.7252,-0.0519,0.0321,3,0,2,2,3,3,0,3
853,2397,./side_view_dataset_videos/7.mov,Left,189.64,325,14.79,169,169,91,35,178,-0.122,1.3058,0.1054,0.7329,-0.1363,-0.0146,0.7329,-0.0347,-0.0477,3,0,3,2,3,3,0,3
854,2409,./side_view_dataset_videos/7.mov,Right,175.49,325,17.11,160,160,96,52,179,-0.1017,1.092,0.1476,0.6689,-0.0716,-0.0881,0.6689,-0.0273,0.0732,2,0,2,3,2,3,0,3
855,2418,./side_view_dataset_videos/7.mov,Left,175.49,325,17.49,158,168,126,53,176,0.1241,1.3225,0.1741,0.6895,0.1053,-0.0234,0.6895,-0.009,-0.0486,2,0,2,3,3,0,0,3
856,2430,./side_view_dataset_videos/7.mov,Right,166.05,325,23.88,165,165,86,66,176,0.1632,1.4307,0.2372,0.7014,0.1861,-0.012,0.7014,-0.0812,-0.3132,1,0,0,2,3,3,3,3
857,2443,./side_view_dataset_videos/7.mov,Left,158.22,317,24.66,169,169,138,54,177,0.0622,1.3708,0.1597,0.7269,0.0336,-0.0231,0.7269,0.0344,-0.0156,0,0,0,2,3,0,0,3
858,2455,./side_view_dataset_videos/7.mov,Right,148.78,346,24.41,169,169,102,55,179,-0.1956,0.9004,0.1822,0.7047,-0.1719,-0.1093,0.7047,-0.0371,-0.039,0,0,0,2,3,2,1,3
859,2468,./side_view_dataset_videos/7.mov,Left,146.6,325,23.86,174,174,87,51,178,-0.1128,1.2553,0.0175,0.6868,-0.1054,-0.0327,0.6868,0.0484,0.0473,0,0,0,1,3,3,0,3
860,2477,./side_view_dataset_videos/7.mov,Right,146.6,346,23.93,160,177,95,56,179,-0.2045,0.986,0.1636,0.7521,-0.1856,-0.1088,0.7521,-0.0125,-0.0302,0,0,0,3,3,3,1,3
861,2489,./side_view_dataset_videos/7.mov,Left,146.6,332,19.81,174,174,90,48,177,-0.1406,1.2048,0.0339,0.7079,-0.1388,-0.0302,0.7079,0.0447,0.0517,0,0,1,1,3,3,0,3
862,2499,./side_view_dataset_videos/7.mov,Right,154.44,353,20.38,164,164,91,55,179,-0.2349,0.9314,0.1545,0.7201,-0.2201,-0.1086,0.7201,-0.0196,-0.0505,0,0,1,3,2,3,1,3
863,2510,./side_view_dataset_videos/7.mov,Left,157.01,339,18.84,172,172,120,44,178,-0.0531,1.3193,0.0986,0.7336,-0.0589,-0.02,0.7336,0.0144,-0.0304,0,0,1,1,3,0,0,3
864,2521,./side_view_dataset_videos/7.mov,Right,161.76,381,17.86,162,162,82,56,178,0.0862,1.3516,0.1974,0.6781,0.0822,-0.0109,0.6781,-0.0314,-0.2376,1,0,2,3,2,3,1,3
865,2533,./side_view_dataset_videos/7.mov,Left,152.33,374,18.47,162,171,112,52,174,-0.082,1.3087,0.0726,0.6806,-0.0927,-0.0318,0.6806,0.0078,-0.0905,0,0,1,3,3,2,0,3
866,2544,./side_view_dataset_videos/7.mov,Right,154.9,388,20.03,156,159,84,56,176,0.0566,1.4116,0.2114,0.7015,0.0637,-0.0164,0.7015,0.0612,-0.144,0,0,1,3,2,3,1,3
867,2556,./side_view_dataset_videos/7.mov,Left,149.24,381,24.86,158,168,117,63,175,-0.0534,1.3529,0.1049,0.7426,-0.0732,-0.0226,0.7426,0.0829,0.0274,0,0,0,3,3,1,2,3
868,2566,./side_view_dataset_videos/7.mov,Right,152.33,367,21.03,150,164,92,70,178,0.163,1.3481,0.2488,0.6264,0.1512,-0.0209,0.6264,0.031,-0.1974,0,0,0,2,2,3,3,3
869,2578,./side_view_dataset_videos/7.mov,Left,149.76,346,20.35,168,169,98,59,175,0.1579,1.2955,0.1731,0.6488,0.1378,-0.0176,0.6488,0.0078,-0.0305,0,0,1,2,3,3,1,3
870,2590,./side_view_dataset_videos/7.mov,Right,149.76,353,21.33,165,165,87,57,179,0.0658,1.3691,0.2144,0.6928,0.0675,-0.0165,0.6928,0.0148,-0.154,0,0,0,2,3,3,1,3
871,2602,./side_view_dataset_videos/7.mov,Left,147.18,367,19.93,168,168,156,55,173,-0.2885,1.0583,0.1166,0.6958,-0.2961,-0.1086,0.6958,0.0312,-0.0458,0,0,1,2,3,0,1,3
872,2614,./side_view_dataset_videos/7.mov,Right,147.18,381,20.16,164,169,85,60,179,0.0745,1.4076,0.2025,0.7146,0.0608,-0.0099,0.7146,0.0132,-0.1913,0,0,1,3,3,3,2,3
873,2626,./side_view_dataset_videos/7.mov,Left,141.52,402,16.86,163,174,100,61,173,0.073,1.3051,0.1564,0.6472,0.0507,-0.0213,0.6472,-0.0116,-0.1395,0,0,2,3,3,2,2,3
874,2638,./side_view_dataset_videos/7.mov,Right,141.52,423,17.44,164,167,88,58,179,0.0579,1.4162,0.2059,0.7205,0.0451,-0.0165,0.7205,0.0224,-0.2021,0,0,2,3,3,3,1,3
875,2650,./side_view_dataset_videos/7.mov,Left,141.52,402,16.99,167,170,114,57,175,-0.3629,1.0611,0.0696,0.6974,-0.3629,-0.1012,0.6974,-0.0006,-0.0896,0,0,2,2,3,2,1,3
876,2662,./side_view_dataset_videos/7.mov,Right,141.52,409,23.54,173,178,108,55,177,-0.2404,0.7004,0.1802,0.7571,-0.2313,-0.0773,0.7571,0.027,-0.0113,0,0,0,1,3,2,1,3
877,2675,./side_view_dataset_videos/7.mov,Left,139.35,367,29.14,175,175,113,52,177,-0.1018,1.3682,0.0507,0.7468,-0.0861,-0.0241,0.7468,0.013,-0.0051,0,0,0,0,3,2,0,3
878,2687,./side_view_dataset_videos/7.mov,Right,139.35,374,29.96,157,174,88,68,176,-0.197,0.6308,0.1539,0.7175,-0.1829,-0.0961,0.7175,0.0473,0.1056,0,0,0,3,3,3,3,3
879,2700,./side_view_dataset_videos/7.mov,Left,137.17,325,27.33,175,175,72,50,178,-0.1699,1.2257,-0.0185,0.6724,-0.1489,-0.0199,0.6724,0.0223,0.0181,0,0,0,0,3,3,0,3
880,2711,./side_view_dataset_videos/7.mov,Right,139.74,296,26.42,171,171,66,60,175,-0.1766,1.2836,0.0276,0.6602,-0.1649,-0.0154,0.6602,0.0759,0.0985,0,1,0,1,3,2,2,3
881,2723,./side_view_dataset_videos/7.mov,Left,139.74,233,26.59,177,177,62,55,179,-0.236,1.231,-0.063,0.689,-0.2225,-0.0277,0.689,0.0534,0.0747,0,3,0,0,3,2,1,3
882,2733,./side_view_dataset_videos/7.mov,Right,147.58,268,27.15,168,169,64,58,176,-0.1514,1.096,0.0717,0.6497,-0.1399,-0.0631,0.6497,0.0522,0.1108,0,3,0,2,3,2,1,3
883,2744,./side_view_dataset_videos/7.mov,Left,150.15,219,25.26,176,176,80,49,177,-0.1248,1.2234,0.0459,0.6725,-0.1117,-0.0251,0.6725,0.028,0.0461,0,3,0,0,3,3,0,3
884,2755,./side_view_dataset_videos/7.mov,Right,154.9,247,25.1,165,175,66,57,175,-0.1533,1.0069,0.0718,0.6458,-0.149,-0.1383,0.6458,0.0688,0.0943,0,3,0,2,3,2,1,3
885,2764,./side_view_dataset_videos/7.mov,Left,161.76,261,24.83,164,164,96,54,178,-0.0588,1.2581,0.0511,0.7034,-0.0429,-0.0158,0.7034,-0.0432,-0.0344,1,3,0,3,2,3,0,3
886,2777,./side_view_dataset_videos/7.mov,Right,159.59,296,24.92,174,178,58,53,177,-0.1825,1.2329,0.0181,0.6764,-0.1581,-0.0146,0.6764,0.017,0.0774,0,1,0,1,3,1,0,3
887,2786,./side_view_dataset_videos/7.mov,Left,163.36,275,24.86,165,165,107,53,177,-0.1323,1.1327,0.0783,0.6622,-0.1176,-0.0278,0.6622,-0.0225,-0.0108,1,2,0,2,3,2,0,3
888,2799,./side_view_dataset_videos/7.mov,Right,158.61,310,23.53,170,173,59,56,175,-0.1291,1.0993,0.051,0.6535,-0.1069,-0.0236,0.6535,0.0529,0.0838,0,0,0,1,3,1,1,3
889,2810,./side_view_dataset_videos/7.mov,Left,158.61,289,22.7,178,178,61,53,179,-0.1713,1.1934,-0.0053,0.6536,-0.1513,-0.0311,0.6536,0.0222,0.0342,0,1,0,0,3,2,0,3
890,12,./side_view_dataset_videos/8.mov,Left,0,388,18.02,161,164,66,48,177,-0.339,1.1444,-0.0316,0.7213,-0.3425,-0.1035,0.7213,0.0495,0.0635,0,0,1,3,2,2,0,3
891,23,./side_view_dataset_videos/8.mov,Right,154.39,388,18.21,153,159,55,40,175,-0.3069,1.2171,0.0682,0.7483,-0.3112,-0.1253,0.7483,0.0895,0.0556,0,0,1,2,2,1,0,3
892,34,./side_view_dataset_videos/8.mov,Left,154.39,423,18.1,164,170,75,46,179,-0.3365,1.1085,0.0335,0.7535,-0.3374,-0.1169,0.7535,0.0981,0.0417,0,0,1,3,3,3,0,3
893,48,./side_view_dataset_videos/8.mov,Right,143.36,379,19.48,173,173,77,45,174,-0.0539,1.1161,0.2511,0.6907,-0.0487,-0.0698,0.6907,0.0862,-0.0539,0,0,1,1,3,3,0,3
894,55,./side_view_dataset_videos/8.mov,Left,168.17,402,17.27,167,172,73,51,179,-0.416,0.9918,-0.0462,0.757,-0.414,-0.1117,0.757,0.1216,0.0383,1,0,2,2,3,3,0,3
895,69,./side_view_dataset_videos/8.mov,Right,158.8,374,14.39,179,179,81,40,176,-0.0439,1.1395,0.2575,0.6556,-0.046,-0.0717,0.6556,0.0658,-0.0761,0,0,3,0,3,3,0,3
896,76,./side_view_dataset_videos/8.mov,Left,176.44,360,14.06,165,174,101,49,178,-0.3698,0.9617,0.0358,0.7543,-0.3655,-0.1064,0.7543,0.1156,0.0663,2,0,3,2,3,2,0,3
897,85,./side_view_dataset_videos/8.mov,Right,183.31,339,15.78,155,165,55,41,173,-0.4315,1.1229,-0.0452,0.7928,-0.4295,-0.1209,0.7928,0.1205,0.1062,3,0,2,3,3,1,0,3
898,96,./side_view_dataset_videos/8.mov,Left,189.92,388,15.45,164,174,86,49,177,-0.4165,0.9842,-0.0386,0.7759,-0.4137,-0.1124,0.7759,0.1323,0.0984,3,0,2,3,3,3,0,3
899,110,./side_view_dataset_videos/8.mov,Right,165.66,423,15.89,168,169,83,42,176,-0.0777,1.0543,0.2427,0.6736,-0.0878,-0.0928,0.6736,0.0775,-0.1019,1,0,2,2,3,3,0,3
900,129,./side_view_dataset_videos/8.mov,Left,159.28,423,16.28,170,170,106,49,174,-0.0508,1.365,0.1025,0.7468,-0.0614,-0.0253,0.7468,0.0926,0.0485,0,0,2,1,3,2,0,3
901,139,./side_view_dataset_videos/8.mov,Right,144.72,438,17.02,164,164,90,52,177,-0.1561,1.2895,0.1346,0.7417,-0.1412,-0.0686,0.7417,0.0363,0.0303,0,0,2,3,2,3,0,3
902,150,./side_view_dataset_videos/8.mov,Left,137.86,409,17.31,175,175,87,46,174,-0.099,1.3304,0.0852,0.7447,-0.1083,-0.0154,0.7447,0.0794,0.0344,0,0,2,0,3,3,0,3
903,161,./side_view_dataset_videos/8.mov,Right,137.86,374,17.73,161,177,84,52,175,-0.1309,1.0102,0.1403,0.6733,-0.1054,-0.0896,0.6733,0.0496,0.0692,0,0,2,3,3,3,0,3
904,170,./side_view_dataset_videos/8.mov,Left,151.34,289,18.14,170,170,126,50,175,-0.0105,1.3851,0.091,0.7846,-0.0127,-0.0233,0.7846,0.0429,0.08,0,1,1,1,3,0,0,3
905,181,./side_view_dataset_videos/8.mov,Right,164.34,310,19.9,160,160,92,54,176,-0.2328,0.9456,0.1292,0.7449,-0.219,-0.1096,0.7449,0.0504,0.0568,1,0,1,3,2,3,0,3
906,191,./side_view_dataset_videos/8.mov,Left,164.34,282,19.24,171,171,96,45,174,0.0563,1.3915,0.1462,0.7578,0.0575,-0.0141,0.7578,0.0415,0.0243,1,2,1,1,3,3,0,3
907,202,./side_view_dataset_videos/8.mov,Right,164.34,303,16.79,167,178,98,52,178,-0.2462,0.9135,0.145,0.7549,-0.2302,-0.1108,0.7549,0.0057,-0.0131,1,0,2,2,3,3,0,3
908,212,./side_view_dataset_videos/8.mov,Left,167.43,296,15.42,164,164,88,45,178,-0.009,1.2728,0.0953,0.7093,0.0066,-0.0196,0.7093,-0.0698,-0.0459,1,1,2,3,2,3,0,3
909,225,./side_view_dataset_videos/8.mov,Right,155.81,310,21.77,156,179,77,56,174,-0.0587,0.9473,0.1792,0.5828,-0.0451,-0.069,0.5828,-0.1061,0.04,0,0,0,3,3,3,1,3
910,234,./side_view_dataset_videos/8.mov,Left,162.68,296,22.48,161,161,95,64,175,-0.1321,1.2149,0.1068,0.7164,-0.1175,-0.0276,0.7164,-0.1392,-0.1672,1,1,0,3,2,3,2,3
911,247,./side_view_dataset_videos/8.mov,Right,154.84,310,21.48,157,163,76,63,176,-0.1309,1.0601,0.0492,0.6265,-0.1222,-0.0712,0.6265,-0.0772,0.0601,0,0,0,3,2,3,2,3
912,256,./side_view_dataset_videos/8.mov,Left,161.7,296,21.72,168,168,112,61,177,-0.0096,1.2877,0.071,0.7139,0.015,-0.0103,0.7139,-0.0978,-0.0638,1,1,0,2,3,2,2,3
913,268,./side_view_dataset_videos/8.mov,Right,156.04,303,21.26,155,174,87,60,176,-0.0726,0.9717,0.1924,0.652,-0.0636,-0.101,0.652,-0.0755,0.0186,0,0,0,3,3,3,2,3
914,277,./side_view_dataset_videos/8.mov,Left,167.65,310,26.07,158,163,85,52,175,-0.1126,1.3056,0.0855,0.8104,-0.0904,-0.0241,0.8104,-0.1512,-0.1595,1,0,0,3,2,3,0,3
915,290,./side_view_dataset_videos/8.mov,Right,156.04,325,26.02,156,179,93,59,177,-0.1074,1.0004,0.1565,0.6406,-0.0955,-0.1034,0.6406,-0.0499,0.0568,0,0,0,3,3,3,1,3
916,300,./side_view_dataset_videos/8.mov,Left,163.88,317,25.77,163,164,134,56,177,-0.0905,1.2401,0.0846,0.7252,-0.0759,-0.0192,0.7252,-0.0811,-0.0573,1,0,0,3,2,0,1,3
917,313,./side_view_dataset_videos/8.mov,Right,152.26,325,22.22,160,177,80,56,178,-0.1284,1.0888,0.1128,0.6575,-0.1197,-0.097,0.6575,0.0167,0.1152,0,0,0,3,3,3,1,3
918,322,./side_view_dataset_videos/8.mov,Left,161.7,317,22.66,171,171,114,51,179,-0.0104,1.2648,0.117,0.7009,0.0042,-0.0247,0.7009,-0.1001,-0.0806,1,0,0,1,3,2,0,3
919,333,./side_view_dataset_videos/8.mov,Right,154.84,325,24.36,164,164,82,57,176,-0.1294,1.0493,0.1734,0.7343,-0.1097,-0.1121,0.7343,-0.0825,-0.0557,0,0,0,3,2,3,1,3
920,344,./side_view_dataset_videos/8.mov,Left,159.59,303,23.08,176,176,68,53,178,-0.0977,1.2213,0.1094,0.6734,-0.0778,-0.0263,0.6734,-0.0825,-0.034,0,0,0,0,3,2,0,3
921,357,./side_view_dataset_videos/8.mov,Right,151.75,310,23.07,162,179,54,59,179,-0.1595,1.0034,0.0201,0.6544,-0.1429,-0.041,0.6544,-0.015,0.0765,0,0,0,3,3,1,1,3
922,366,./side_view_dataset_videos/8.mov,Left,163.36,303,22.63,163,164,134,53,179,-0.0253,1.2065,0.091,0.6752,0.0006,-0.0227,0.6752,-0.0774,-0.1285,1,0,0,3,2,0,0,3
923,377,./side_view_dataset_videos/8.mov,Right,156.5,325,23.57,167,174,77,49,178,-0.1808,0.8707,0.1386,0.7036,-0.1821,-0.1063,0.7036,-0.0251,0.0214,0,0,0,2,3,3,0,3
924,388,./side_view_dataset_videos/8.mov,Left,156.5,303,23.17,173,173,106,51,179,-0.1109,1.1382,0.091,0.6536,-0.0852,-0.0331,0.6536,-0.0898,-0.0953,0,0,0,1,3,2,0,3
925,398,./side_view_dataset_videos/8.mov,Right,159.59,339,24.4,162,177,92,58,176,0.0357,1.4758,0.1687,0.7667,0.0381,-0.0662,0.7667,-0.0693,-0.0342,0,0,0,3,3,3,1,3
926,410,./side_view_dataset_videos/8.mov,Left,161.76,360,25.06,171,171,98,52,178,-0.1811,1.1918,0.106,0.7072,-0.1599,-0.0425,0.7072,-0.0905,-0.0883,1,0,0,1,3,3,0,3
927,422,./side_view_dataset_videos/8.mov,Right,152.33,374,25.18,162,178,71,53,176,-0.075,1.0215,0.1733,0.593,-0.0534,-0.0746,0.593,-0.0739,0.0434,0,0,0,3,3,3,0,3
928,432,./side_view_dataset_videos/8.mov,Left,155.42,381,25.84,174,174,86,54,177,-0.0966,1.1993,0.1189,0.7111,-0.0874,-0.039,0.7111,-0.0815,-0.0251,0,0,0,1,3,3,0,3
929,444,./side_view_dataset_videos/8.mov,Right,152.84,388,23.07,166,166,88,58,179,-0.1497,1.1113,0.122,0.674,-0.1257,-0.0746,0.674,-0.015,0.0355,0,0,0,2,3,3,1,3
930,453,./side_view_dataset_videos/8.mov,Left,156.62,353,23.04,165,165,102,47,178,-0.0763,1.4016,0.1036,0.8103,-0.0889,-0.021,0.8103,0.0394,-0.006,0,0,0,2,3,2,0,3
931,464,./side_view_dataset_videos/8.mov,Right,159.19,317,22.9,166,166,90,52,179,-0.028,1.4589,0.1561,0.7648,-0.0225,-0.0119,0.7648,0.0113,0.0109,0,0,0,2,3,3,0,3
932,475,./side_view_dataset_videos/8.mov,Left,161.76,303,22.34,169,169,48,46,178,-0.1576,1.2429,0.1269,0.7176,-0.1623,-0.0157,0.7176,-0.0179,0.0383,1,0,0,2,3,0,0,3
933,485,./side_view_dataset_videos/8.mov,Right,161.76,275,20.6,155,158,55,61,177,0.0274,1.3984,0.1613,0.7144,0.0353,-0.027,0.7144,-0.0535,-0.1801,1,2,1,3,2,1,2,3
934,499,./side_view_dataset_videos/8.mov,Left,157.72,247,19.34,179,179,85,54,178,-0.1985,1.2804,-0.0059,0.6923,-0.1956,-0.0174,0.6923,0.0545,0.0557,0,3,1,0,3,3,0,3
935,508,./side_view_dataset_videos/8.mov,Right,157.72,282,20.2,155,160,69,60,177,-0.1567,0.8164,0.1735,0.7079,-0.1412,-0.0956,0.7079,0.0264,0.0093,0,2,1,3,2,2,2,3
936,520,./side_view_dataset_videos/8.mov,Left,155.15,261,19.65,179,179,73,59,179,-0.1564,1.2545,0.017,0.6833,-0.1607,-0.0216,0.6833,0.0574,0.0615,0,3,1,0,3,3,1,3
937,530,./side_view_dataset_videos/8.mov,Right,158.24,282,18.04,154,154,60,61,178,-0.2079,0.7572,0.1383,0.7112,-0.2093,-0.1033,0.7112,0.0242,0.052,0,2,1,2,1,2,2,3
938,541,./side_view_dataset_videos/8.mov,Left,155.15,261,20.56,161,167,74,47,178,-0.119,1.2589,0.0704,0.6811,-0.1111,-0.0142,0.6811,-0.0042,-0.0172,0,3,1,3,3,3,0,3
939,550,./side_view_dataset_videos/8.mov,Right,168.63,296,20.5,154,172,84,60,176,0.1053,1.4503,0.1628,0.7425,0.1048,-0.0067,0.7425,-0.0581,-0.1786,1,1,1,2,3,3,2,3
940,565,./side_view_dataset_videos/8.mov,Left,153.53,247,20.62,175,175,72,50,177,-0.2238,1.2913,-0.0043,0.7261,-0.2326,-0.0296,0.7261,0.0458,0.0768,0,3,1,0,3,3,0,3
941,573,./side_view_dataset_videos/8.mov,Right,167.68,303,20.83,152,152,86,61,176,-0.1809,0.9871,0.1852,0.7422,-0.1686,-0.0878,0.7422,-0.0804,-0.2328,1,0,1,2,1,3,2,3
942,585,./side_view_dataset_videos/8.mov,Left,162.02,275,21.34,163,163,130,52,178,-0.0519,1.3315,0.1399,0.7788,-0.0762,-0.02,0.7788,0.0158,0.0184,1,2,0,3,2,0,0,3
943,596,./side_view_dataset_videos/8.mov,Right,162.02,303,18.88,153,153,90,60,177,-0.0642,1.2214,0.1757,0.716,-0.0461,-0.0884,0.716,-0.0591,0.029,1,0,1,2,1,3,2,3
944,607,./side_view_dataset_videos/8.mov,Left,155.16,289,19.35,159,163,88,50,179,-0.0054,1.339,0.1378,0.7777,-0.0163,-0.0177,0.7777,0.0055,0.0103,0,1,1,3,2,3,0,3
945,627,./side_view_dataset_videos/8.mov,Right,149.5,339,18.09,156,160,57,66,179,-0.4106,0.9782,-0.021,0.7595,-0.4036,-0.1142,0.7595,0.0065,0.0435,0,0,1,3,2,1,3,3
946,639,./side_view_dataset_videos/8.mov,Left,135.35,332,19.05,163,163,83,63,175,-0.3792,0.9423,-0.0192,0.7779,-0.3833,-0.1095,0.7779,0.0417,0.0508,0,0,1,3,2,3,2,3
947,650,./side_view_dataset_videos/8.mov,Right,137.92,360,23.35,160,166,69,50,177,-0.3831,1.2191,-0.0635,0.7573,-0.3665,-0.1104,0.7573,0.0217,0.0401,0,0,0,3,3,2,0,3
948,661,./side_view_dataset_videos/8.mov,Left,137.92,374,22.59,167,170,65,54,177,-0.4295,1.0261,-0.1049,0.6763,-0.4266,-0.1089,0.6763,0.0757,0.0796,0,0,0,2,3,2,0,3
949,672,./side_view_dataset_videos/8.mov,Right,137.92,409,23.47,158,171,60,45,176,-0.4226,1.1967,-0.1006,0.7257,-0.4084,-0.1016,0.7257,0.0456,0.0279,0,0,0,3,3,2,0,3
950,685,./side_view_dataset_videos/8.mov,Left,147.06,402,20.49,173,173,76,51,177,-0.4084,1.0975,-0.1232,0.6767,-0.4028,-0.0925,0.6767,0.0688,0.0117,0,0,1,1,3,3,0,3
951,696,./side_view_dataset_videos/8.mov,Right,149.64,409,21.46,174,174,78,54,176,-0.4679,1.1485,-0.1382,0.7471,-0.4722,-0.1014,0.7471,0.0628,0.086,0,0,0,1,3,3,0,3
952,708,./side_view_dataset_videos/8.mov,Left,147.06,416,18.09,175,175,96,56,176,-0.4244,1.1477,-0.1906,0.681,-0.4096,-0.0736,0.681,0.027,0.0126,0,0,1,0,3,3,1,3
953,720,./side_view_dataset_videos/8.mov,Right,144.49,423,20.0,169,174,74,48,177,-0.5055,1.2773,-0.1731,0.8392,-0.4922,-0.0957,0.8392,0.0319,0.1327,0,0,1,2,3,3,0,3
954,732,./side_view_dataset_videos/8.mov,Left,141.92,409,18.97,175,175,96,51,175,-0.4277,1.1295,-0.1426,0.7349,-0.4231,-0.1001,0.7349,0.0344,0.0337,0,0,1,0,3,3,0,3
955,743,./side_view_dataset_videos/8.mov,Right,146.67,409,19.0,167,167,77,48,177,-0.4332,1.2023,-0.019,0.7429,-0.4372,-0.1065,0.7429,0.0466,0.0963,0,0,1,2,3,3,0,3
956,754,./side_view_dataset_videos/8.mov,Left,146.67,445,19.58,171,171,83,55,177,-0.4059,1.1926,-0.1091,0.6897,-0.4074,-0.0907,0.6897,0.0664,0.0644,0,0,1,1,3,3,1,3
957,771,./side_view_dataset_videos/8.mov,Right,138.34,409,21.42,176,176,91,49,179,-0.1305,1.0748,0.2153,0.6917,-0.1298,-0.076,0.6917,-0.0058,-0.1884,0,0,0,0,3,3,0,3
958,778,./side_view_dataset_videos/8.mov,Left,158.56,409,20.62,171,174,92,59,176,-0.4314,1.0512,-0.1134,0.7055,-0.4308,-0.1012,0.7055,0.0554,0.0482,0,0,1,1,3,3,1,3
959,790,./side_view_dataset_videos/8.mov,Right,158.56,409,22.36,165,168,72,42,178,-0.2021,1.2807,0.0443,0.7952,-0.1931,-0.0749,0.7952,0.0226,0.0723,0,0,0,2,3,3,0,3
960,801,./side_view_dataset_videos/8.mov,Left,158.56,416,21.24,172,173,66,57,176,-0.4686,1.0852,-0.1586,0.7154,-0.4772,-0.1029,0.7154,0.0764,0.0827,0,0,0,1,3,2,1,3
961,813,./side_view_dataset_videos/8.mov,Right,155.99,374,21.78,163,163,71,46,178,0.1344,1.4209,0.1328,0.7485,0.1331,-0.015,0.7485,0.0205,0.0563,0,0,0,3,2,3,0,3
962,824,./side_view_dataset_videos/8.mov,Left,166.89,402,21.56,170,170,76,59,176,-0.387,0.9547,-0.0505,0.696,-0.3951,-0.1173,0.696,0.053,0.0407,1,0,0,1,3,3,1,3
963,835,./side_view_dataset_videos/8.mov,Right,149.24,395,22.85,163,163,91,47,176,-0.4177,1.2447,-0.042,0.773,-0.4185,-0.1101,0.773,0.0592,0.0463,0,0,0,3,2,3,0,3
964,846,./side_view_dataset_videos/8.mov,Left,151.82,423,17.36,170,170,78,58,178,-0.4239,0.9727,-0.1075,0.7112,-0.4233,-0.1088,0.7112,0.0882,0.0553,0,0,2,1,3,3,1,3
965,861,./side_view_dataset_videos/8.mov,Right,143.58,388,18.41,177,177,88,50,177,-0.1471,1.0349,0.195,0.7002,-0.161,-0.0822,0.7002,0.0544,-0.059,0,0,1,0,3,3,0,3
966,868,./side_view_dataset_videos/8.mov,Left,163.8,416,17.69,171,171,57,55,179,-0.4305,1.0526,-0.1186,0.7066,-0.4281,-0.1139,0.7066,0.0967,0.0719,1,0,2,1,3,1,1,3
967,883,./side_view_dataset_videos/8.mov,Right,155.56,388,19.88,174,174,99,51,177,-0.1766,0.9221,0.2167,0.679,-0.189,-0.0948,0.679,0.0548,0.0498,0,0,1,1,3,3,0,3
968,890,./side_view_dataset_videos/8.mov,Left,173.21,423,18.47,169,169,74,54,178,-0.4178,1.0019,-0.1029,0.6946,-0.4116,-0.1171,0.6946,0.0717,0.0336,2,0,1,2,3,3,0,3
969,906,./side_view_dataset_videos/8.mov,Right,163.56,374,19.37,171,171,86,51,178,-0.0629,1.0864,0.2462,0.6502,-0.0807,-0.0915,0.6502,0.0474,-0.1133,1,0,1,1,3,3,0,3
970,926,./side_view_dataset_videos/8.mov,Left,157.9,374,21.33,173,173,132,54,177,-0.0137,1.3621,0.0807,0.7742,-0.0033,-0.0163,0.7742,-0.0188,-0.0789,0,0,0,1,3,0,0,3
971,937,./side_view_dataset_videos/8.mov,Right,140.25,353,21.46,166,174,103,55,179,-0.2179,0.845,0.142,0.7011,-0.2085,-0.1017,0.7011,-0.0056,-0.1178,0,0,0,2,3,2,1,3
972,949,./side_view_dataset_videos/8.mov,Left,145.92,353,21.59,175,175,110,50,177,-0.0954,1.2611,0.061,0.7139,-0.0946,-0.0178,0.7139,0.003,-0.022,0,0,0,0,3,2,0,3
973,960,./side_view_dataset_videos/8.mov,Right,128.27,332,22.68,163,174,127,58,178,-0.1898,0.919,0.1501,0.7408,-0.1671,-0.0995,0.7408,0.0009,0.0141,0,0,0,3,3,0,1,3
974,973,./side_view_dataset_videos/8.mov,Left,133.17,317,20.34,172,172,95,51,178,-0.1728,1.1918,-0.0125,0.6561,-0.1619,-0.0272,0.6561,0.0311,0.0133,0,0,1,1,3,3,0,3
975,984,./side_view_dataset_videos/8.mov,Right,147.06,346,20.58,169,178,95,57,176,-0.225,1.2361,-0.0187,0.6788,-0.2195,-0.0219,0.6788,0.0557,0.1013,0,0,1,2,3,3,1,3
976,995,./side_view_dataset_videos/8.mov,Left,147.06,296,20.79,170,170,91,51,179,-0.1767,1.2642,-0.0285,0.7051,-0.1735,-0.0285,0.7051,0.0507,0.0296,0,1,1,1,3,3,0,3
977,1004,./side_view_dataset_videos/8.mov,Right,156.5,325,21.87,162,174,118,56,179,-0.2057,0.929,0.1594,0.7714,-0.1895,-0.1055,0.7714,-0.012,0.0573,0,0,0,3,3,1,1,3
978,1015,./side_view_dataset_videos/8.mov,Left,156.5,282,21.5,175,175,121,49,178,-0.0738,1.3158,0.1132,0.7277,-0.0838,-0.0154,0.7277,-0.0094,0.0043,0,2,0,0,3,0,0,3
979,1026,./side_view_dataset_videos/8.mov,Right,161.25,332,17.37,163,179,120,60,179,-0.1574,0.965,0.1566,0.7156,-0.1481,-0.1011,0.7156,0.0072,0.0805,1,0,2,3,3,0,2,3
980,1039,./side_view_dataset_videos/8.mov,Left,156.5,289,16.88,172,172,100,49,179,-0.2256,1.3194,-0.0584,0.6956,-0.2226,-0.0232,0.6956,0.0616,0.0367,0,1,2,1,3,2,0,3
981,1047,./side_view_dataset_videos/8.mov,Right,168.08,332,16.64,165,171,120,56,178,-0.2149,0.905,0.1402,0.7363,-0.1907,-0.108,0.7363,-0.0508,-0.0476,1,0,2,2,3,0,1,3
982,1058,./side_view_dataset_videos/8.mov,Left,161.22,303,17.69,167,170,134,52,178,-0.0441,1.3436,0.0744,0.7522,-0.0417,-0.0152,0.7522,0.0223,0.0054,1,0,2,2,3,0,0,3
983,1069,./side_view_dataset_videos/8.mov,Right,161.22,346,19.49,164,171,117,60,178,-0.2245,0.9216,0.1462,0.7684,-0.2082,-0.1072,0.7684,0.0137,0.0564,1,0,1,3,3,1,2,3
984,1082,./side_view_dataset_videos/8.mov,Left,156.47,289,23.88,179,179,107,46,178,-0.1724,1.3129,-0.0098,0.7104,-0.1631,-0.0299,0.7104,0.0497,0.0299,0,1,0,0,3,2,0,3
985,1093,./side_view_dataset_videos/8.mov,Right,161.22,317,23.68,160,166,106,59,178,-0.2237,1.2414,-0.0163,0.6965,-0.2057,-0.0238,0.6965,0.0155,0.1015,1,0,0,3,3,2,1,3
986,1102,./side_view_dataset_videos/8.mov,Left,156.5,289,24.47,164,170,123,50,178,-0.1606,1.2998,0.0835,0.7255,-0.1634,-0.0287,0.7255,0.0115,0.0162,0,1,0,3,3,0,0,3
987,1112,./side_view_dataset_videos/8.mov,Right,159.59,332,24.24,158,160,118,59,179,-0.2528,0.873,0.1372,0.7224,-0.2316,-0.109,0.7224,-0.034,-0.0736,0,0,0,3,2,1,1,3
988,1125,./side_view_dataset_videos/8.mov,Left,154.84,282,23.75,177,177,106,51,177,-0.1441,1.2956,0.0159,0.6901,-0.1322,-0.0237,0.6901,0.0392,0.0155,0,2,0,0,3,2,0,3
989,1136,./side_view_dataset_videos/8.mov,Right,159.59,317,20.61,160,160,100,58,177,-0.1937,1.1653,0.0468,0.6718,-0.175,-0.0413,0.6718,0.0284,0.0909,0,0,1,3,2,2,1,3
990,1146,./side_view_dataset_videos/8.mov,Left,162.68,296,21.74,173,173,108,49,178,-0.0858,1.2895,0.038,0.7183,-0.0727,-0.0162,0.7183,0.0027,0.0056,1,1,0,1,3,2,0,3
991,1157,./side_view_dataset_videos/8.mov,Right,155.81,325,22.92,164,164,100,58,177,-0.1566,0.9164,0.1439,0.6777,-0.1379,-0.1086,0.6777,0.0199,0.0521,0,0,0,3,2,2,1,3
992,1168,./side_view_dataset_videos/8.mov,Left,152.73,275,22.83,175,175,119,53,177,-0.1035,1.2971,0.0922,0.72,-0.1006,-0.0154,0.72,0.0035,-0.0129,0,2,0,0,3,1,0,3
993,1180,./side_view_dataset_videos/8.mov,Right,154.9,310,21.97,165,165,98,57,177,-0.1777,1.0608,0.0512,0.6399,-0.1649,-0.0648,0.6399,0.0333,0.087,0,0,0,2,3,3,1,3
994,1191,./side_view_dataset_videos/8.mov,Left,154.9,275,21.5,179,179,96,52,178,-0.176,1.2126,-0.0005,0.6577,-0.1555,-0.019,0.6577,0.0275,0.0246,0,2,0,0,3,3,0,3
995,1201,./side_view_dataset_videos/8.mov,Right,154.9,317,22.15,166,169,101,58,177,-0.1326,0.8,0.1545,0.6236,-0.1231,-0.101,0.6236,0.0264,0.0678,0,0,0,2,3,2,1,3
996,1213,./side_view_dataset_videos/8.mov,Left,152.33,282,21.77,175,175,93,52,177,-0.1481,1.2254,0.0094,0.6572,-0.1325,-0.0295,0.6572,0.045,0.0093,0,2,0,0,3,3,0,3
997,1223,./side_view_dataset_videos/8.mov,Right,155.42,310,22.72,164,176,112,59,177,-0.1639,0.9194,0.1483,0.6957,-0.1469,-0.1134,0.6957,0.0184,0.0441,0,0,0,3,3,2,1,3
998,1233,./side_view_dataset_videos/8.mov,Left,161.08,282,22.3,171,171,119,49,177,-0.0842,1.3337,0.0561,0.7492,-0.0816,-0.0197,0.7492,-0.0002,-0.0045,1,2,0,1,3,1,0,3
999,1244,./side_view_dataset_videos/8.mov,Right,161.08,339,22.63,163,173,113,54,179,-0.2443,0.9018,0.1475,0.7203,-0.2235,-0.112,0.7203,-0.032,-0.034,1,0,0,3,3,2,0,3
1000,1257,./side_view_dataset_videos/8.mov,Left,153.24,289,22.64,179,179,92,44,178,-0.1774,1.2944,0.0095,0.695,-0.1685,-0.0147,0.695,0.0359,-0.0038,0,1,0,0,3,3,0,3
1001,1267,./side_view_dataset_videos/8.mov,Right,158.9,325,23.11,159,164,90,63,177,-0.1888,1.1413,0.1146,0.761,-0.1785,-0.083,0.761,0.035,0.0586,0,0,0,3,2,3,2,3
1002,1278,./side_view_dataset_videos/8.mov,Left,155.81,296,23.1,177,177,108,49,175,-0.0084,1.325,0.1278,0.7514,-0.0074,-0.0184,0.7514,0.0333,0.0165,0,1,0,0,3,2,0,3
1003,1289,./side_view_dataset_videos/8.mov,Right,152.73,310,23.78,163,163,107,55,177,-0.2563,0.8138,0.1355,0.737,-0.2337,-0.099,0.737,0.0168,0.0307,0,0,0,3,2,2,1,3
1004,1300,./side_view_dataset_videos/8.mov,Left,152.73,268,24.19,169,175,134,51,177,0.1027,1.3934,0.1241,0.7273,0.1114,-0.0129,0.7273,-0.0191,-0.0054,0,3,0,2,3,0,0,3
1005,1314,./side_view_dataset_videos/8.mov,Right,150.86,268,25.08,172,172,103,64,174,-0.1983,1.317,0.0331,0.7342,-0.1867,-0.0152,0.7342,0.0814,0.0675,0,3,0,1,3,2,2,3
1006,1325,./side_view_dataset_videos/8.mov,Left,147.77,226,27.15,174,174,110,63,175,-0.1346,1.3658,0.0613,0.6995,-0.1197,-0.0175,0.6995,0.0336,-0.0001,0,3,0,1,3,2,2,3
1007,1337,./side_view_dataset_videos/8.mov,Right,145.2,254,26.78,167,175,97,70,177,-0.1272,0.7465,0.1476,0.7363,-0.1235,0.0017,0.7363,0.0348,0.0643,0,3,0,2,3,3,3,3
1008,1347,./side_view_dataset_videos/8.mov,Left,148.29,240,31.6,162,172,114,55,178,-0.0435,1.3329,0.058,0.7352,-0.0331,-0.0521,0.7352,-0.0482,-0.1058,0,3,0,3,3,2,1,3
1009,1360,./side_view_dataset_videos/8.mov,Right,143.54,254,32.96,176,176,93,66,177,-0.128,0.754,0.1545,0.6665,-0.1165,-0.0185,0.6665,0.0261,0.0455,0,3,0,0,3,3,3,3
1010,1372,./side_view_dataset_videos/8.mov,Left,147.58,247,32.15,179,179,87,62,179,-0.1494,1.3305,0.0147,0.677,-0.1242,-0.0194,0.677,-0.0094,-0.0407,0,3,0,0,3,3,2,3
1011,1383,./side_view_dataset_videos/8.mov,Right,147.58,282,30.7,173,176,101,65,179,-0.1561,0.4484,0.1665,0.6944,-0.1503,-0.045,0.6944,0.0047,0.0508,0,2,0,1,3,2,3,3
1012,1393,./side_view_dataset_videos/8.mov,Left,153.24,268,27.46,179,179,131,54,177,0.0427,1.4365,0.0699,0.7697,0.0549,-0.0172,0.7697,-0.0107,-0.0256,0,3,0,0,3,0,0,3
1013,1407,./side_view_dataset_videos/8.mov,Right,143.54,282,24.71,171,175,90,61,174,-0.1958,1.1864,0.0179,0.6824,-0.1862,-0.0529,0.6824,0.0832,0.1246,0,2,0,1,3,3,2,3
1014,12,./side_view_dataset_videos/9.mov,Right,0,366,13.98,168,178,86,43,178,0.0232,1.5502,0.1294,0.7685,0.0287,-0.0094,0.7685,-0.0293,-0.1135,0,0,3,2,3,3,0,3
1015,23,./side_view_dataset_videos/9.mov,Left,163.65,316,18.14,177,177,93,40,179,-0.0521,1.4743,0.0835,0.8062,-0.0435,-0.0103,0.8062,-0.0427,-0.0718,1,0,1,0,3,3,0,3
1016,34,./side_view_dataset_videos/9.mov,Right,163.65,299,20.29,161,161,95,48,178,-0.0019,1.4943,0.1193,0.7478,0.0133,-0.0068,0.7478,-0.0417,-0.0096,1,1,1,3,2,3,0,3
1017,47,./side_view_dataset_videos/9.mov,Left,155.26,274,19.87,177,177,89,42,179,-0.1123,1.3042,0.0247,0.6839,-0.0975,-0.0254,0.6839,0.0148,0.0499,0,2,1,0,3,3,0,3
1018,56,./side_view_dataset_videos/9.mov,Right,166.45,293,21.06,164,164,89,46,178,-0.2136,0.9978,0.1372,0.761,-0.203,-0.1143,0.761,-0.0394,0.0261,1,1,0,3,2,3,0,3
1019,67,./side_view_dataset_videos/9.mov,Left,165.89,266,21.0,176,176,123,48,179,-0.0503,1.4161,0.1005,0.7419,-0.0475,-0.0091,0.7419,-0.0254,-0.0224,1,3,1,0,3,0,0,3
1020,79,./side_view_dataset_videos/9.mov,Right,163.16,279,20.54,163,163,84,49,178,-0.1383,1.4031,0.0714,0.7382,-0.1313,-0.016,0.7382,0.0211,0.1239,1,2,1,3,2,3,0,3
1021,89,./side_view_dataset_videos/9.mov,Left,166.44,266,20.37,178,178,96,49,179,-0.0867,1.3798,0.0538,0.6869,-0.0881,-0.0121,0.6869,-0.0073,-0.0233,1,3,1,0,3,3,0,3
1022,101,./side_view_dataset_videos/9.mov,Right,168.74,279,20.37,166,166,72,51,177,-0.1963,1.4021,-0.0235,0.7267,-0.1825,-0.0181,0.7267,0.0344,0.1168,1,2,1,2,3,3,0,3
1023,112,./side_view_dataset_videos/9.mov,Left,161.47,239,21.77,168,169,77,49,178,-0.1586,1.374,-0.0148,0.6845,-0.1491,-0.0229,0.6845,0.0186,0.0252,1,3,0,2,3,3,0,3
1024,123,./side_view_dataset_videos/9.mov,Right,161.47,226,20.28,167,167,77,49,178,-0.2001,1.4102,-0.0255,0.7278,-0.1675,-0.0196,0.7278,-0.0092,0.0922,1,3,1,2,3,3,0,3
1025,132,./side_view_dataset_videos/9.mov,Left,171.47,199,21.34,166,172,107,47,179,-0.0954,1.5393,0.049,0.778,-0.1133,-0.0089,0.778,0.022,-0.003,2,3,0,2,3,2,0,3
1026,143,./side_view_dataset_videos/9.mov,Right,168.2,233,21.35,165,165,88,55,179,-0.1841,0.983,0.1532,0.7342,-0.1776,-0.1003,0.7342,0.0037,0.1011,1,3,0,2,3,3,1,3
1027,154,./side_view_dataset_videos/9.mov,Left,170.93,226,23.17,177,177,117,47,179,-0.0672,1.507,0.1174,0.8004,-0.0697,-0.0107,0.8004,-0.0145,-0.011,2,3,0,0,3,1,0,3
1028,164,./side_view_dataset_videos/9.mov,Right,174.2,246,17.46,168,168,101,49,177,0.0279,1.4876,0.1378,0.7424,0.0329,-0.0116,0.7424,-0.0411,-0.0151,2,3,2,2,3,2,0,3
1029,176,./side_view_dataset_videos/9.mov,Left,171.47,259,17.6,166,172,121,46,179,-0.0659,1.4164,0.099,0.7591,-0.0696,-0.0105,0.7591,-0.0081,-0.0175,2,3,2,2,3,0,0,3
1030,186,./side_view_dataset_videos/9.mov,Right,167.47,273,18.72,164,164,104,52,179,0.0255,1.4871,0.128,0.7437,0.0261,-0.0076,0.7437,-0.0092,-0.0051,1,2,1,3,2,2,0,3
1031,198,./side_view_dataset_videos/9.mov,Left,164.74,246,19.72,177,177,122,47,179,-0.0683,1.4529,0.0953,0.7797,-0.0747,-0.0201,0.7797,-0.0106,-0.0244,1,3,1,0,3,0,0,3
1032,210,./side_view_dataset_videos/9.mov,Right,162.02,239,17.14,166,166,71,46,177,-0.1969,1.4097,-0.0138,0.7398,-0.174,-0.0232,0.7398,0.0272,0.081,1,3,2,2,3,3,0,3
1033,220,./side_view_dataset_videos/9.mov,Left,162.02,226,17.43,172,172,91,50,178,-0.1287,1.3866,0.0148,0.7155,-0.1326,-0.0097,0.7155,0.0409,0.019,1,3,2,1,3,3,0,3
1034,230,./side_view_dataset_videos/9.mov,Right,168.02,233,18.42,174,174,83,48,179,-0.0145,1.5181,0.1358,0.7579,-0.0097,-0.0179,0.7579,0.0034,0.0425,1,3,1,1,3,3,0,3
1035,242,./side_view_dataset_videos/9.mov,Left,162.02,219,17.72,176,176,103,46,178,-0.1018,1.3217,0.1029,0.6978,-0.0988,-0.0191,0.6978,0.0143,0.0034,1,3,2,0,3,2,0,3
1036,251,./side_view_dataset_videos/9.mov,Right,172.02,259,17.66,166,166,79,50,177,0.0521,1.4954,0.1215,0.7404,0.0616,-0.0015,0.7404,-0.0507,-0.215,2,3,2,2,3,3,0,3
1037,264,./side_view_dataset_videos/9.mov,Left,169.71,259,18.63,179,179,95,45,178,-0.1224,1.3242,0.0302,0.6789,-0.1227,-0.0226,0.6789,0.0335,0.0149,1,3,1,0,3,3,0,3
1038,273,./side_view_dataset_videos/9.mov,Right,173.71,299,16.98,168,179,98,48,179,-0.2806,1.0008,0.1245,0.7443,-0.2738,-0.1007,0.7443,-0.0206,-0.0245,2,1,2,2,3,3,0,3
1039,285,./side_view_dataset_videos/9.mov,Left,167.71,293,18.39,176,176,102,43,179,-0.0712,1.3671,0.0884,0.7412,-0.0774,-0.0186,0.7412,0.0086,0.0104,1,1,1,0,3,2,0,3
1040,297,./side_view_dataset_videos/9.mov,Right,167.71,319,19.73,163,179,75,49,177,-0.1831,1.3963,0.0314,0.7334,-0.1707,-0.0145,0.7334,0.03,0.0776,1,0,1,3,3,3,0,3
1041,307,./side_view_dataset_videos/9.mov,Left,163.71,273,20.01,173,173,106,47,179,-0.0792,1.3629,0.0933,0.728,-0.0783,-0.0187,0.728,0.0091,0.0016,1,2,1,1,3,2,0,3
1042,317,./side_view_dataset_videos/9.mov,Right,172.02,286,20.07,168,168,108,50,179,-0.0028,1.4945,0.1121,0.7425,0.0001,-0.0053,0.7425,0.0081,0.0227,2,1,1,2,3,2,0,3
1043,329,./side_view_dataset_videos/9.mov,Left,162.02,246,19.02,177,177,106,44,178,-0.1107,1.3162,0.0323,0.667,-0.1017,-0.015,0.667,0.0096,-0.0099,1,3,1,0,3,2,0,3
1044,341,./side_view_dataset_videos/9.mov,Right,162.02,233,17.33,170,170,68,51,176,-0.2207,1.4159,-0.0345,0.7268,-0.2038,-0.0208,0.7268,0.0453,0.0805,1,3,2,1,3,2,0,3
1045,351,./side_view_dataset_videos/9.mov,Left,168.02,199,17.11,177,177,86,47,178,-0.1075,1.3869,0.022,0.6822,-0.0896,-0.0186,0.6822,0.029,0.0058,1,3,2,0,3,3,0,3
1046,363,./side_view_dataset_videos/9.mov,Right,162.02,213,17.6,168,168,62,51,176,-0.2285,1.4589,-0.0584,0.7404,-0.2087,-0.0181,0.7404,0.0478,0.0939,1,3,2,2,3,2,0,3
1047,371,./side_view_dataset_videos/9.mov,Left,171.02,206,20.18,179,179,104,46,179,-0.1604,1.4003,0.0779,0.7376,-0.1675,-0.0166,0.7376,0.0013,-0.0421,2,3,1,0,3,2,0,3
1048,384,./side_view_dataset_videos/9.mov,Right,168.71,199,19.75,167,167,63,49,175,-0.234,1.3786,-0.0348,0.7032,-0.2204,-0.0179,0.7032,0.0674,0.1104,1,3,1,2,3,2,0,3
1049,393,./side_view_dataset_videos/9.mov,Left,178.71,206,20.54,172,172,103,44,178,-0.1627,1.3918,0.022,0.7268,-0.1611,-0.0103,0.7268,0.0247,-0.0072,2,3,1,1,3,2,0,3
1050,403,./side_view_dataset_videos/9.mov,Right,178.71,239,21.65,170,170,101,51,179,0.0345,1.5474,0.127,0.7551,0.0418,-0.0097,0.7551,-0.0156,0.0137,2,3,0,1,3,2,0,3
1051,415,./side_view_dataset_videos/9.mov,Left,178.71,226,20.22,179,179,94,44,179,-0.114,1.3615,0.0188,0.6817,-0.112,-0.0178,0.6817,0.0082,-0.0144,2,3,1,0,3,3,0,3
1052,427,./side_view_dataset_videos/9.mov,Right,163.71,213,19.65,167,167,67,51,177,-0.2232,1.4035,-0.0346,0.7215,-0.2109,-0.0286,0.7215,0.0385,0.1117,1,3,1,2,3,2,0,3
1053,437,./side_view_dataset_videos/9.mov,Left,172.02,219,19.91,178,178,90,47,178,-0.1124,1.3583,0.023,0.7065,-0.112,-0.0115,0.7065,0.035,0.0154,2,3,1,0,3,3,0,3
1054,446,./side_view_dataset_videos/9.mov,Right,172.02,253,18.43,166,178,105,48,178,0.0366,1.4995,0.1196,0.7441,0.0348,-0.0067,0.7441,-0.0177,-0.036,2,3,1,2,3,2,0,3
1055,458,./side_view_dataset_videos/9.mov,Left,166.02,233,19.55,167,170,130,45,179,-0.1023,1.3544,0.0806,0.7295,-0.1018,-0.0157,0.7295,0.0047,-0.011,1,3,1,2,3,0,0,3
1056,471,./side_view_dataset_videos/9.mov,Right,163.71,246,18.35,168,168,65,50,176,-0.2367,1.4172,-0.0558,0.7289,-0.2217,-0.0322,0.7289,0.0514,0.1658,1,3,1,2,3,2,0,3
1057,481,./side_view_dataset_videos/9.mov,Left,169.71,246,17.96,173,173,86,43,179,-0.1279,1.392,0.0063,0.7017,-0.1242,-0.025,0.7017,0.0241,0.032,1,3,2,1,3,3,0,3
1058,492,./side_view_dataset_videos/9.mov,Right,166.44,266,18.22,167,167,73,47,177,-0.1701,1.4402,0.0294,0.7393,-0.1622,-0.0157,0.7393,0.0402,0.1589,1,3,1,2,3,3,0,3
1059,502,./side_view_dataset_videos/9.mov,Left,162.44,233,18.34,169,169,108,43,179,-0.0898,1.3547,0.0815,0.7212,-0.0846,-0.0169,0.7212,-0.0161,-0.0109,1,3,1,2,3,2,0,3
1060,514,./side_view_dataset_videos/9.mov,Right,162.44,246,20.32,167,176,76,49,177,-0.175,1.4076,0.0154,0.7161,-0.1601,-0.0219,0.7161,0.0334,0.1044,1,3,1,2,3,3,0,3
1061,523,./side_view_dataset_videos/9.mov,Left,174.74,239,20.42,165,168,139,49,179,-0.1001,1.405,0.0719,0.7627,-0.0962,-0.02,0.7627,-0.023,-0.0287,2,3,1,2,3,0,0,3
1062,536,./side_view_dataset_videos/9.mov,Right,166.44,246,20.42,166,166,66,51,176,-0.1976,1.3914,-0.0071,0.7276,-0.1848,-0.0191,0.7276,0.0502,0.103,1,3,1,2,3,2,0,3
1063,546,./side_view_dataset_videos/9.mov,Left,169.71,233,20.38,177,177,106,47,177,-0.1474,1.2988,0.0895,0.7224,-0.1486,-0.0201,0.7224,0.0218,-0.0132,1,3,1,0,3,2,0,3
1064,556,./side_view_dataset_videos/9.mov,Right,169.71,259,19.38,170,174,93,49,179,-0.0024,1.5468,0.1229,0.7629,0.002,-0.0114,0.7629,0.0063,0.0267,1,3,1,1,3,3,0,3
1065,567,./side_view_dataset_videos/9.mov,Left,172.44,246,21.27,179,179,117,45,178,-0.0451,1.3331,0.0567,0.6815,-0.0278,-0.0189,0.6815,-0.0468,-0.0418,2,3,0,0,3,1,0,3
1066,579,./side_view_dataset_videos/9.mov,Right,162.44,239,23.85,167,167,77,53,177,-0.1559,1.4329,0.0397,0.7232,-0.1406,-0.014,0.7232,0.0243,0.0717,1,3,0,2,3,3,0,3
1067,589,./side_view_dataset_videos/9.mov,Left,170.74,246,24.31,178,178,87,47,179,-0.0952,1.371,0.0349,0.7175,-0.1007,-0.0121,0.7175,0.0171,-0.0038,2,3,0,0,3,3,0,3
1068,602,./side_view_dataset_videos/9.mov,Right,162.44,253,23.58,167,177,61,50,175,-0.2292,1.405,-0.0466,0.7156,-0.2243,-0.0279,0.7156,0.071,0.1341,1,3,0,2,3,2,0,3
1069,612,./side_view_dataset_videos/9.mov,Left,162.44,219,23.42,177,177,84,47,179,-0.1244,1.319,-0.0025,0.6819,-0.1063,-0.0209,0.6819,0.0335,0.041,1,3,0,0,3,3,0,3
1070,621,./side_view_dataset_videos/9.mov,Right,169.71,259,17.27,165,171,95,48,179,-0.213,0.9374,0.1331,0.7207,-0.2034,-0.0996,0.7207,-0.0178,-0.0368,1,3,2,2,3,3,0,3
1071,634,./side_view_dataset_videos/9.mov,Left,167.4,253,16.86,172,172,81,51,179,-0.1897,1.298,-0.0378,0.6781,-0.1764,-0.0273,0.6781,0.0392,0.0415,1,3,2,1,3,3,0,3
1072,642,./side_view_dataset_videos/9.mov,Right,176.4,279,17.69,169,169,95,51,179,0.0191,1.4675,0.1238,0.7284,0.0208,-0.011,0.7284,-0.0133,-0.038,2,2,2,2,3,3,0,3
1073,655,./side_view_dataset_videos/9.mov,Left,176.4,259,16.86,173,173,81,49,179,-0.1388,1.3317,-0.0126,0.6813,-0.121,-0.0297,0.6813,0.0107,0.0018,2,3,2,1,3,3,0,3
1074,664,./side_view_dataset_videos/9.mov,Right,180.4,273,16.4,170,170,98,45,179,-0.0433,1.5139,0.1257,0.7563,-0.0398,-0.0109,0.7563,0.0041,-0.0097,3,2,2,1,3,3,0,3
1075,675,./side_view_dataset_videos/9.mov,Left,173.13,233,19.57,159,165,132,48,179,-0.0597,1.3973,0.0704,0.7533,-0.0477,-0.012,0.7533,-0.0237,-0.0172,2,3,1,3,3,0,0,3
1076,686,./side_view_dataset_videos/9.mov,Right,178.16,273,21.5,165,179,86,50,179,-0.195,1.1162,0.1363,0.7635,-0.1851,-0.0743,0.7635,-0.0201,0.0498,2,2,0,2,3,3,0,3
1077,697,./side_view_dataset_videos/9.mov,Left,165.89,246,20.38,177,177,104,47,179,-0.1024,1.3237,0.0292,0.7088,-0.104,-0.0151,0.7088,0.0011,-0.0261,1,3,1,0,3,2,0,3
1078,709,./side_view_dataset_videos/9.mov,Right,168.2,279,20.5,160,178,73,52,178,-0.1912,1.3231,0.038,0.7244,-0.1839,-0.0273,0.7244,0.0277,0.1006,1,2,1,3,3,3,0,3
1079,719,./side_view_dataset_videos/9.mov,Left,164.2,273,21.08,173,173,137,48,178,-0.1545,1.4107,0.0753,0.7615,-0.1482,-0.0163,0.7615,-0.0044,-0.0239,1,2,0,1,3,0,0,3
1080,729,./side_view_dataset_videos/9.mov,Right,167.47,299,17.72,169,169,105,44,179,0.0129,1.5,0.1335,0.7462,0.0172,-0.0131,0.7462,-0.0148,0.0208,1,1,2,2,3,2,0,3
1081,743,./side_view_dataset_videos/9.mov,Left,160.46,259,20.69,179,179,71,44,177,-0.2073,1.347,-0.0432,0.6925,-0.1974,-0.0222,0.6925,0.0006,0.057,1,3,1,0,3,3,0,3
1082,753,./side_view_dataset_videos/9.mov,Right,163.73,273,21.47,161,179,81,52,179,-0.151,1.4004,0.0611,0.7297,-0.1233,-0.0273,0.7297,-0.0327,0.0841,1,2,0,3,3,3,0,3
1083,763,./side_view_dataset_videos/9.mov,Left,169.73,253,21.57,164,165,177,48,179,-0.0215,1.4297,0.0999,0.7901,-0.0157,-0.0145,0.7901,-0.0407,-0.0526,1,3,0,3,3,0,0,3
1084,776,./side_view_dataset_videos/9.mov,Right,161.42,253,21.45,163,163,85,51,179,-0.196,1.4035,0.0196,0.7305,-0.1724,-0.0203,0.7305,-0.0282,0.0674,1,3,0,3,2,3,0,3
1085,786,./side_view_dataset_videos/9.mov,Left,161.42,226,21.62,168,168,104,49,177,-0.0883,1.3895,0.0415,0.733,-0.0912,-0.0127,0.733,-0.0343,-0.0334,1,3,0,2,3,2,0,3
1086,797,./side_view_dataset_videos/9.mov,Right,168.44,266,20.53,160,169,100,52,178,-0.158,1.4496,0.0765,0.7637,-0.118,-0.0139,0.7637,-0.0749,-0.0165,1,3,1,3,3,2,0,3
1087,808,./side_view_dataset_videos/9.mov,Left,165.16,246,20.28,172,172,104,46,176,-0.1044,1.3731,0.0349,0.7133,-0.1044,-0.0093,0.7133,-0.0273,-0.0296,1,3,1,1,3,2,0,3
1088,820,./side_view_dataset_videos/9.mov,Right,159.16,239,17.67,164,164,90,54,179,-0.1777,1.3999,0.0399,0.7219,-0.1511,-0.0158,0.7219,-0.0173,0.0685,0,3,2,3,2,3,0,3
1089,829,./side_view_dataset_videos/9.mov,Left,171.47,253,18.23,164,168,128,49,179,-0.0245,1.3868,0.092,0.763,-0.0159,-0.0163,0.763,-0.0565,-0.054,2,3,1,3,3,0,0,3
1090,843,./side_view_dataset_videos/9.mov,Right,161.18,246,17.88,164,164,85,56,178,-0.2145,1.3622,-0.0128,0.7245,-0.1892,-0.0227,0.7245,-0.0045,0.0769,1,3,2,3,2,3,1,3
1091,852,./side_view_dataset_videos/9.mov,Left,168.46,226,18.14,166,166,106,48,178,-0.0186,1.417,0.0837,0.7615,-0.0299,-0.0071,0.7615,-0.0419,-0.0366,1,3,1,2,3,2,0,3
1092,864,./side_view_dataset_videos/9.mov,Right,165.73,239,18.64,165,165,115,50,177,-0.0296,1.5337,0.1646,0.7471,-0.0113,-0.0115,0.7471,-0.0577,0.0078,1,3,1,2,3,1,0,3
1093,876,./side_view_dataset_videos/9.mov,Left,165.73,239,18.5,179,179,114,49,178,-0.1114,1.3482,0.028,0.6691,-0.0946,-0.0135,0.6691,-0.0288,-0.0337,1,3,1,0,3,2,0,3
1094,886,./side_view_dataset_videos/9.mov,Right,161.73,239,20.04,160,163,91,56,178,-0.0388,1.4734,0.1646,0.7556,-0.0328,-0.011,0.7556,-0.0413,-0.1471,1,3,1,3,2,3,1,3
1095,897,./side_view_dataset_videos/9.mov,Left,168.74,259,20.05,165,168,87,54,179,-0.2042,1.2816,0.1119,0.7431,-0.2097,-0.0358,0.7431,-0.0137,0.0008,1,3,1,2,3,3,0,3
1096,911,./side_view_dataset_videos/9.mov,Right,154.46,239,19.51,161,162,73,53,175,-0.2374,1.3774,-0.0502,0.7159,-0.2249,-0.0198,0.7159,0.0617,0.1023,0,3,1,3,2,3,0,3
1097,919,./side_view_dataset_videos/9.mov,Left,169.46,239,20.5,162,162,135,51,179,0.038,1.4506,0.11,0.7605,0.0458,-0.0074,0.7605,-0.0389,-0.0261,1,3,1,3,2,0,0,3
1098,930,./side_view_dataset_videos/9.mov,Right,172.19,273,18.15,161,161,85,49,175,0.0267,1.5558,0.1406,0.7762,0.0417,-0.0046,0.7762,-0.0913,-0.1215,2,2,1,3,2,3,0,3
1099,941,./side_view_dataset_videos/9.mov,Left,168.91,273,19.09,164,164,102,50,179,-0.0949,1.3964,0.1107,0.7628,-0.0745,-0.0165,0.7628,-0.0824,-0.0968,1,2,1,3,2,2,0,3
1100,954,./side_view_dataset_videos/9.mov,Right,163.88,273,19.2,165,178,92,50,179,-0.1605,1.384,0.0451,0.7274,-0.1458,-0.029,0.7274,0.0014,0.0592,1,2,1,2,3,3,0,3
1101,964,./side_view_dataset_videos/9.mov,Left,174.16,286,19.07,161,168,121,53,179,-0.0899,1.3513,0.0227,0.7025,-0.0823,-0.0082,0.7025,-0.0163,-0.0229,2,1,1,3,3,0,0,3
1102,974,./side_view_dataset_videos/9.mov,Right,165.16,306,18.28,163,163,114,52,177,0.0038,1.5003,0.1437,0.7494,0.0066,-0.0123,0.7494,-0.0384,-0.004,1,0,1,3,2,2,0,3
1103,987,./side_view_dataset_videos/9.mov,Left,160.13,266,17.67,178,178,87,50,178,-0.1372,1.336,0.0064,0.6786,-0.1256,-0.0223,0.6786,0.0063,-0.0077,1,3,2,0,3,3,0,3
1104,996,./side_view_dataset_videos/9.mov,Right,167.4,299,18.08,163,163,100,52,177,-0.123,1.2761,0.1414,0.7503,-0.1098,-0.0824,0.7503,-0.058,-0.0217,1,1,1,3,2,2,0,3
1105,1009,./side_view_dataset_videos/9.mov,Left,167.4,273,17.38,177,177,87,48,178,-0.1087,1.4334,0.0191,0.7087,-0.0994,-0.018,0.7087,0.0181,0.025,1,2,2,0,3,3,0,3
1106,1020,./side_view_dataset_videos/9.mov,Right,164.13,293,17.9,163,169,71,50,178,-0.1653,1.412,0.0151,0.7139,-0.149,-0.0168,0.7139,0.0025,0.0878,1,1,2,3,3,3,0,3
1107,1030,./side_view_dataset_videos/9.mov,Left,164.13,259,21.46,177,177,98,46,179,-0.1422,1.4082,0.041,0.7365,-0.1465,-0.0101,0.7365,0.0148,-0.0054,1,3,0,0,3,3,0,3
1108,1042,./side_view_dataset_videos/9.mov,Right,166.44,266,19.08,162,162,73,55,177,-0.2206,1.3595,-0.0235,0.7173,-0.1981,-0.0245,0.7173,0.0197,0.0956,1,3,1,3,2,3,1,3
1109,1052,./side_view_dataset_videos/9.mov,Left,162.44,213,19.36,166,174,80,50,179,-0.132,1.4154,0.0337,0.7225,-0.1302,-0.0156,0.7225,0.0372,0.0441,1,3,1,2,3,3,0,3
1110,1061,./side_view_dataset_videos/9.mov,Right,174.74,233,19.81,162,162,106,56,177,0.0025,1.5311,0.1162,0.7712,0.0108,-0.0085,0.7712,-0.0479,-0.0544,2,3,1,3,2,2,1,3
1111,1073,./side_view_dataset_videos/9.mov,Left,172.02,206,19.94,174,174,116,49,179,-0.0868,1.368,0.0697,0.7293,-0.0839,-0.0037,0.7293,0.0019,-0.0099,2,3,1,1,3,1,0,3
1112,1085,./side_view_dataset_videos/9.mov,Right,166.02,206,16.22,162,164,70,56,177,-0.2003,1.3866,-0.0107,0.7262,-0.1928,-0.0199,0.7262,0.0406,0.1189,1,3,2,3,2,3,1,3
1113,1095,./side_view_dataset_videos/9.mov,Left,172.02,206,17.62,171,171,98,52,179,-0.1048,1.4058,0.0034,0.7239,-0.1049,-0.0106,0.7239,0.0258,-0.0202,2,3,2,1,3,3,0,3
1114,1107,./side_view_dataset_videos/9.mov,Right,166.02,206,17.55,164,164,66,54,177,-0.2274,1.3823,-0.0517,0.7151,-0.205,-0.0299,0.7151,0.0256,0.0725,1,3,2,3,2,2,0,3
1115,1116,./side_view_dataset_videos/9.mov,Left,166.02,193,17.82,176,176,93,51,179,-0.0824,1.3925,0.0856,0.7448,-0.0753,-0.0114,0.7448,-0.0053,-0.0284,1,3,2,0,3,3,0,3
1116,1126,./side_view_dataset_videos/9.mov,Right,172.02,199,16.91,158,163,101,53,179,-0.0307,1.498,0.1334,0.7568,-0.0208,-0.0138,0.7568,-0.0195,-0.0666,2,3,2,3,2,2,0,3
1117,1138,./side_view_dataset_videos/9.mov,Left,172.02,199,17.03,166,171,91,51,179,-0.1197,1.3864,0.064,0.7367,-0.1192,-0.0078,0.7367,0.0185,-0.0203,2,3,2,2,3,3,0,3
1118,1148,./side_view_dataset_videos/9.mov,Right,172.02,226,17.09,161,171,105,57,179,-0.0928,1.3867,0.1418,0.7248,-0.083,-0.082,0.7248,-0.0061,-0.0018,2,3,2,3,3,2,1,3
1119,1160,./side_view_dataset_videos/9.mov,Left,172.02,226,17.01,160,170,92,54,179,-0.1191,1.4019,0.0266,0.7045,-0.1097,-0.0124,0.7045,0.0249,0.0192,2,3,2,3,3,3,0,3
1120,1171,./side_view_dataset_videos/9.mov,Right,164.74,226,15.28,161,164,74,55,177,-0.1741,1.3842,0.0261,0.714,-0.1671,-0.0324,0.714,0.0431,0.0786,1,3,2,3,2,3,1,3
1121,1182,./side_view_dataset_videos/9.mov,Left,161.47,213,17.02,166,167,75,52,179,-0.1278,1.4049,0.0045,0.695,-0.116,-0.0125,0.695,0.0456,0.0308,1,3,2,2,3,3,0,3
1122,1191,./side_view_dataset_videos/9.mov,Right,171.47,239,18.21,161,164,112,54,179,-0.0358,1.5453,0.1476,0.7776,-0.0213,-0.079,0.7776,-0.0282,0.0102,2,3,1,3,2,2,0,3
1123,1202,./side_view_dataset_videos/9.mov,Left,168.2,219,21.19,175,175,111,49,179,-0.0215,1.452,0.0771,0.7389,-0.0257,-0.009,0.7389,-0.0035,-0.0055,1,3,0,0,3,2,0,3
1124,1215,./side_view_dataset_videos/9.mov,Right,165.89,239,20.51,165,179,71,58,175,-0.2237,1.3638,-0.0332,0.7022,-0.2126,-0.0225,0.7022,0.061,0.1647,1,3,1,2,3,3,1,3
1125,1223,./side_view_dataset_videos/9.mov,Left,178.16,253,20.84,163,170,128,50,178,-0.0234,1.3888,0.0701,0.7512,-0.0057,-0.0141,0.7512,-0.0445,-0.0723,2,3,1,3,3,0,0,3
1126,1237,./side_view_dataset_videos/9.mov,Right,171.15,253,21.38,162,162,65,53,175,-0.2412,1.4025,-0.0492,0.7236,-0.2204,-0.0168,0.7236,0.0534,0.1343,2,3,0,3,2,2,0,3
1127,1246,./side_view_dataset_videos/9.mov,Left,171.15,233,22.16,163,169,139,52,179,-0.0679,1.4164,0.0934,0.7491,-0.0589,-0.0112,0.7491,-0.0267,-0.026,2,3,0,3,3,0,0,3
1128,1259,./side_view_dataset_videos/9.mov,Right,166.12,239,20.43,166,170,69,55,175,-0.2167,1.3798,-0.0346,0.7253,-0.2018,-0.0195,0.7253,0.0662,0.124,1,3,1,2,3,2,1,3
1129,1268,./side_view_dataset_videos/9.mov,Left,178.42,233,21.17,174,174,109,52,178,-0.063,1.389,0.0953,0.7123,-0.0521,-0.0096,0.7123,-0.0292,-0.028,2,3,0,1,3,2,0,3
1130,1281,./side_view_dataset_videos/9.mov,Right,161.12,233,20.12,169,172,75,53,176,-0.2197,1.4018,-0.0372,0.734,-0.2005,-0.0258,0.734,0.0486,0.0789,1,3,1,2,3,3,0,3
1131,1290,./side_view_dataset_videos/9.mov,Left,175.4,246,21.02,162,167,147,54,179,-0.0501,1.3859,0.0672,0.7091,-0.0404,-0.0102,0.7091,-0.023,-0.0452,2,3,0,3,3,0,0,3
1132,1300,./side_view_dataset_videos/9.mov,Right,171.4,266,21.95,161,179,95,54,179,0.0171,1.5062,0.1367,0.754,0.024,-0.0142,0.754,-0.0129,-0.0673,2,3,0,3,3,3,0,3
1133,1314,./side_view_dataset_videos/9.mov,Left,169.42,246,20.45,173,173,70,51,179,-0.2008,1.3167,-0.0451,0.6961,-0.1821,-0.0214,0.6961,0.0539,0.0267,1,3,1,1,3,3,0,3
1134,1325,./side_view_dataset_videos/9.mov,Right,162.15,233,20.69,164,164,56,50,175,-0.2331,1.4304,-0.041,0.7305,-0.2285,-0.0223,0.7305,0.0755,0.1013,1,3,1,3,2,1,0,3
1135,1334,./side_view_dataset_videos/9.mov,Left,174.46,219,20.28,178,178,104,50,178,-0.0671,1.3695,0.0583,0.701,-0.0567,-0.0112,0.701,0.0007,-0.011,2,3,1,0,3,2,0,3
1136,1346,./side_view_dataset_videos/9.mov,Right,164.46,219,18.0,167,171,63,52,176,-0.194,1.3953,0.0275,0.7246,-0.1954,-0.0322,0.7246,0.0608,0.0831,1,3,1,2,3,2,0,3
1137,1357,./side_view_dataset_videos/9.mov,Left,161.18,179,17.73,177,177,78,46,179,-0.1104,1.4116,0.0021,0.6946,-0.0884,-0.0149,0.6946,0.0338,0.0286,1,3,2,0,3,3,0,3
1138,1368,./side_view_dataset_videos/9.mov,Right,168.2,179,18.06,165,165,65,53,176,-0.1858,1.4367,0.0145,0.7334,-0.1757,-0.0167,0.7334,0.0558,0.0865,1,3,1,2,3,2,0,3
1139,1379,./side_view_dataset_videos/9.mov,Left,168.2,179,17.45,176,176,73,47,179,-0.1629,1.3252,-0.0212,0.6895,-0.1544,-0.0224,0.6895,0.0419,0.0502,1,3,2,0,3,3,0,3
1140,1388,./side_view_dataset_videos/9.mov,Right,168.2,186,18.31,166,166,101,52,179,-0.0233,1.4909,0.1342,0.7472,-0.0145,-0.0169,0.7472,0.0011,-0.0099,1,3,1,2,3,2,0,3
1141,1401,./side_view_dataset_videos/9.mov,Left,165.89,173,17.08,175,175,79,51,179,-0.1277,1.3718,-0.0029,0.6861,-0.1153,-0.0155,0.6861,0.0433,0.041,1,3,2,0,3,3,0,3
1142,1412,./side_view_dataset_videos/9.mov,Right,165.89,179,17.61,165,165,69,52,176,-0.1955,1.4087,0.0106,0.7175,-0.1807,-0.0243,0.7175,0.0461,0.0758,1,3,2,2,3,2,0,3
1143,1423,./side_view_dataset_videos/9.mov,Left,165.89,179,20.55,178,178,92,50,179,-0.1131,1.3735,-0.0018,0.6797,-0.0968,-0.015,0.6797,0.0385,0.0588,1,3,1,0,3,3,0,3
1144,1434,./side_view_dataset_videos/9.mov,Right,165.89,206,22.01,166,166,67,53,176,-0.1936,1.4407,0.0351,0.7379,-0.1888,-0.0307,0.7379,0.055,0.1078,1,3,0,2,3,2,0,3
1145,1445,./side_view_dataset_videos/9.mov,Left,158.62,186,20.97,170,170,87,49,178,-0.1164,1.4086,0.0144,0.6856,-0.1087,-0.0125,0.6856,0.0332,0.0111,0,3,1,1,3,3,0,3
1146,1457,./side_view_dataset_videos/9.mov,Right,160.93,206,20.79,165,174,62,55,175,-0.2277,1.4192,-0.0164,0.7203,-0.2179,-0.0237,0.7203,0.069,0.1848,1,3,1,2,3,2,1,3
1147,1468,./side_view_dataset_videos/9.mov,Left,160.93,206,21.37,171,171,72,47,179,-0.172,1.3155,-0.0276,0.7039,-0.1594,-0.0202,0.7039,0.0419,0.0251,1,3,0,1,3,3,0,3
1148,1478,./side_view_dataset_videos/9.mov,Right,164.2,219,21.74,165,165,87,52,179,-0.1277,1.4465,0.0869,0.7391,-0.102,-0.0157,0.7391,-0.009,0.0433,1,3,0,2,3,3,0,3
1149,1489,./side_view_dataset_videos/9.mov,Left,164.2,206,21.04,176,176,75,47,179,-0.1193,1.2843,0.0562,0.7006,-0.1183,-0.0184,0.7006,0.0221,0.069,1,3,0,0,3,3,0,3
1150,1502,./side_view_dataset_videos/9.mov,Right,159.16,219,20.31,162,162,72,53,177,-0.2221,1.3821,-0.0183,0.7234,-0.194,-0.0253,0.7234,0.0082,0.1402,0,3,1,3,2,3,0,3
1151,1512,./side_view_dataset_videos/9.mov,Left,165.16,206,24.25,176,176,132,46,179,-0.1133,1.3632,0.0551,0.714,-0.1072,-0.013,0.714,0.0034,0.0278,1,3,0,0,3,0,0,3
1152,1523,./side_view_dataset_videos/9.mov,Right,165.16,219,26.37,161,162,79,58,178,-0.0484,1.5802,0.1318,0.7965,-0.0272,-0.0153,0.7965,-0.0546,-0.0639,1,3,0,3,2,3,1,3
1153,1534,./side_view_dataset_videos/9.mov,Left,161.89,226,25.84,172,172,50,46,177,-0.0366,1.4133,0.0927,0.7606,-0.0324,-0.0149,0.7606,-0.0317,-0.1008,1,3,0,1,3,1,0,3
1154,1545,./side_view_dataset_videos/9.mov,Right,161.89,246,25.43,164,169,77,49,177,0.0501,1.5536,0.1325,0.7999,0.0611,-0.0051,0.7999,-0.0489,-0.2451,1,3,0,3,3,3,0,3
1155,1557,./side_view_dataset_videos/9.mov,Left,164.2,286,25.07,170,171,111,44,177,-0.3246,1.026,0.0952,0.7539,-0.3205,-0.0484,0.7539,-0.0178,-0.1538,1,1,0,1,3,2,0,3
1156,1569,./side_view_dataset_videos/9.mov,Right,158.2,299,18.6,171,171,91,48,179,-0.0268,1.4842,0.129,0.7697,-0.0232,-0.0611,0.7697,-0.0215,-0.1075,0,1,1,1,3,3,0,3
1157,1582,./side_view_dataset_videos/9.mov,Left,153.16,293,22.0,175,175,127,46,179,-0.0437,1.3924,0.1121,0.7407,-0.0404,-0.0146,0.7407,-0.0244,-0.0158,0,1,0,0,3,0,0,3
1158,1594,./side_view_dataset_videos/9.mov,Right,150.43,293,22.31,166,166,105,52,177,-0.1087,1.4247,0.1114,0.7018,-0.0755,-0.0258,0.7018,-0.0699,-0.0128,0,1,0,2,3,2,0,3
1159,1607,./side_view_dataset_videos/9.mov,Left,145.4,266,21.87,173,173,95,53,178,-0.1153,1.3934,0.0308,0.7274,-0.1228,-0.0323,0.7274,0.03,0.0435,0,3,0,1,3,3,0,3
1160,1619,./side_view_dataset_videos/9.mov,Right,145.4,226,21.85,161,161,87,56,179,-0.176,1.4447,0.0262,0.7477,-0.1359,-0.0209,0.7477,-0.0405,-0.0026,0,3,0,3,2,3,1,3
1161,1628,./side_view_dataset_videos/9.mov,Left,155.4,233,22.21,169,169,114,45,178,-0.0046,1.4614,0.0968,0.7793,0.0024,-0.0168,0.7793,-0.0442,-0.048,0,3,0,2,3,2,0,3
1162,1643,./side_view_dataset_videos/9.mov,Right,151.71,233,21.79,164,164,91,56,177,-0.1881,1.4204,0.011,0.7183,-0.1688,-0.0164,0.7183,0.0289,0.0745,0,3,0,3,2,3,1,3
1163,1654,./side_view_dataset_videos/9.mov,Left,154.44,219,19.91,171,171,93,51,179,-0.1229,1.3692,0.0265,0.6831,-0.119,-0.0155,0.6831,0.0272,0.0188,0,3,1,1,3,3,0,3
1164,1664,./side_view_dataset_videos/9.mov,Right,162.74,233,20.6,163,163,86,51,179,0.0151,1.5283,0.1457,0.7608,0.0355,-0.0109,0.7608,-0.0284,-0.1256,1,3,1,3,2,3,0,3
1165,1677,./side_view_dataset_videos/9.mov,Left,160.44,239,19.65,171,171,106,48,178,-0.1027,1.3613,0.0405,0.6851,-0.0975,-0.0135,0.6851,0.0024,0.0053,1,3,1,1,3,2,0,3
1166,1687,./side_view_dataset_videos/9.mov,Right,156.44,239,19.5,162,162,92,52,179,0.0666,1.5277,0.1592,0.7539,0.0831,-0.0094,0.7539,-0.0308,-0.1718,0,3,1,3,2,3,0,3
1167,1701,./side_view_dataset_videos/9.mov,Left,158.15,239,19.66,175,175,96,52,178,-0.0981,1.3806,0.0833,0.7304,-0.1042,-0.0042,0.7304,0.0302,0.0173,0,3,1,0,3,3,0,3
1168,1711,./side_view_dataset_videos/9.mov,Right,161.42,259,20.09,167,167,102,56,178,0.093,1.5914,0.1718,0.7796,0.1067,-0.0063,0.7796,-0.0478,-0.1176,1,3,1,2,3,2,1,3
1169,1725,./side_view_dataset_videos/9.mov,Left,151.14,246,21.51,179,179,114,51,179,-0.1124,1.3762,0.0456,0.7322,-0.11,-0.0084,0.7322,0.0167,-0.0096,0,3,0,0,3,2,0,3
1170,1738,./side_view_dataset_videos/9.mov,Right,151.14,233,21.81,157,160,88,59,179,-0.194,1.4428,0.0176,0.7501,-0.1691,-0.0256,0.7501,-0.0115,0.0596,0,3,0,3,2,3,1,3
1171,1749,./side_view_dataset_videos/9.mov,Left,147.86,213,22.08,179,179,90,47,179,-0.108,1.409,0.0316,0.7532,-0.1079,-0.0122,0.7532,0.0299,-0.0025,0,3,0,0,3,3,0,3
1172,1761,./side_view_dataset_videos/9.mov,Right,152.15,213,22.61,159,162,80,58,178,-0.1397,1.422,0.0715,0.722,-0.1097,-0.0183,0.722,-0.0117,0.053,0,3,0,3,2,3,1,3
1173,1772,./side_view_dataset_videos/9.mov,Left,148.88,193,22.66,167,167,107,53,178,-0.0658,1.4277,0.0936,0.7585,-0.0665,-0.0125,0.7585,0.0124,-0.0032,0,3,0,2,3,2,0,3
1174,1783,./side_view_dataset_videos/9.mov,Right,155.89,206,22.56,164,164,96,57,179,0.0294,1.507,0.1753,0.7438,0.0454,-0.0235,0.7438,-0.0167,-0.021,0,3,0,3,2,3,1,3
1175,1797,./side_view_dataset_videos/9.mov,Left,153.91,206,20.86,167,167,79,50,179,-0.13,1.4316,0.0099,0.7355,-0.1255,-0.0124,0.7355,0.0635,0.0772,0,3,1,2,3,3,0,3
1176,1808,./side_view_dataset_videos/9.mov,Right,153.91,206,21.29,161,161,95,52,179,-0.1342,1.4391,0.0734,0.7113,-0.1076,-0.021,0.7113,-0.0243,0.0322,0,3,0,3,2,3,0,3
1177,1820,./side_view_dataset_videos/9.mov,Left,153.91,199,21.75,173,173,93,51,178,-0.1046,1.4466,0.0258,0.723,-0.1024,-0.0134,0.723,0.0318,0.0162,0,3,0,1,3,3,0,3
1178,1832,./side_view_dataset_videos/9.mov,Right,151.18,199,19.52,163,163,70,58,179,-0.1673,1.3853,0.0297,0.7096,-0.1486,-0.0195,0.7096,-0.0039,0.0916,0,3,1,3,2,3,1,3
1179,1843,./side_view_dataset_videos/9.mov,Left,151.18,186,23.8,178,178,105,55,179,-0.103,1.3821,0.0409,0.7457,-0.0932,-0.01,0.7457,-0.0108,0.0023,0,3,0,0,3,2,1,3
1180,1855,./side_view_dataset_videos/9.mov,Right,155.47,193,22.99,167,167,95,56,178,-0.1564,1.3858,0.0454,0.6888,-0.1388,-0.0229,0.6888,0.0056,0.0839,0,3,0,2,3,3,1,3
1181,1867,./side_view_dataset_videos/9.mov,Left,152.74,186,20.36,163,168,85,56,179,-0.1599,1.306,-0.0146,0.6877,-0.1448,-0.0182,0.6877,0.0252,0.0342,0,3,1,3,3,3,1,3
1182,1879,./side_view_dataset_videos/9.mov,Right,152.74,186,20.58,167,167,66,55,176,-0.2258,1.3845,-0.0134,0.7152,-0.2123,-0.0209,0.7152,0.0492,0.1038,0,3,1,2,3,2,1,3
1183,1889,./side_view_dataset_videos/9.mov,Left,158.74,193,22.87,178,178,109,49,178,-0.1131,1.3618,0.0438,0.7165,-0.0996,-0.0099,0.7165,-0.0026,-0.0285,0,3,0,0,3,2,0,3
1184,1900,./side_view_dataset_videos/9.mov,Right,158.74,239,23.32,166,166,114,54,179,-0.1845,1.1013,0.1371,0.7573,-0.1677,-0.0801,0.7573,-0.032,-0.0312,0,3,0,2,3,2,0,3
1185,1913,./side_view_dataset_videos/9.mov,Left,156.44,239,22.58,173,173,92,47,178,-0.1357,1.3867,-0.0034,0.7131,-0.1349,-0.0143,0.7131,0.0228,0.0013,0,3,0,1,3,3,0,3
1186,1923,./side_view_dataset_videos/9.mov,Right,162.44,279,22.77,165,178,87,53,177,0.0024,1.5046,0.1551,0.7454,0.0186,-0.0154,0.7454,-0.0571,-0.1049,1,2,0,2,3,3,0,3
1187,1938,./side_view_dataset_videos/9.mov,Left,156.44,279,19.29,168,168,80,49,177,-0.2544,1.384,-0.0611,0.7296,-0.2522,-0.0339,0.7296,0.0627,0.0515,0,2,1,2,3,3,0,3
1188,1948,./side_view_dataset_videos/9.mov,Right,156.44,273,16.98,165,165,87,52,179,-0.1677,1.4484,0.0294,0.7486,-0.1353,-0.0203,0.7486,-0.029,0.0506,0,2,2,2,3,3,0,3
1189,1958,./side_view_dataset_videos/9.mov,Left,159.71,233,19.24,165,167,97,48,177,-0.0427,1.4544,0.0342,0.7823,-0.051,-0.008,0.7823,0.0051,-0.0061,0,3,1,2,3,3,0,3
1190,1970,./side_view_dataset_videos/9.mov,Right,162.02,239,17.57,165,165,94,53,179,-0.1024,1.4291,0.0892,0.7226,-0.0717,-0.0304,0.7226,-0.0334,0.056,1,3,2,2,3,3,0,3
1191,1982,./side_view_dataset_videos/9.mov,Left,156.02,206,18.26,172,172,96,54,178,-0.0803,1.3863,0.0453,0.6967,-0.0732,-0.0223,0.6967,0.0106,-0.0191,0,3,1,1,3,3,0,3
1192,1991,./side_view_dataset_videos/9.mov,Right,172.02,233,18.46,166,166,81,50,176,0.0777,1.5275,0.1458,0.7596,0.0883,-0.0085,0.7596,-0.0744,-0.1941,2,3,1,2,3,3,0,3
1193,2004,./side_view_dataset_videos/9.mov,Left,163.71,239,18.71,178,178,99,50,179,-0.0415,1.3993,0.0932,0.7551,-0.0335,-0.0053,0.7551,-0.0019,-0.002,1,3,1,0,3,3,0,3
1194,2015,./side_view_dataset_videos/9.mov,Right,160.44,246,18.89,162,163,99,53,177,-0.0155,1.4819,0.1256,0.735,0.0043,-0.0081,0.735,-0.0562,-0.1469,1,3,1,3,2,3,0,3
1195,2027,./side_view_dataset_videos/9.mov,Left,160.44,246,19.76,166,169,130,52,176,-0.1436,1.4128,0.1198,0.7973,-0.1343,-0.0124,0.7973,0.0059,-0.0248,1,3,1,2,3,0,0,3
1196,26,./side_view_dataset_videos/10.mov,Right,0,68,19.41,167,169,99,62,167,0.3461,1.3638,0.4572,0.7246,0.276,-0.0144,0.7246,0.2927,0.344,0,3,1,2,3,3,2,3
1197,47,./side_view_dataset_videos/10.mov,Left,167.65,170,18.65,166,166,89,65,176,-1.2748,1.0235,-0.4645,0.636,-1.2154,-0.0874,0.636,0.2194,0.1728,1,3,1,2,3,3,3,3
1198,63,./side_view_dataset_videos/10.mov,Right,193.85,153,22.18,153,179,96,53,166,0.3298,1.2163,0.5321,0.597,0.1913,-0.0124,0.597,0.3757,0.3197,3,3,0,2,3,3,0,3
1199,81,./side_view_dataset_videos/10.mov,Left,194.43,144,21.11,165,168,71,44,175,-0.7859,1.1504,-0.2104,0.6403,-0.7985,-0.04,0.6403,0.1935,0.1691,3,3,0,2,3,3,0,3
1200,93,./side_view_dataset_videos/10.mov,Right,219.17,129,28.57,171,171,86,62,177,0.2938,1.3631,0.2944,0.7695,0.3316,-0.0186,0.7695,0.0109,-0.4398,3,3,0,1,3,3,2,3
1201,117,./side_view_dataset_videos/10.mov,Left,204.67,156,26.04,179,179,112,46,175,-0.0554,1.2643,0.1575,0.677,-0.0611,-0.0321,0.677,0.0661,-0.0744,3,3,0,0,3,2,0,3
1202,135,./side_view_dataset_videos/10.mov,Right,210.26,167,30.2,168,179,104,70,177,-0.6222,0.8065,0.187,0.6628,-0.5823,-0.0951,0.6628,0.0071,-0.202,3,3,0,2,3,2,3,3
1203,154,./side_view_dataset_videos/10.mov,Left,203.31,197,31.48,178,178,128,55,175,-0.1542,1.2817,-0.0415,0.7042,-0.1658,-0.0133,0.7042,0.1052,0.0116,3,3,0,0,3,0,1,3
1204,175,./side_view_dataset_videos/10.mov,Right,197.73,235,24.0,178,178,113,62,178,-0.4939,0.8926,0.215,0.6948,-0.4751,-0.0721,0.6948,0.0043,-0.2036,3,3,0,0,3,2,2,3
1205,193,./side_view_dataset_videos/10.mov,Left,178.17,269,23.75,177,178,86,58,178,-1.0186,0.8262,-0.1922,0.748,-0.9265,-0.0882,0.748,-0.0715,-0.4153,2,3,0,0,3,3,1,3
1206,207,./side_view_dataset_videos/10.mov,Right,199.12,269,26.77,166,169,100,56,178,0.6101,1.516,0.512,0.7121,0.5981,-0.0207,0.7121,0.0345,-0.4583,3,3,0,2,3,2,1,3
1207,236,./side_view_dataset_videos/10.mov,Left,184.28,252,27.3,161,163,142,65,173,0.0894,1.3188,0.2231,0.737,0.1032,-0.0325,0.737,0.0765,-0.0248,3,3,0,3,2,0,3,3
1208,257,./side_view_dataset_videos/10.mov,Right,180.76,255,26.87,172,177,106,63,173,-0.5128,1.0015,0.1664,0.7676,-0.452,-0.1374,0.7676,0.052,-0.1664,3,3,0,1,3,2,2,3
1209,274,./side_view_dataset_videos/10.mov,Left,188.64,248,20.11,167,167,133,55,174,0.2289,1.3207,0.2446,0.7427,0.2759,-0.0193,0.7427,-0.0311,-0.2571,3,3,1,2,3,0,1,3
1210,295,./side_view_dataset_videos/10.mov,Right,183.06,282,21.97,166,176,88,61,176,-0.9319,0.6959,0.093,0.7378,-0.9165,-0.0937,0.7378,0.0385,-0.3849,3,2,0,2,3,3,2,3
1211,319,./side_view_dataset_videos/10.mov,Left,162.1,279,21.76,167,167,147,60,176,-0.0114,1.3857,0.1588,0.738,0.0041,-0.0128,0.738,0.057,-0.1138,1,2,0,2,3,0,2,3
1212,337,./side_view_dataset_videos/10.mov,Right,176.94,289,20.96,166,175,91,59,178,-0.8036,0.7959,0.1414,0.7705,-0.7535,-0.1325,0.7705,-0.023,-0.3475,2,1,1,2,3,3,1,3
1213,354,./side_view_dataset_videos/10.mov,Left,184.83,310,24.8,175,179,93,65,173,0.1161,1.2665,0.3076,0.6951,0.1813,0.0086,0.6951,-0.0741,-0.4292,3,0,0,0,3,3,3,3
1214,377,./side_view_dataset_videos/10.mov,Right,174.02,323,22.42,162,176,77,61,177,-0.0638,1.0936,0.1269,0.6952,-0.0107,-0.067,0.6952,-0.0089,-0.4594,2,0,0,3,3,3,2,3
1215,397,./side_view_dataset_videos/10.mov,Left,175.7,323,17.85,163,174,142,58,176,-1.0813,0.7507,-0.2506,0.759,-0.9773,-0.0748,0.759,0.0063,-0.3009,2,0,2,3,3,0,1,3
1216,421,./side_view_dataset_videos/10.mov,Right,175.7,313,29.45,169,169,105,59,178,-0.0282,1.4213,0.1551,0.7128,0.0116,-0.0179,0.7128,-0.0109,-0.2155,2,0,0,2,3,2,1,3
1217,435,./side_view_dataset_videos/10.mov,Left,186.88,344,28.24,172,172,91,58,171,-1.3045,1.0847,-0.4144,0.7442,-1.2387,-0.102,0.7442,-0.0655,-0.4862,3,0,0,1,3,3,1,3
1218,461,./side_view_dataset_videos/10.mov,Right,172.54,334,29.92,174,174,85,57,178,-0.2889,1.126,0.2624,0.7703,-0.2383,-0.0695,0.7703,-0.0175,-0.4069,2,0,0,1,3,3,1,3
1219,481,./side_view_dataset_videos/10.mov,Left,177.13,340,21.51,158,174,112,58,176,-0.7646,0.8621,-0.1511,0.7475,-0.7081,-0.0839,0.7475,0.0056,-0.185,2,0,0,3,3,2,1,3
1220,503,./side_view_dataset_videos/10.mov,Right,173.93,316,19.98,166,176,91,62,177,-0.4067,1.067,0.1817,0.7787,-0.3611,-0.069,0.7787,-0.0009,-0.3349,2,0,1,2,3,3,2,3
1221,520,./side_view_dataset_videos/10.mov,Left,186.01,378,20.67,153,179,94,63,172,-1.2096,0.8397,-0.3514,0.7466,-1.1168,-0.0837,0.7466,-0.027,-0.4214,3,0,1,2,3,3,2,3
1222,14,./side_view_dataset_videos/11.mov,Left,0,367,16.77,165,168,134,77,171,0.3779,1.18,0.5842,0.5634,0.3009,0.0013,0.5634,0.2973,0.2269,0,0,2,2,3,0,2,3
1223,36,./side_view_dataset_videos/11.mov,Right,163.45,375,19.63,167,171,62,63,177,0.8361,0.7271,0.9947,0.2108,0.9666,-0.0265,0.2108,-0.1831,-0.6353,1,0,1,2,3,2,2,3
1224,59,./side_view_dataset_videos/11.mov,Left,159.9,350,20.91,178,178,128,70,179,-0.221,1.1795,0.1077,0.6117,-0.2837,0.0081,0.6117,0.2241,0.1,0,0,1,0,3,0,3,3
1225,77,./side_view_dataset_videos/11.mov,Right,173.19,329,17.68,159,174,68,38,169,0.0889,1.0118,0.5857,0.3684,0.2201,-0.0129,0.3684,-0.3119,-0.7638,2,0,2,3,3,2,0,3
1226,96,./side_view_dataset_videos/11.mov,Left,177.21,313,26.12,162,164,137,75,177,0.0186,1.1588,0.7441,0.6191,-0.0593,0.0005,0.6191,0.2652,0.0522,2,0,0,3,2,0,2,3
1227,111,./side_view_dataset_videos/11.mov,Right,189.71,253,25.8,178,178,68,67,176,0.5442,1.152,0.2586,0.5593,0.6947,-0.0141,0.5593,-0.208,-1.0698,3,3,0,0,3,2,3,3
1228,125,./side_view_dataset_videos/11.mov,Left,208.39,330,30.39,162,171,73,72,175,-0.7583,1.1459,0.3564,0.6676,-0.8352,-0.0242,0.6676,0.1703,0.1707,3,0,0,3,3,3,3,3
1229,171,./side_view_dataset_videos/11.mov,Right,192.76,437,28.72,173,176,67,73,160,-1.5525,1.0902,-0.5716,0.6352,-1.4664,-0.0692,0.6352,0.2682,0.2199,3,0,0,1,3,2,3,3
1230,221,./side_view_dataset_videos/11.mov,Left,167.19,443,26.1,174,174,128,71,174,-0.1444,1.2269,0.1427,0.6344,-0.2267,0.0088,0.6344,0.2887,0.0384,1,0,0,1,3,0,3,3
1231,239,./side_view_dataset_videos/11.mov,Right,169.29,447,27.03,158,167,69,74,169,0.6114,0.9661,0.7381,0.2677,0.7303,-0.005,0.2677,-0.3066,-0.6954,1,0,0,3,3,2,3,3
1232,261,./side_view_dataset_videos/11.mov,Left,154.03,497,28.01,175,175,137,77,175,-0.0821,1.1985,0.261,0.6116,-0.1771,0.008,0.6116,0.2015,0.0967,0,0,0,0,3,0,2,3
1233,280,./side_view_dataset_videos/11.mov,Right,140.52,403,19.23,163,163,69,37,172,0.7843,0.9494,1.041,0.1812,0.9352,-0.0232,0.1812,-0.2914,-0.7198,0,0,1,3,2,2,0,3
1234,300,./side_view_dataset_videos/11.mov,Left,160.84,253,18.27,177,177,119,62,178,0.342,1.1979,0.9215,0.5586,0.2625,0.0085,0.5586,0.2113,-0.0407,1,3,1,0,3,1,2,3
1235,320,./side_view_dataset_videos/11.mov,Right,182.42,206,15.42,175,178,63,52,169,1.1002,0.8869,1.1254,0.2421,1.2113,-0.0055,0.2421,-0.3073,-0.7113,3,3,2,0,3,2,0,3
1236,343,./side_view_dataset_videos/11.mov,Left,173.73,240,19.09,179,179,106,78,177,-0.3181,1.2135,0.3137,0.6675,-0.424,-0.0001,0.6675,0.1614,-0.0267,2,3,1,0,3,2,2,3
1237,374,./side_view_dataset_videos/11.mov,Right,164.24,303,18.49,170,177,52,69,168,-1.4266,0.9406,-0.3816,0.5195,-1.3971,-0.075,0.5195,0.1807,0.3142,1,0,1,1,3,1,3,3
1238,412,./side_view_dataset_videos/11.mov,Left,145.31,383,14.36,173,173,39,77,164,0.1464,0.8938,0.7412,0.5036,0.1116,-0.0305,0.5036,-0.0029,-0.4877,0,0,3,1,3,0,2,3
1239,454,./side_view_dataset_videos/11.mov,Right,126.48,443,21.4,165,165,67,93,160,-1.3543,0.9989,-0.4402,0.5763,-1.2846,-0.0823,0.5763,0.2812,0.3234,0,0,0,2,3,2,0,3
1240,477,./side_view_dataset_videos/11.mov,Left,121.79,493,18.04,150,165,142,47,171,-0.5621,0.933,0.7568,0.5875,-0.7086,-0.0421,0.5875,0.1043,0.0407,0,0,1,2,3,0,0,3
1241,496,./side_view_dataset_videos/11.mov,Right,128.37,483,19.79,175,175,76,60,169,-1.5162,0.9633,-0.2755,0.5782,-1.5746,-0.0866,0.5782,0.2473,0.2319,0,0,1,0,3,3,2,3
1242,519,./side_view_dataset_videos/11.mov,Left,136.44,413,16.41,153,162,48,54,174,-1.4174,0.5738,0.1317,0.4809,-1.5107,-0.0921,0.4809,0.1899,0.2078,0,0,2,2,2,0,0,3
1243,536,./side_view_dataset_videos/11.mov,Right,159.82,370,17.63,173,173,74,77,166,-0.4793,0.9504,0.1482,0.4254,-0.5507,-0.0415,0.4254,0.3213,0.324,0,0,2,1,3,3,2,3
1244,569,./side_view_dataset_videos/11.mov,Left,164.49,303,22.12,169,169,53,77,168,-0.6421,1.0637,-0.1069,0.5093,-0.6528,-0.0373,0.5093,0.3442,0.2331,1,0,0,2,3,1,2,3
1245,617,./side_view_dataset_videos/11.mov,Right,148.2,317,25.35,174,174,97,85,164,-1.5403,0.9699,-0.319,0.6119,-1.5085,-0.0779,0.6119,0.2521,0.3219,0,0,0,1,3,3,0,3
1246,640,./side_view_dataset_videos/11.mov,Left,141.62,297,25.9,171,171,135,65,176,0.5948,1.0836,0.7391,0.5211,0.4715,0.0014,0.5211,0.1802,0.0489,0,1,0,1,3,0,3,3
1247,657,./side_view_dataset_videos/11.mov,Right,152.66,307,29.61,179,179,91,88,165,-1.6548,1.0181,-0.3597,0.6335,-1.6239,-0.0842,0.6335,0.2454,0.1339,0,0,0,0,3,3,0,3
1248,677,./side_view_dataset_videos/11.mov,Left,146.31,280,30.41,177,177,114,83,177,-1.4326,0.7703,-0.1033,0.5624,-1.5267,-0.0831,0.5624,0.2515,0.1036,0,2,0,0,3,2,1,3
1249,698,./side_view_dataset_videos/11.mov,Right,158.76,367,30.87,172,172,86,78,164,-1.6711,0.9654,-0.3591,0.5952,-1.6563,-0.0835,0.5952,0.2741,0.1617,0,0,0,1,3,3,2,3
1250,727,./side_view_dataset_videos/11.mov,Left,168.58,393,26.25,168,173,94,51,174,-0.4458,1.2391,-0.0297,0.5905,-0.5687,-0.0271,0.5905,0.374,0.3726,1,0,0,2,3,3,0,3
1251,763,./side_view_dataset_videos/11.mov,Right,157.29,420,17.04,164,174,60,84,176,-0.8593,0.6561,0.3607,0.5448,-0.7053,-0.0573,0.5448,-0.2229,-0.7118,0,0,2,3,3,2,1,3
1252,788,./side_view_dataset_videos/11.mov,Left,143.75,400,17.97,178,178,93,72,172,-0.3409,1.1317,0.1688,0.5691,-0.3904,-0.0086,0.5691,0.3459,0.108,0,0,2,0,3,3,3,3
1253,802,./side_view_dataset_videos/11.mov,Right,159.16,340,16.78,157,157,67,71,178,0.5983,1.1787,0.6654,0.4774,0.699,-0.0094,0.4774,-0.0737,-0.7604,0,0,2,3,2,2,3,3
1254,816,./side_view_dataset_videos/11.mov,Left,176.29,343,22.78,173,177,80,89,163,0.4204,0.9745,0.6843,0.4138,0.4736,-0.0235,0.4138,-0.0046,-0.5126,2,0,0,1,3,3,0,3
1255,846,./side_view_dataset_videos/11.mov,Right,175.46,297,23.05,160,177,63,68,176,0.6149,0.6526,1.0024,0.2041,0.7656,-0.0361,0.2041,-0.0875,-0.5223,2,1,0,3,3,2,3,3
1256,863,./side_view_dataset_videos/11.mov,Left,197.79,290,21.37,168,176,127,87,172,-1.2963,0.6857,-0.1806,0.5891,-1.2255,-0.0855,0.5891,0.2519,-0.0338,3,1,0,2,3,0,0,3
1257,886,./side_view_dataset_videos/11.mov,Right,200.29,253,26.64,160,160,58,51,178,0.1735,1.1759,0.4828,0.4482,0.3234,-0.0245,0.4482,-0.1303,-0.5526,3,3,0,3,2,1,0,3
1258,904,./side_view_dataset_videos/11.mov,Left,188.87,313,18.71,170,174,134,93,174,-0.7644,1.0363,-0.0952,0.6228,-0.6896,-0.0284,0.6228,0.207,-0.0377,3,0,1,1,3,0,0,3
1259,925,./side_view_dataset_videos/11.mov,Right,171.75,226,17.99,161,161,59,34,173,0.4181,1.2517,0.9035,0.3958,0.5662,-0.0331,0.3958,-0.2631,-0.7706,2,3,2,3,2,1,0,3
1260,943,./side_view_dataset_videos/11.mov,Left,187.73,243,13.8,150,175,141,86,171,0.4074,1.066,-0.2504,0.5873,0.4806,0.0061,0.5873,0.0789,-0.0787,3,3,3,2,3,0,0,3
1261,965,./side_view_dataset_videos/11.mov,Right,178.12,180,15.83,170,170,60,83,178,0.4488,1.2349,0.5372,0.4228,0.6007,-0.0193,0.4228,-0.172,-0.7047,2,3,2,1,3,2,1,3
1262,993,./side_view_dataset_videos/11.mov,Left,172.53,206,18.08,166,179,70,86,176,-0.592,0.9442,-0.1439,0.5825,-0.6307,-0.0783,0.5825,0.3338,0.0279,2,3,1,2,3,3,0,3
1263,1022,./side_view_dataset_videos/11.mov,Right,157.38,196,22.83,175,175,76,87,167,-1.6462,0.9653,-0.4275,0.604,-1.658,-0.0829,0.604,0.2432,0.196,0,3,0,0,3,3,0,3
1264,1040,./side_view_dataset_videos/11.mov,Left,163.08,256,19.85,171,171,98,66,179,-0.3096,0.9812,0.1552,0.5546,-0.399,-0.0373,0.5546,0.2624,0.2843,1,3,1,1,3,3,3,3
1265,1062,./side_view_dataset_videos/11.mov,Right,155.82,300,26.21,178,178,78,89,165,-1.5671,0.9638,-0.3569,0.576,-1.5937,-0.0733,0.576,0.2908,0.3201,0,0,0,0,3,3,0,3
1266,1097,./side_view_dataset_videos/11.mov,Left,143.68,313,19.92,164,171,79,90,171,-0.955,1.0037,-0.2903,0.4888,-0.8953,-0.0314,0.4888,0.0666,-0.3209,0,0,1,3,3,3,0,3
1267,1129,./side_view_dataset_videos/11.mov,Right,140.47,286,21.22,166,166,57,68,177,0.5779,1.1723,0.7035,0.4443,0.6965,-0.025,0.4443,-0.1549,-0.6149,0,1,0,2,3,1,3,3
1268,1151,./side_view_dataset_videos/11.mov,Left,148.36,290,21.04,178,179,96,88,171,-0.267,1.2376,0.0231,0.6624,-0.3048,0.0103,0.6624,0.3094,0.1658,0,1,0,0,3,3,0,3
1269,1170,./side_view_dataset_videos/11.mov,Right,146.26,226,20.09,168,168,59,92,179,0.5851,1.2196,0.5146,0.4827,0.754,-0.0428,0.4827,-0.1564,-0.7372,0,3,1,2,3,1,0,3
1270,1196,./side_view_dataset_videos/11.mov,Left,141.23,140,20.68,178,178,123,98,169,-0.2716,1.0731,0.0953,0.5786,-0.2717,-0.0094,0.5786,0.3888,0.0299,0,3,1,0,3,0,0,3
1271,1211,./side_view_dataset_videos/11.mov,Right,168.62,183,21.32,163,176,56,84,179,-0.8535,0.6823,0.4819,0.4788,-0.702,-0.0738,0.4788,-0.1342,-0.6476,1,3,0,3,3,1,1,3
1272,1232,./side_view_dataset_videos/11.mov,Left,180.4,243,19.14,178,178,121,90,174,-1.2179,0.7579,0.0338,0.6023,-1.1968,-0.0455,0.6023,0.2779,-0.0355,3,3,1,0,3,0,0,3
1273,1253,./side_view_dataset_videos/11.mov,Right,181.95,193,17.0,158,158,64,58,179,-0.4627,0.8451,0.4346,0.4662,-0.345,-0.0842,0.4662,-0.1239,-0.6254,3,3,2,3,2,2,1,3
1274,1270,./side_view_dataset_videos/11.mov,Left,186.41,260,19.27,176,176,126,89,173,-0.9877,0.8592,-0.3664,0.5306,-0.8915,-0.047,0.5306,0.1944,0.0234,3,3,1,0,3,0,0,3
1275,1293,./side_view_dataset_videos/11.mov,Right,190.01,270,16.0,177,177,64,65,173,0.4755,1.1694,0.9396,0.417,0.5598,-0.0074,0.417,-0.2037,-0.7701,3,2,2,0,3,2,3,3
1276,1305,./side_view_dataset_videos/11.mov,Left,202.0,297,16.35,164,179,70,86,168,0.0886,0.9825,0.5101,0.5471,0.1267,-0.0199,0.5471,-0.0568,-0.5115,3,1,2,3,3,3,0,3
1277,1334,./side_view_dataset_videos/11.mov,Right,192.55,263,22.36,156,177,62,81,174,0.5692,0.9323,0.9936,0.2397,0.6789,-0.0485,0.2397,-0.2116,-0.7093,3,3,0,3,3,2,1,3
1278,1345,./side_view_dataset_videos/11.mov,Left,223.69,393,22.0,165,176,65,82,164,0.0874,0.8354,0.7099,0.4657,0.1252,-0.0378,0.4657,0.0752,-0.3689,3,0,0,2,3,2,1,3
1279,1388,./side_view_dataset_videos/11.mov,Right,198.11,357,18.26,177,177,74,84,167,-1.4785,0.9701,-0.4118,0.5635,-1.5016,-0.0825,0.5635,0.2538,0.2858,3,0,1,0,3,3,1,3
1280,1400,./side_view_dataset_videos/11.mov,Left,226.77,370,16.34,177,177,121,62,175,-0.4663,1.0347,0.3529,0.5114,-0.4695,-0.0044,0.5114,0.2938,-0.0151,3,0,2,0,3,0,2,3
1281,1416,./side_view_dataset_videos/11.mov,Right,211.79,283,17.07,158,158,56,67,178,0.168,1.1724,0.5778,0.4474,0.3177,-0.0231,0.4474,-0.1836,-0.5603,3,2,2,3,2,1,3,3
1282,1435,./side_view_dataset_videos/11.mov,Left,224.84,367,19.95,171,174,132,91,172,-0.2493,0.957,0.1581,0.5558,-0.2723,-0.0358,0.5558,0.2411,0.1235,3,0,1,1,3,0,0,3
1283,1471,./side_view_dataset_videos/11.mov,Right,179.44,286,18.83,179,179,79,91,170,-1.5388,0.8611,-0.3118,0.5256,-1.5845,-0.0865,0.5256,0.2287,0.2119,2,1,1,0,3,3,0,3
1284,1490,./side_view_dataset_videos/11.mov,Left,200.56,317,17.95,178,178,104,88,179,-0.1295,0.9682,0.1904,0.5233,-0.2505,-0.0384,0.5233,0.2374,0.1682,3,0,2,0,3,2,0,3
1285,1511,./side_view_dataset_videos/11.mov,Right,174.88,340,16.11,176,176,80,91,164,-1.5375,0.8836,-0.3748,0.5544,-1.5478,-0.0863,0.5544,0.3072,0.3065,2,0,2,0,3,3,0,3
1286,1534,./side_view_dataset_videos/11.mov,Left,161.2,387,12.34,175,175,122,91,174,0.6906,0.9723,1.0378,0.3793,0.5996,-0.003,0.3793,0.141,0.0388,1,0,3,0,3,0,0,3
1287,1551,./side_view_dataset_videos/11.mov,Right,165.65,337,16.52,175,175,86,86,164,-1.5814,0.9055,-0.3867,0.5557,-1.5781,-0.0856,0.5557,0.2868,0.2864,1,0,2,0,3,3,0,3
1288,1572,./side_view_dataset_videos/11.mov,Left,179.92,340,16.56,172,172,93,91,177,-0.1758,1.0303,0.3949,0.5267,-0.3027,-0.0235,0.5267,0.2252,0.1432,2,0,2,1,3,3,0,3
1289,1592,./side_view_dataset_videos/11.mov,Right,178.03,340,17.5,170,171,78,94,169,-1.5528,0.8853,-0.1851,0.5689,-1.5947,-0.0857,0.5689,0.2396,0.1187,2,0,2,1,3,3,0,3
1290,1613,./side_view_dataset_videos/11.mov,Left,178.03,320,15.94,173,173,107,84,173,-0.5136,1.014,0.2106,0.5612,-0.606,-0.0217,0.5612,0.1487,0.1516,2,0,2,1,3,2,1,3
1291,1630,./side_view_dataset_videos/11.mov,Right,189.06,337,17.39,175,175,78,85,165,-1.4333,1.0097,-0.456,0.5594,-1.4358,-0.0908,0.5594,0.2705,0.2956,3,0,2,0,3,3,0,3
1292,1652,./side_view_dataset_videos/11.mov,Left,179.45,337,15.79,160,169,127,69,173,-1.4343,0.7672,-0.0579,0.5368,-1.5109,-0.0813,0.5368,0.1838,0.2253,2,0,2,3,3,0,3,3
1293,1673,./side_view_dataset_videos/11.mov,Right,179.45,290,17.1,179,179,79,86,172,0.5446,0.9859,0.6644,0.5222,0.4262,-0.0215,0.5222,0.264,0.24,2,1,2,0,3,3,0,3
1294,1709,./side_view_dataset_videos/11.mov,Left,163.47,313,15.3,171,172,75,88,161,0.073,0.8046,0.9328,0.4023,0.0333,-0.0449,0.4023,0.0455,-0.4538,1,0,2,1,3,3,0,3
1295,1737,./side_view_dataset_videos/11.mov,Right,154.91,266,16.15,154,154,64,85,175,0.6721,1.1381,0.8245,0.4506,0.7676,0.0015,0.4506,-0.1836,-0.9015,0,3,2,2,1,2,0,3
1296,10,./side_view_dataset_videos/12.mov,Right,0,333,7.77,166,172,96,39,175,-0.3195,1.3239,0.0557,0.6972,-0.2792,-0.0022,0.6972,0.0308,-0.323,0,0,3,2,3,3,0,3
1297,20,./side_view_dataset_videos/12.mov,Left,180.0,333,12.46,170,170,127,38,172,-0.0502,1.1518,0.239,0.6239,-0.1314,-0.002,0.6239,0.2767,-0.1265,2,0,3,1,3,0,0,3
1298,30,./side_view_dataset_videos/12.mov,Right,180.0,344,14.27,169,169,98,36,174,0.0964,1.2974,0.3107,0.66,0.0969,0.0008,0.66,-0.1071,-0.479,2,0,3,2,3,3,0,3
1299,41,./side_view_dataset_videos/12.mov,Left,174.55,350,15.57,172,172,127,33,169,0.2366,1.1345,0.3643,0.5564,0.1677,-0.0033,0.5564,0.1946,-0.0816,2,0,2,1,3,0,0,3
1300,52,./side_view_dataset_videos/12.mov,Right,171.82,353,16.05,171,171,93,30,176,-0.1628,1.2469,0.2105,0.6563,-0.1732,-0.0034,0.6563,-0.0458,-0.4277,2,0,2,1,3,3,0,3
1301,63,./side_view_dataset_videos/12.mov,Left,170.18,353,16.2,170,170,116,33,169,-0.1117,1.1466,0.3173,0.6187,-0.217,-0.0005,0.6187,0.2026,-0.0951,2,0,2,1,3,1,0,3
1302,73,./side_view_dataset_videos/12.mov,Right,170.18,359,16.13,172,172,91,33,178,-0.1235,1.3225,0.2508,0.6859,-0.1291,-0.0027,0.6859,-0.0265,-0.4282,2,0,2,1,3,3,0,3
1303,14,./side_view_dataset_videos/13.mov,Left,0,300,11.04,162,166,127,43,174,-1.2205,0.8266,0.0232,0.5503,-1.2262,-0.0608,0.5503,0.2576,0.507,0,1,3,3,3,0,0,3
1304,23,./side_view_dataset_videos/13.mov,Right,200.0,250,12.42,169,169,119,42,155,-1.4678,1.0918,-0.2786,0.7144,-1.4808,-0.0811,0.7144,0.4722,0.3015,3,3,3,2,3,1,0,2
1305,29,./side_view_dataset_videos/13.mov,Left,250.0,255,13.35,169,169,106,31,174,-0.6735,1.1544,-0.1935,0.6215,-0.662,-0.0277,0.6215,0.367,0.117,3,3,3,2,3,2,0,3
1306,37,./side_view_dataset_videos/13.mov,Right,241.67,275,13.23,170,170,102,36,174,-0.2963,1.3343,0.1376,0.6945,-0.265,-0.007,0.6945,0.0657,-0.2544,3,2,3,1,3,2,0,3
1307,47,./side_view_dataset_videos/13.mov,Left,226.25,293,14.49,166,166,114,37,171,-0.0877,1.1566,0.2373,0.6333,-0.1789,-0.0052,0.6333,0.1859,-0.1607,3,1,3,2,3,2,0,3
1308,58,./side_view_dataset_videos/13.mov,Right,213.73,300,14.71,172,172,96,37,179,-0.3473,1.3532,0.1361,0.7043,-0.3043,-0.0052,0.7043,-0.0317,-0.3448,3,1,3,1,3,3,0,3
1309,68,./side_view_dataset_videos/13.mov,Left,209.73,326,17.48,168,168,103,34,171,-0.1112,1.2243,0.2342,0.6796,-0.1902,-0.0065,0.6796,0.2299,-0.1627,3,0,2,2,3,2,0,3
1310,78,./side_view_dataset_videos/13.mov,Right,185.73,346,15.81,172,172,94,36,178,-0.0819,1.3758,0.2501,0.7167,-0.1033,0.0008,0.7167,-0.014,-0.4277,3,0,2,1,3,3,0,3
1311,14,./side_view_dataset_videos/14.mov,Left,0,333,16.55,169,169,107,43,178,-1.2597,0.8981,-0.0925,0.587,-1.2135,-0.0577,0.587,0.2771,-0.086,0,0,2,2,3,2,0,3
1312,24,./side_view_dataset_videos/14.mov,Right,180.0,350,17.58,169,171,106,37,156,-1.6195,1.0459,-0.3256,0.722,-1.577,-0.0776,0.722,0.3787,0.1255,2,0,2,2,3,2,0,2
1313,35,./side_view_dataset_videos/14.mov,Left,171.82,344,16.95,170,171,115,38,178,-1.3134,0.8833,-0.2771,0.6043,-1.2617,-0.0339,0.6043,0.2626,-0.0987,2,0,2,1,3,1,0,3
1314,45,./side_view_dataset_videos/14.mov,Right,174.55,341,17.49,167,171,108,34,159,-1.517,1.0249,-0.1934,0.6953,-1.4883,-0.0792,0.6953,0.3389,0.0708,2,0,2,2,3,2,0,2
1315,55,./side_view_dataset_videos/14.mov,Left,175.91,333,13.69,170,170,112,38,179,-1.315,0.9838,-0.2991,0.6151,-1.2423,-0.0649,0.6151,0.2969,-0.1439,2,0,3,1,3,2,0,3
1316,64,./side_view_dataset_videos/14.mov,Right,180.73,346,13.86,167,171,102,34,159,-1.544,1.181,-0.4415,0.7157,-1.4628,-0.075,0.7157,0.2957,0.1019,3,0,3,2,3,2,0,2
1317,76,./side_view_dataset_videos/14.mov,Left,174.73,340,13.65,169,171,118,42,177,-1.311,0.9432,-0.3199,0.7057,-1.2649,-0.0572,0.7057,0.3075,-0.0047,2,0,3,2,3,1,0,3
1318,15,./side_view_dataset_videos/15.mov,Right,0,318,8.09,150,167,78,47,178,-1.1219,0.8415,0.2174,0.5293,-1.0171,-0.0651,0.5293,-0.1401,-0.9226,0,0,3,2,3,3,0,3
1319,34,./side_view_dataset_videos/15.mov,Left,188.65,569,18.19,163,178,53,77,170,0.0623,0.8883,0.2079,0.529,0.2062,-0.0118,0.529,-0.0361,-0.4561,3,0,1,3,3,1,2,3
1320,83,./side_view_dataset_videos/15.mov,Right,130.9,491,20.34,178,178,106,77,165,-1.2929,1.0255,-0.1665,0.5679,-1.3904,-0.0714,0.5679,0.3611,0.2326,0,0,1,0,3,2,2,3
1321,103,./side_view_dataset_videos/15.mov,Left,147.01,397,20.26,173,173,128,44,179,0.4382,1.2324,0.4035,0.5896,0.3401,-0.0148,0.5896,0.2654,0.1222,0,0,1,1,3,0,0,3
1322,127,./side_view_dataset_videos/15.mov,Right,147.59,405,23.09,175,175,101,65,165,-1.3314,1.0874,-0.4396,0.6112,-1.3928,-0.0683,0.6112,0.3368,0.1604,0,0,0,0,3,2,3,3
1323,153,./side_view_dataset_videos/15.mov,Left,145.65,401,21.72,174,174,138,46,176,-1.1597,0.6661,0.3681,0.4571,-1.2535,-0.0453,0.4571,0.1907,0.1392,0,0,0,1,3,0,0,3
1324,171,./side_view_dataset_videos/15.mov,Right,147.74,314,26.58,175,175,99,53,164,-1.2848,1.081,-0.3452,0.614,-1.3291,-0.0863,0.614,0.3336,0.1903,0,0,0,0,3,3,0,3
1325,194,./side_view_dataset_videos/15.mov,Left,164.28,318,22.53,174,174,134,53,178,-1.1088,0.7991,0.2333,0.5621,-1.2086,-0.0541,0.5621,0.2467,0.1997,1,0,0,1,3,0,0,3
1326,215,./side_view_dataset_videos/15.mov,Right,162.57,388,24.67,179,179,95,83,170,-1.3674,1.0361,-0.3279,0.5939,-1.4513,-0.0793,0.5939,0.2659,0.1667,1,0,0,0,3,3,1,3
1327,243,./side_view_dataset_videos/15.mov,Left,158.31,364,20.13,172,172,104,43,178,-1.0776,0.5786,0.3491,0.3972,-1.146,-0.055,0.3972,0.2238,0.0738,0,0,1,1,3,2,0,3
1328,262,./side_view_dataset_videos/15.mov,Right,168.46,381,30.2,179,179,102,59,164,-1.4387,1.069,-0.4746,0.6128,-1.4391,-0.089,0.6128,0.2786,0.0652,1,0,0,0,3,2,1,3
1329,285,./side_view_dataset_videos/15.mov,Left,159.81,368,27.87,167,167,112,35,176,-1.1924,0.72,0.4452,0.489,-1.3094,-0.0514,0.489,0.1819,0.1197,0,0,0,2,3,2,0,3
1330,304,./side_view_dataset_videos/15.mov,Right,166.37,374,23.91,179,179,97,72,167,-1.3161,1.0303,-0.4965,0.5829,-1.3331,-0.0779,0.5829,0.2499,0.1284,1,0,0,0,3,3,3,3
1331,327,./side_view_dataset_videos/15.mov,Left,163.4,344,21.12,176,176,136,54,175,-0.003,1.1477,0.3268,0.6239,-0.1086,-0.0185,0.6239,0.1649,0.1431,1,0,0,0,3,0,0,3
1332,346,./side_view_dataset_videos/15.mov,Right,175.53,361,21.36,175,175,81,71,168,-1.2545,1.133,-0.5716,0.6142,-1.3337,-0.0622,0.6142,0.2919,0.1953,2,0,0,0,3,3,3,3
1333,370,./side_view_dataset_videos/15.mov,Left,167.67,354,25.83,176,176,152,52,179,0.4999,1.1685,0.4659,0.5616,0.354,-0.0134,0.5616,0.217,0.2664,1,0,0,0,3,0,0,3
1334,391,./side_view_dataset_videos/15.mov,Right,170.64,378,24.35,176,176,85,83,166,-1.2941,1.0255,-0.4813,0.5844,-1.31,-0.0847,0.5844,0.269,0.1979,2,0,0,0,3,3,1,3
1335,417,./side_view_dataset_videos/15.mov,Left,160.48,364,17.97,179,179,141,50,174,0.261,1.1265,0.2736,0.5394,0.1426,-0.003,0.5394,0.1495,0.1485,1,0,2,0,3,0,0,3
1336,436,./side_view_dataset_videos/15.mov,Right,167.04,378,31.57,177,177,80,85,166,-1.4221,1.1848,-0.5186,0.6653,-1.3434,-0.0747,0.6653,0.1744,-0.0576,1,0,0,0,3,3,0,3
1337,459,./side_view_dataset_videos/15.mov,Left,160.48,364,29.26,179,179,140,39,178,0.4687,1.2565,0.3115,0.6337,0.3322,-0.0107,0.6337,0.2218,0.086,1,0,0,0,3,0,0,3
1338,479,./side_view_dataset_videos/15.mov,Right,166.45,378,27.85,175,175,91,70,169,-1.2846,1.2304,-0.4754,0.6411,-1.3434,-0.0499,0.6411,0.2524,0.0778,1,0,0,0,3,3,3,3
1339,504,./side_view_dataset_videos/15.mov,Left,160.99,361,27.53,178,178,137,49,176,0.5238,1.1895,0.5495,0.6363,0.3803,-0.0003,0.6363,0.1685,0.0666,1,0,0,0,3,0,0,3
1340,525,./side_view_dataset_videos/15.mov,Right,167.55,368,38.96,178,178,96,57,168,-1.5199,1.2275,-0.4783,0.7172,-1.4334,-0.0891,0.7172,0.133,-0.0673,1,0,0,0,3,3,1,3
1341,546,./side_view_dataset_videos/15.mov,Left,163.96,308,31.61,179,179,146,52,176,0.5103,1.2387,0.5767,0.5802,0.364,0.002,0.5802,0.174,0.1186,1,0,0,0,3,0,0,3
1342,566,./side_view_dataset_videos/15.mov,Right,168.64,314,30.95,175,175,85,66,166,-1.2243,1.2245,-0.4853,0.6448,-1.2138,-0.0517,0.6448,0.2356,0.0927,1,0,0,0,3,3,3,3
1343,588,./side_view_dataset_videos/15.mov,Left,165.38,308,30.09,167,167,116,51,179,0.3707,1.2072,0.399,0.6095,0.2468,-0.0213,0.6095,0.2931,0.279,1,0,0,2,3,1,0,3
1344,611,./side_view_dataset_videos/15.mov,Right,167.87,314,33.01,179,179,87,50,163,-1.2113,1.1157,-0.5056,0.5723,-1.1153,-0.0667,0.5723,0.2185,0.0468,1,0,0,0,3,3,0,3
1345,634,./side_view_dataset_videos/15.mov,Left,164.9,318,23.28,179,179,148,61,177,-0.6637,1.0253,-0.0104,0.6165,-0.7888,-0.0402,0.6165,0.2253,0.1869,1,0,0,0,3,0,2,3
1346,656,./side_view_dataset_videos/15.mov,Right,163.35,364,37.53,163,171,94,79,167,-1.5818,1.3119,-0.5109,0.7414,-1.5641,-0.0753,0.7414,0.2075,-0.0384,1,0,0,3,3,3,2,3
1347,675,./side_view_dataset_videos/15.mov,Left,165.24,368,31.99,165,176,114,51,179,-1.0502,1.0545,-0.1407,0.5445,-1.1421,-0.0368,0.5445,0.3034,0.3259,1,0,0,2,3,2,0,3
1348,698,./side_view_dataset_videos/15.mov,Right,163.82,374,34.26,179,179,84,66,172,-1.2839,1.1617,-0.4428,0.6295,-1.3408,-0.0595,0.6295,0.2011,0.0232,1,0,0,0,3,3,3,3
1349,723,./side_view_dataset_videos/15.mov,Left,161.33,364,25.84,176,176,140,53,175,0.5081,1.0878,0.2271,0.5172,0.377,-0.0161,0.5172,0.1995,0.1925,1,0,0,0,3,0,0,3
1350,743,./side_view_dataset_videos/15.mov,Right,166.0,368,28.09,179,179,96,60,166,-1.3129,1.1561,-0.5598,0.6068,-1.2676,-0.069,0.6068,0.2159,0.0969,1,0,0,0,3,3,2,3
1351,766,./side_view_dataset_videos/15.mov,Left,164.59,318,26.47,178,178,135,44,177,0.4639,1.1591,0.6766,0.5855,0.3211,-0.0004,0.5855,0.193,0.0997,1,0,0,0,3,0,0,3
1352,787,./side_view_dataset_videos/15.mov,Right,160.99,328,30.77,177,177,93,68,165,-1.4433,1.1861,-0.4609,0.6626,-1.3895,-0.0795,0.6626,0.2202,0.0349,1,0,0,0,3,3,3,3
1353,813,./side_view_dataset_videos/15.mov,Left,157.4,301,28.82,171,176,117,49,176,-0.5887,0.8718,0.331,0.5065,-0.721,-0.0559,0.5065,0.1925,-0.0205,0,0,0,1,3,1,0,3
1354,830,./side_view_dataset_videos/15.mov,Right,170.89,331,29.23,179,179,94,67,169,-1.3382,1.1056,-0.4535,0.6083,-1.3679,-0.0813,0.6083,0.2183,0.099,2,0,0,0,3,3,3,3
1355,859,./side_view_dataset_videos/15.mov,Left,159.77,304,27.44,177,177,94,57,177,-0.3808,0.9015,0.2415,0.4551,-0.502,-0.0541,0.4551,0.2035,0.0561,0,0,0,0,3,3,1,3
1356,874,./side_view_dataset_videos/15.mov,Right,176.39,368,35.08,179,179,86,70,170,-1.3902,1.128,-0.5219,0.6244,-1.4325,-0.0735,0.6244,0.2108,0.1302,2,0,0,0,3,3,3,3
1357,897,./side_view_dataset_videos/15.mov,Left,173.42,294,24.94,175,175,119,47,177,0.4325,1.0599,0.1917,0.5466,0.3423,0.0069,0.5466,0.2268,0.257,2,1,0,0,3,1,0,3
1358,918,./side_view_dataset_videos/15.mov,Right,179.99,321,25.26,179,179,83,72,172,-1.3334,1.0605,-0.3584,0.5932,-1.4141,-0.07,0.5932,0.2256,0.154,2,0,0,0,3,3,3,3
1359,943,./side_view_dataset_videos/15.mov,Left,166.49,284,22.62,178,178,141,49,173,-1.1744,0.645,0.1479,0.4911,-1.2587,-0.0501,0.4911,0.1805,0.1541,1,2,0,0,3,0,0,3
1360,961,./side_view_dataset_videos/15.mov,Right,181.6,324,28.01,177,177,83,67,174,-1.2785,1.0829,-0.3288,0.6022,-1.3912,-0.0571,0.6022,0.2211,0.161,3,0,0,0,3,3,3,3
1361,988,./side_view_dataset_videos/15.mov,Left,160.36,304,24.98,171,173,120,59,177,-1.3379,0.6191,-0.0436,0.4985,-1.4199,-0.1021,0.4985,0.2221,0.1833,1,0,0,1,3,0,1,3
1362,1005,./side_view_dataset_videos/15.mov,Right,171.36,364,20.85,178,178,96,61,165,-1.3262,0.9662,-0.4953,0.5641,-1.334,-0.086,0.5641,0.2834,0.2144,2,0,1,0,3,3,2,3
1363,1027,./side_view_dataset_videos/15.mov,Left,169.81,344,22.25,177,177,111,56,177,-0.6868,0.9854,0.0352,0.5734,-0.7734,-0.0293,0.5734,0.2704,0.0103,1,0,0,0,3,2,1,3
1364,1046,./side_view_dataset_videos/15.mov,Right,178.86,304,20.43,179,179,89,60,165,-0.2085,1.1247,0.0347,0.5541,-0.2662,-0.0282,0.5541,0.333,0.2402,2,0,1,0,3,3,2,3
1365,1068,./side_view_dataset_videos/15.mov,Left,171.62,291,24.05,172,172,98,49,179,-1.2442,0.9942,-0.2682,0.5845,-1.303,-0.0643,0.5845,0.2538,0.0412,2,1,0,1,3,3,0,3
1366,1091,./side_view_dataset_videos/15.mov,Right,176.24,301,19.08,178,178,86,50,167,-0.5157,1.0773,-0.0052,0.5373,-0.6191,-0.0186,0.5373,0.3259,0.2184,2,0,1,0,3,3,0,3
1367,1111,./side_view_dataset_videos/15.mov,Left,169.91,308,20.54,162,175,107,38,179,-1.164,1.0685,-0.1647,0.6351,-1.2301,-0.0596,0.6351,0.2644,0.0701,1,0,1,3,3,2,0,3
1368,1135,./side_view_dataset_videos/15.mov,Right,167.2,314,22.21,178,178,90,74,167,-1.1745,0.982,-0.2129,0.546,-1.257,-0.0646,0.546,0.3093,0.1572,1,0,0,0,3,3,3,3
1369,1156,./side_view_dataset_videos/15.mov,Left,163.6,361,21.45,161,161,133,40,177,-1.2041,0.8435,-0.0274,0.5327,-1.2835,-0.0398,0.5327,0.2143,0.1009,1,0,0,3,2,0,0,3
1370,1176,./side_view_dataset_videos/15.mov,Right,166.86,371,15.83,177,177,90,64,170,-1.1686,1.0571,-0.3212,0.5743,-1.2843,-0.029,0.5743,0.2963,0.2084,1,0,2,0,3,3,2,3
1371,1203,./side_view_dataset_videos/15.mov,Left,162.25,361,19.25,168,168,135,46,178,0.499,1.017,0.6307,0.5557,0.3635,-0.0069,0.5557,0.2412,0.1383,1,0,1,2,3,0,0,3
1372,1220,./side_view_dataset_videos/15.mov,Right,168.57,368,19.35,179,179,81,55,166,-1.2269,1.1216,-0.4442,0.6206,-1.3133,-0.0639,0.6206,0.3313,0.1855,1,0,1,0,3,3,1,3
1373,1246,./side_view_dataset_videos/15.mov,Left,166.27,361,25.06,178,178,127,49,176,0.4835,1.1399,0.6739,0.6466,0.3206,-0.0103,0.6466,0.2698,0.1608,1,0,0,0,3,0,0,3
1374,1265,./side_view_dataset_videos/15.mov,Right,169.87,385,23.18,179,179,86,56,166,-1.2512,1.0932,-0.4306,0.6181,-1.2993,-0.0583,0.6181,0.2934,0.1465,1,0,0,0,3,3,1,3
1375,1292,./side_view_dataset_videos/15.mov,Left,160.57,358,17.3,170,170,126,38,178,0.1689,0.9907,0.6164,0.4923,0.0695,-0.0169,0.4923,0.2598,0.0457,1,0,2,1,3,0,0,3
1376,1310,./side_view_dataset_videos/15.mov,Right,173.85,385,23.25,177,177,85,59,164,-1.3168,1.0418,-0.4392,0.6177,-1.3129,-0.0838,0.6177,0.2889,0.1469,2,0,0,0,3,3,1,3
1377,1335,./side_view_dataset_videos/15.mov,Left,160.35,354,23.17,157,158,111,37,179,-0.2635,0.8684,0.3926,0.5833,-0.374,-0.0376,0.5833,0.2417,0.0493,1,0,0,3,2,2,0,3
1378,1352,./side_view_dataset_videos/15.mov,Right,174.95,378,25.85,179,179,81,80,166,-1.2025,0.9872,-0.2987,0.5789,-1.2499,-0.0817,0.5789,0.2925,0.1655,2,0,0,0,3,3,1,3
1379,1378,./side_view_dataset_videos/15.mov,Left,164.79,331,20.69,174,174,148,37,179,0.3965,1.0032,0.4795,0.5019,0.2637,-0.0094,0.5019,0.2804,0.1622,1,0,1,1,3,0,0,3
1380,1396,./side_view_dataset_videos/15.mov,Right,178.07,361,21.64,170,170,89,73,167,-1.1506,0.8983,-0.2877,0.5408,-1.2593,-0.0791,0.5408,0.3373,0.2386,2,0,0,1,3,3,3,3
1381,1423,./side_view_dataset_videos/15.mov,Left,164.79,334,21.29,171,171,145,49,179,0.3205,1.0064,0.3423,0.475,0.2208,-0.026,0.475,0.2586,0.1299,1,0,0,1,3,0,0,3
1382,1440,./side_view_dataset_videos/15.mov,Right,178.29,354,21.35,176,176,72,75,171,-0.578,1.1291,-0.1855,0.6323,-0.7054,-0.0354,0.6323,0.2878,0.2383,2,0,0,0,3,3,2,3
1383,1463,./side_view_dataset_videos/15.mov,Left,167.29,344,19.14,177,177,131,52,177,-1.0844,0.8998,-0.1087,0.5459,-1.1412,-0.0472,0.5459,0.2678,0.2453,1,0,1,0,3,0,0,3
1384,1486,./side_view_dataset_videos/15.mov,Right,170.88,371,22.14,179,179,87,77,168,-1.137,0.9877,-0.2549,0.5483,-1.2375,-0.0693,0.5483,0.3075,0.2571,2,0,0,0,3,3,2,3
1385,1507,./side_view_dataset_videos/15.mov,Left,165.19,364,18.69,174,178,132,48,177,-1.1447,0.8655,-0.1912,0.5811,-1.194,-0.0707,0.5811,0.2646,0.2235,1,0,1,1,3,0,0,3
1386,1532,./side_view_dataset_videos/15.mov,Right,167.32,368,32.77,177,177,95,67,164,-1.4508,1.087,-0.4407,0.6597,-1.4277,-0.0971,0.6597,0.2539,0.1669,1,0,0,0,3,3,3,3
1387,1550,./side_view_dataset_videos/15.mov,Left,164.98,371,29.34,169,169,129,25,179,0.258,1.19,0.3524,0.6104,0.1211,-0.0272,0.6104,0.2005,0.1554,1,0,0,2,3,0,0,3
1388,1574,./side_view_dataset_videos/15.mov,Right,163.68,378,34.23,177,177,82,64,163,-1.3954,1.2003,-0.4922,0.72,-1.3417,-0.09,0.72,0.2523,0.1284,1,0,0,0,3,3,2,3
1389,1599,./side_view_dataset_videos/15.mov,Left,161.18,351,33.79,162,172,148,30,177,0.396,1.2208,0.5401,0.7119,0.2312,-0.0074,0.7119,0.1981,0.1469,1,0,0,3,3,0,0,3
1390,1617,./side_view_dataset_videos/15.mov,Right,166.87,354,33.93,177,177,92,72,164,-1.3874,1.1839,-0.4296,0.6483,-1.3497,-0.0964,0.6483,0.2464,0.1077,1,0,0,0,3,3,3,3
1391,1643,./side_view_dataset_videos/15.mov,Left,165.77,348,25.75,169,169,113,40,178,0.3289,1.0625,0.6371,0.5834,0.1925,-0.012,0.5834,0.201,0.1537,1,0,0,2,3,2,0,3
1392,1659,./side_view_dataset_videos/15.mov,Right,170.75,297,33.0,172,172,84,77,165,-1.2741,1.1811,-0.5162,0.6449,-1.3205,-0.0641,0.6449,0.3171,0.2765,2,1,0,1,3,3,2,3
1393,1683,./side_view_dataset_videos/15.mov,Left,170.75,281,28.66,155,163,134,47,176,0.5902,1.1521,0.828,0.5802,0.4672,-0.0123,0.5802,0.2901,0.1157,2,2,0,3,2,0,0,3
1394,1703,./side_view_dataset_videos/15.mov,Right,177.92,321,26.05,179,179,95,53,163,-1.326,1.0788,-0.5227,0.6112,-1.3241,-0.0801,0.6112,0.2989,0.1489,2,0,0,0,3,3,0,3
1395,1728,./side_view_dataset_videos/15.mov,Left,166.77,301,22.42,159,168,111,49,177,0.4238,1.0647,0.6878,0.5621,0.2915,-0.0439,0.5621,0.2816,0.0618,1,0,0,3,3,2,0,3
1396,1748,./side_view_dataset_videos/15.mov,Right,175.04,331,27.06,179,179,96,61,163,-1.4069,1.1812,-0.4124,0.6693,-1.4392,-0.0774,0.6693,0.3383,0.2039,2,0,0,0,3,3,2,3
1397,1773,./side_view_dataset_videos/15.mov,Left,158.91,358,23.92,169,175,113,38,178,0.315,1.0028,0.6134,0.4951,0.2262,-0.0066,0.4951,0.23,-0.0376,0,0,0,2,3,2,0,3
1398,1790,./side_view_dataset_videos/15.mov,Right,171.21,368,29.39,178,178,94,77,170,-1.2063,1.0118,-0.199,0.5772,-1.3486,-0.0653,0.5772,0.3091,0.254,2,0,0,0,3,3,2,3
1399,14,./side_view_dataset_videos/16.mov,Left,0,284,18.56,178,178,113,48,169,-0.4599,1.1483,0.1669,0.609,-0.4999,-0.0162,0.609,0.3461,0.0587,0,2,1,0,3,2,0,3
1400,31,./side_view_dataset_videos/16.mov,Right,210.73,175,18.23,167,167,70,42,177,0.031,1.1902,0.3036,0.5527,0.1998,-0.0461,0.5527,-0.1216,-0.6785,3,3,1,2,3,3,0,3
1401,56,./side_view_dataset_videos/16.mov,Left,177.01,189,18.76,179,179,122,60,167,-0.2306,1.0873,0.265,0.5632,-0.2633,-0.002,0.5632,0.3153,0.0376,2,3,1,0,3,0,2,3
1402,72,./side_view_dataset_videos/16.mov,Right,192.64,188,21.03,162,162,70,58,178,-0.8224,1.037,0.3718,0.5899,-0.7253,-0.0659,0.5899,-0.1297,-0.7383,3,3,0,3,2,3,1,3
1403,83,./side_view_dataset_videos/16.mov,Left,225.9,247,20.25,161,179,114,41,167,-0.6477,0.9938,-0.1495,0.4848,-0.5446,-0.0033,0.4848,0.1135,-0.1567,3,3,1,3,3,2,0,3
1404,117,./side_view_dataset_videos/16.mov,Right,201.79,231,24.54,160,170,81,56,178,-0.5428,0.9154,0.4201,0.5867,-0.3747,-0.0727,0.5867,-0.146,-0.8039,3,3,0,3,3,3,1,3
1405,129,./side_view_dataset_videos/16.mov,Left,219.35,294,28.37,161,177,131,53,171,0.1431,1.2971,0.2918,0.7329,0.1556,-0.0203,0.7329,0.0424,0.1663,3,1,0,3,3,0,0,3
1406,152,./side_view_dataset_videos/16.mov,Right,221.85,271,26.59,176,176,81,48,178,0.6427,1.2639,0.5647,0.5797,0.7312,-0.0183,0.5797,-0.1108,-0.8879,3,2,0,0,3,3,0,3
1407,167,./side_view_dataset_videos/16.mov,Left,224.83,334,27.88,167,177,107,70,174,-0.7138,1.2054,-0.1534,0.5718,-0.6402,-0.0228,0.5718,0.0832,-0.241,3,0,0,2,3,2,3,3
1408,197,./side_view_dataset_videos/16.mov,Right,183.58,284,17.43,159,159,76,51,178,-0.5803,1.1682,0.0917,0.6042,-0.459,-0.0426,0.6042,-0.0934,-0.8477,3,2,2,3,2,3,0,3
1409,211,./side_view_dataset_videos/16.mov,Left,213.68,345,22.18,162,178,85,65,172,-0.6558,1.0934,-0.1647,0.5467,-0.5658,-0.0102,0.5467,0.0632,-0.3391,3,0,0,3,3,3,3,3
1410,244,./side_view_dataset_videos/16.mov,Right,175.69,345,24.62,165,172,70,47,178,-0.3417,1.2121,0.3854,0.5261,-0.2506,-0.0472,0.5261,-0.1102,-0.7002,2,0,0,2,3,3,0,3
1411,267,./side_view_dataset_videos/16.mov,Left,175.69,395,24.22,172,177,127,46,174,0.4062,1.331,-0.0031,0.6814,0.36,0.0116,0.6814,0.2226,0.0188,2,0,0,1,3,0,0,3
1412,289,./side_view_dataset_videos/16.mov,Right,160.49,351,22.93,172,176,70,51,178,0.3206,1.1176,0.5198,0.3502,0.4101,-0.0094,0.3502,-0.1206,-0.6188,1,0,0,1,3,3,0,3
1413,306,./side_view_dataset_videos/16.mov,Left,178.75,375,26.29,179,179,137,73,171,0.519,1.221,0.1761,0.6407,0.5874,0.0049,0.6407,0.0659,-0.2422,2,0,0,0,3,0,3,3
1414,327,./side_view_dataset_videos/16.mov,Right,161.69,308,22.91,173,173,71,46,175,0.6004,1.2842,0.3772,0.5806,0.6813,-0.0135,0.5806,-0.1619,-0.936,1,0,0,1,3,3,0,3
1415,343,./side_view_dataset_videos/16.mov,Left,184.76,338,21.76,159,179,48,51,168,-0.0431,0.8473,0.3444,0.4837,-0.0058,-0.0212,0.4837,-0.0189,-0.4151,3,0,0,3,3,0,0,3
1416,375,./side_view_dataset_videos/16.mov,Right,176.0,278,23.15,176,176,61,49,173,0.2834,1.1533,0.3854,0.3648,0.3651,-0.0083,0.3648,-0.1994,-0.7257,2,2,0,0,3,2,0,3
1417,397,./side_view_dataset_videos/16.mov,Left,176.0,291,33.67,175,178,120,51,176,0.2074,1.1968,-0.0011,0.6215,0.1741,0.0097,0.6215,0.2036,-0.0104,2,1,0,0,3,0,0,3
1418,418,./side_view_dataset_videos/16.mov,Right,167.97,234,33.87,174,174,57,49,177,-0.6421,1.0773,0.2508,0.4761,-0.4895,-0.0359,0.4761,-0.1942,-0.7762,1,3,0,1,3,1,0,3
1419,442,./side_view_dataset_videos/16.mov,Left,163.71,251,27.82,179,179,120,64,171,0.0683,1.1105,0.2257,0.5752,0.0119,0.0133,0.5752,0.2614,-0.0254,1,3,0,0,3,0,2,3
1420,457,./side_view_dataset_videos/16.mov,Right,166.69,177,27.64,155,164,68,45,175,-0.388,1.2104,0.1568,0.6202,-0.2772,-0.0618,0.6202,-0.1881,-0.9758,1,3,0,3,2,2,0,3
1421,480,./side_view_dataset_videos/16.mov,Left,175.46,247,29.59,177,179,141,72,170,0.441,1.2384,0.1062,0.5931,0.4631,0.0069,0.5931,0.1883,-0.0167,2,3,0,0,3,0,3,3
1422,507,./side_view_dataset_videos/16.mov,Right,169.42,187,20.83,166,166,55,52,178,-0.4703,1.0094,0.4424,0.4092,-0.3591,-0.0627,0.4092,-0.1362,-0.5671,1,3,1,2,3,1,0,3
1423,525,./side_view_dataset_videos/16.mov,Left,175.11,251,22.44,177,177,153,71,176,0.3427,1.1087,0.0034,0.564,0.4039,0.0141,0.564,0.2224,0.0508,2,3,0,0,3,0,3,3
1424,549,./side_view_dataset_videos/16.mov,Right,175.11,211,22.39,168,168,63,59,172,0.2799,1.1697,0.4518,0.4601,0.3457,-0.0059,0.4601,-0.2111,-0.7755,2,3,0,2,3,2,1,3
1425,567,./side_view_dataset_videos/16.mov,Left,167.15,237,35.19,176,176,110,72,169,0.5709,1.3885,0.3446,0.672,0.6333,0.0077,0.672,-0.0187,-0.4747,1,3,0,0,3,2,3,3
1426,585,./side_view_dataset_videos/16.mov,Right,175.8,204,30.93,150,173,70,34,179,-1.0979,1.045,0.0041,0.5442,-0.9822,-0.0636,0.5442,-0.1266,-0.9262,2,3,0,2,3,3,0,3
1427,599,./side_view_dataset_videos/16.mov,Left,200.44,291,33.08,172,178,78,56,177,-0.3864,1.1467,0.0105,0.5434,-0.4714,-0.0215,0.5434,0.2716,0.2171,3,1,0,1,3,3,1,3
1428,628,./side_view_dataset_videos/16.mov,Right,185.35,247,23.11,170,170,69,76,178,0.3956,1.2565,0.4571,0.5604,0.4602,-0.0184,0.5604,-0.0978,-0.9092,3,3,0,1,3,2,2,3
1429,643,./side_view_dataset_videos/16.mov,Left,203.26,351,25.86,162,176,100,72,176,-0.4689,1.1023,0.0025,0.5334,-0.5552,-0.0235,0.5334,0.2967,0.3413,3,0,0,3,3,2,3,3
1430,679,./side_view_dataset_videos/16.mov,Right,183.36,301,24.47,164,164,61,78,176,0.0845,1.2776,0.2664,0.5193,0.2189,-0.0161,0.5193,-0.1999,-0.7649,3,0,0,3,2,2,2,3
1431,699,./side_view_dataset_videos/16.mov,Left,179.38,328,30.11,176,179,138,78,168,0.4497,1.2452,0.3134,0.601,0.3856,0.0199,0.601,0.209,-0.0396,2,0,0,0,3,0,2,3
1432,721,./side_view_dataset_videos/16.mov,Right,160.77,241,22.22,167,167,65,46,177,0.3695,1.163,0.3464,0.5293,0.4401,-0.0099,0.5293,-0.1167,-0.705,1,3,0,2,3,2,0,3
1433,746,./side_view_dataset_videos/16.mov,Left,164.72,251,22.09,179,179,118,81,172,-0.1259,1.122,0.1146,0.5833,-0.1328,-0.0017,0.5833,0.2435,-0.0498,1,3,0,0,3,1,1,3
1434,781,./side_view_dataset_videos/16.mov,Right,137.42,197,15.7,174,174,77,75,171,-1.1208,0.9931,-0.2293,0.5878,-1.2128,-0.0631,0.5878,0.2494,0.2096,0,3,2,1,3,3,2,3
1435,799,./side_view_dataset_videos/16.mov,Left,157.33,274,19.41,162,179,101,31,178,-0.6416,1.2063,0.267,0.6415,-0.7269,-0.0423,0.6415,0.2761,0.2572,0,2,1,3,3,2,0,3
1436,825,./side_view_dataset_videos/16.mov,Right,149.06,291,21.36,179,179,81,76,167,-1.3704,0.9957,-0.3912,0.6034,-1.4069,-0.0714,0.6034,0.2638,0.2319,0,1,0,0,3,3,2,3
1437,852,./side_view_dataset_videos/16.mov,Left,143.03,338,23.49,177,177,78,32,176,0.3936,1.2156,0.4338,0.5333,0.2418,-0.0316,0.5333,0.2533,0.1154,0,0,0,0,3,3,0,3
1438,869,./side_view_dataset_videos/16.mov,Right,156.51,368,20.16,174,174,96,78,169,-1.1466,1.0374,-0.1595,0.5872,-1.2198,-0.0743,0.5872,0.2663,0.1746,0,0,1,1,3,3,2,3
1439,891,./side_view_dataset_videos/16.mov,Left,168.61,371,19.5,177,177,134,45,177,0.552,1.1951,0.4597,0.6551,0.4552,0.007,0.6551,0.2275,0.0952,1,0,1,0,3,0,0,3
1440,910,./side_view_dataset_videos/16.mov,Right,166.52,345,24.33,176,176,86,68,167,-1.3856,1.0752,-0.3483,0.6159,-1.4385,-0.0772,0.6159,0.2761,0.2367,1,0,0,0,3,3,3,3
1441,928,./side_view_dataset_videos/16.mov,Left,178.76,334,24.67,161,179,109,44,179,-1.1109,1.1074,-0.1313,0.6727,-1.1608,-0.0537,0.6727,0.2733,0.1952,2,0,0,3,3,2,0,3
1442,952,./side_view_dataset_videos/16.mov,Right,182.08,348,25.14,174,179,75,83,169,-1.3844,1.0683,-0.4373,0.6251,-1.437,-0.0772,0.6251,0.2546,0.1879,3,0,0,1,3,3,1,3
1443,973,./side_view_dataset_videos/16.mov,Left,174.05,358,28.78,172,179,122,47,179,0.4493,1.4153,0.5014,0.7501,0.3254,-0.0175,0.7501,0.2643,0.1481,2,0,0,1,3,0,0,3
1444,998,./side_view_dataset_videos/16.mov,Right,170.15,385,36.87,173,173,102,71,167,-1.5745,1.264,-0.4005,0.7021,-1.6193,-0.0951,0.7021,0.2788,0.2016,2,0,0,1,3,2,3,3
1445,1025,./side_view_dataset_videos/16.mov,Left,158.97,378,33.35,179,179,64,50,179,0.1076,1.3369,0.6197,0.6677,-0.0783,-0.0214,0.6677,0.2184,0.4063,0,0,0,0,3,2,0,3
1446,1041,./side_view_dataset_videos/16.mov,Right,163.95,385,31.1,170,170,116,73,166,-1.5151,1.0359,-0.4181,0.6561,-1.4892,-0.0999,0.6561,0.2251,0.139,1,0,0,1,3,1,3,3
1447,1067,./side_view_dataset_videos/16.mov,Left,161.65,345,21.47,177,177,109,46,176,0.6267,1.2222,0.814,0.6212,0.4671,-0.0258,0.6212,0.2521,0.267,1,0,0,0,3,2,0,3
1448,1082,./side_view_dataset_videos/16.mov,Right,175.3,338,25.79,173,173,122,43,168,-1.5332,1.1288,-0.4405,0.6381,-1.4577,-0.089,0.6381,0.1279,0.0827,2,0,0,1,3,0,0,3
1449,1105,./side_view_dataset_videos/16.mov,Left,177.79,321,23.4,170,171,108,47,179,-0.0824,1.0952,0.4658,0.6478,-0.2142,-0.0239,0.6478,0.2086,-0.043,2,0,0,1,3,2,0,3
1450,1127,./side_view_dataset_videos/16.mov,Right,183.82,338,25.81,178,178,113,68,164,-1.4324,0.8764,-0.2425,0.591,-1.3949,-0.0955,0.591,0.2561,0.0389,3,0,0,0,3,2,3,3
1451,1148,./side_view_dataset_videos/16.mov,Left,173.16,311,17.51,167,167,116,53,179,0.4519,1.1287,0.7922,0.5993,0.338,-0.0295,0.5993,0.2177,0.0133,2,0,2,2,3,1,0,3
1452,1166,./side_view_dataset_videos/16.mov,Right,185.41,298,20.53,175,175,93,66,173,0.772,1.1536,0.823,0.4946,0.6288,-0.0191,0.4946,0.2725,0.2352,3,1,1,0,3,3,3,3
1453,1188,./side_view_dataset_videos/16.mov,Left,170.21,294,23.0,166,174,130,61,179,0.6194,1.2842,0.8417,0.6337,0.5059,0.0012,0.6337,0.2142,0.0674,2,1,0,2,3,0,2,3
1454,1210,./side_view_dataset_videos/16.mov,Right,171.62,284,29.67,174,174,103,74,168,-1.4971,1.1367,-0.2772,0.6747,-1.5114,-0.0837,0.6747,0.234,0.1361,2,2,0,1,3,2,3,3
1455,1229,./side_view_dataset_videos/16.mov,Left,176.77,241,28.29,164,168,140,39,179,-0.3221,1.2398,0.2135,0.6343,-0.4621,-0.0269,0.6343,0.2627,0.1902,2,3,0,3,3,0,0,3
1456,1251,./side_view_dataset_videos/16.mov,Right,175.22,254,32.16,172,172,89,71,169,-1.4768,1.2062,-0.4646,0.6975,-1.4325,-0.0897,0.6975,0.1561,0.1621,2,3,0,1,3,3,3,3
1457,1273,./side_view_dataset_videos/16.mov,Left,167.98,308,32.49,170,172,131,47,177,-0.6299,1.1812,-0.0357,0.6112,-0.7414,-0.0278,0.6112,0.2227,0.1011,1,0,0,1,3,0,0,3
1458,1294,./side_view_dataset_videos/16.mov,Right,169.53,314,33.47,175,175,89,67,166,-1.4437,1.2812,-0.3866,0.7097,-1.4471,-0.0815,0.7097,0.2546,0.1359,1,0,0,0,3,3,3,3
1459,1318,./side_view_dataset_videos/16.mov,Left,166.82,311,29.38,179,179,85,39,176,0.5316,1.3274,0.3826,0.7016,0.3977,-0.0024,0.7016,0.1908,0.1377,1,0,0,0,3,3,0,3
1460,1336,./side_view_dataset_videos/16.mov,Right,168.91,358,28.45,176,176,89,67,167,-1.2792,1.1685,-0.3313,0.6502,-1.3372,-0.0611,0.6502,0.2818,0.2332,1,0,0,0,3,3,3,3
1461,1358,./side_view_dataset_videos/16.mov,Left,168.91,358,23.69,175,178,147,53,178,-0.4783,1.1636,-0.0142,0.5816,-0.584,-0.0265,0.5816,0.2989,0.1995,1,0,0,0,3,0,0,3
1462,1380,./side_view_dataset_videos/16.mov,Right,168.91,368,26.6,176,176,91,79,168,-1.4313,1.1654,-0.3846,0.6894,-1.4614,-0.0789,0.6894,0.2405,0.1401,1,0,0,0,3,3,2,3
1463,1404,./side_view_dataset_videos/16.mov,Left,164.65,355,28.05,171,171,137,48,175,0.5369,1.2285,0.7448,0.6565,0.4031,0.0056,0.6565,0.1856,0.1056,1,0,0,1,3,0,0,3
1464,1424,./side_view_dataset_videos/16.mov,Right,170.62,375,30.56,171,171,97,70,169,-1.5028,1.1636,-0.2705,0.6963,-1.5459,-0.0854,0.6963,0.2349,0.1609,2,0,0,1,3,3,3,3
1465,1448,./side_view_dataset_videos/16.mov,Left,160.67,361,25.42,177,177,133,47,178,0.4723,1.1897,0.6297,0.6642,0.3283,-0.0013,0.6642,0.2297,0.0889,1,0,0,0,3,0,0,3
1466,1466,./side_view_dataset_videos/16.mov,Right,167.9,368,28.26,172,172,102,74,166,-1.4354,1.116,-0.2747,0.6628,-1.4596,-0.0558,0.6628,0.2777,0.1309,1,0,0,1,3,2,3,3
1467,1490,./side_view_dataset_videos/16.mov,Left,165.19,348,22.03,178,178,135,32,178,0.4573,1.1351,0.4426,0.6278,0.3449,0.0031,0.6278,0.2592,0.1299,1,0,0,0,3,0,0,3
1468,1508,./side_view_dataset_videos/16.mov,Right,175.14,358,24.62,176,176,100,63,174,0.5852,1.0878,0.8899,0.4405,0.4335,-0.0165,0.4405,0.2485,0.1599,2,0,0,0,3,2,2,3
1469,1531,./side_view_dataset_videos/16.mov,Left,170.47,341,21.92,179,179,133,53,179,0.571,1.1426,0.814,0.6105,0.443,-0.0011,0.6105,0.2421,0.1261,2,0,0,0,3,0,0,3
1470,1550,./side_view_dataset_videos/16.mov,Right,178.32,358,24.65,172,172,84,60,170,-0.9819,1.2245,-0.1217,0.7028,-1.0991,-0.0368,0.7028,0.2825,0.2213,2,0,0,1,3,3,2,3
1471,1573,./side_view_dataset_videos/16.mov,Left,169.67,348,28.68,179,179,137,50,178,0.6235,1.2191,0.7132,0.6398,0.5063,-0.0108,0.6398,0.245,0.0971,1,0,0,0,3,0,0,3
1472,1594,./side_view_dataset_videos/16.mov,Right,173.94,355,28.58,175,175,96,71,162,-1.4088,1.1554,-0.2627,0.6868,-1.4403,-0.0846,0.6868,0.3643,0.2566,2,0,0,0,3,3,3,3
1473,1614,./side_view_dataset_videos/16.mov,Left,169.95,351,25.09,179,179,104,53,175,0.4464,1.2212,0.4514,0.5937,0.3295,0.001,0.5937,0.2824,0.0463,1,0,0,0,3,2,0,3
1474,1636,./side_view_dataset_videos/16.mov,Right,171.37,358,26.21,173,173,80,70,172,0.3339,1.2322,0.3435,0.6418,0.1993,-0.0313,0.6418,0.2778,0.2486,2,0,0,1,3,3,3,3
1475,1657,./side_view_dataset_videos/16.mov,Left,167.78,355,27.12,177,177,112,51,179,-1.32,0.9643,-0.0911,0.5745,-1.3934,-0.05,0.5745,0.2382,0.0939,1,0,0,0,3,2,0,3
1476,1679,./side_view_dataset_videos/16.mov,Right,169.2,351,27.76,169,169,83,74,169,-1.3812,0.9932,-0.2937,0.5998,-1.4688,-0.0943,0.5998,0.2746,0.2191,1,0,0,2,3,3,3,3
1477,1699,./side_view_dataset_videos/16.mov,Left,170.9,361,22.56,171,173,98,52,179,-0.9903,1.1272,-0.0744,0.5847,-1.0928,-0.0462,0.5847,0.2803,0.1052,2,0,0,1,3,3,0,3
1478,1722,./side_view_dataset_videos/16.mov,Right,166.23,361,19.26,173,173,85,70,171,0.6665,1.1412,0.8908,0.5088,0.5296,-0.014,0.5088,0.2841,0.199,1,0,1,1,3,3,3,3
1479,1744,./side_view_dataset_videos/16.mov,Left,166.23,358,21.38,177,177,134,60,178,-1.3229,0.9213,-0.005,0.6482,-1.3945,-0.0848,0.6482,0.2358,0.1215,1,0,0,0,3,0,2,3
1480,1764,./side_view_dataset_videos/16.mov,Right,167.93,358,21.95,176,176,82,73,168,0.4034,1.0913,0.5597,0.5779,0.2914,-0.0181,0.5779,0.3207,0.2561,1,0,0,0,3,3,3,3
1481,1786,./side_view_dataset_videos/16.mov,Left,167.93,355,19.75,166,166,131,56,177,-1.321,0.9036,-0.1826,0.5542,-1.3891,-0.0842,0.5542,0.2326,0.0737,1,0,1,2,3,0,1,3
1482,15,./side_view_dataset_videos/17.mov,Right,0,384,21.58,177,177,88,68,167,-1.3579,1.165,-0.5,0.6574,-1.3702,-0.0575,0.6574,0.252,0.1697,0,0,0,0,3,3,3,3
1483,38,./side_view_dataset_videos/17.mov,Left,155.92,351,27.03,174,174,107,42,174,-0.8468,1.0409,-0.1419,0.6287,-0.9309,-0.0329,0.6287,0.1835,0.047,0,0,0,1,3,2,0,3
1484,57,./side_view_dataset_videos/17.mov,Right,172.34,395,33.52,176,176,74,79,165,-1.4915,1.2327,-0.5393,0.6751,-1.432,-0.0761,0.6751,0.2041,0.1946,2,0,0,0,3,3,2,3
1485,86,./side_view_dataset_videos/17.mov,Left,156.11,447,33.61,177,179,84,53,178,-0.0237,1.0916,0.2092,0.5292,-0.1659,-0.0169,0.5292,0.1902,0.0568,0,0,0,0,3,3,0,3
1486,122,./side_view_dataset_videos/17.mov,Right,141.99,371,29.06,154,173,69,57,176,-0.1279,0.9603,0.1952,0.5298,-0.0241,-0.0426,0.5298,-0.1668,-0.8761,0,0,0,2,3,2,1,3
1487,137,./side_view_dataset_videos/17.mov,Left,161.41,401,31.13,159,178,97,79,169,0.1109,0.9013,0.3853,0.507,0.1406,-0.0227,0.507,0.0094,-0.49,1,0,0,3,3,3,2,3
1488,169,./side_view_dataset_videos/17.mov,Right,152.64,408,31.91,175,179,64,57,177,-0.6377,0.8485,0.6109,0.3391,-0.4757,-0.067,0.3391,-0.2022,-0.7043,0,0,0,0,3,2,1,3
1489,190,./side_view_dataset_videos/17.mov,Left,149.04,368,30.79,175,175,129,70,171,0.1659,1.1649,0.0512,0.6566,0.0975,0.0076,0.6566,0.2515,-0.0462,0,0,0,0,3,0,3,3
1490,211,./side_view_dataset_videos/17.mov,Right,158.46,334,27.37,172,175,59,47,174,-0.7762,0.5923,0.3805,0.3698,-0.6334,-0.0631,0.3698,-0.2406,-0.7438,0,0,0,1,3,1,0,3
1491,237,./side_view_dataset_videos/17.mov,Left,166.13,381,25.94,175,175,107,77,169,-0.2804,0.9279,0.4868,0.528,-0.3398,-0.0284,0.528,0.3686,-0.0653,1,0,0,0,3,2,2,3
1492,255,./side_view_dataset_videos/17.mov,Right,158.16,337,23.26,169,175,58,41,176,-0.2464,0.9942,0.4665,0.4099,-0.0849,-0.0184,0.4099,-0.2264,-0.602,0,0,0,2,3,1,0,3
1493,274,./side_view_dataset_videos/17.mov,Left,173.49,314,25.51,179,179,113,70,175,0.1347,1.2184,0.0043,0.6761,0.1256,0.0069,0.6761,0.1913,-0.1818,2,0,0,0,3,2,3,3
1494,295,./side_view_dataset_videos/17.mov,Right,173.49,324,27.87,171,179,58,54,177,-0.8262,0.6401,0.4488,0.395,-0.6833,-0.0754,0.395,-0.1852,-0.7078,2,0,0,1,3,1,0,3
1495,315,./side_view_dataset_videos/17.mov,Left,175.2,284,28.56,164,179,134,63,177,0.3316,1.2476,-0.0166,0.6895,0.2992,0.0044,0.6895,0.2451,0.0851,2,2,0,3,3,0,2,3
1496,329,./side_view_dataset_videos/17.mov,Right,198.85,254,27.58,173,173,71,27,179,-0.443,1.1724,0.2771,0.5875,-0.313,-0.0627,0.5875,-0.1478,-1.0062,3,3,0,1,3,3,0,3
1497,345,./side_view_dataset_videos/17.mov,Left,203.83,237,24.77,158,174,102,62,166,-0.6539,0.9558,-0.1112,0.5029,-0.6269,-0.0098,0.5029,0.1418,-0.2993,3,3,0,3,3,2,2,3
1498,359,./side_view_dataset_videos/17.mov,Right,217.31,234,28.59,166,166,85,64,167,-1.096,0.6688,0.1164,0.556,-1.0233,-0.0955,0.556,0.1514,-0.4856,3,3,0,2,3,3,2,3
1499,372,./side_view_dataset_videos/17.mov,Left,238.33,234,29.35,178,178,124,41,179,-1.3763,0.9723,-0.1484,0.6492,-1.4897,-0.0841,0.6492,0.2518,0.0383,3,3,0,0,3,0,0,3
1500,392,./side_view_dataset_videos/17.mov,Right,238.33,224,30.2,177,177,93,64,163,-1.4936,1.1218,-0.4797,0.6642,-1.49,-0.0764,0.6642,0.3153,0.2009,3,3,0,0,3,3,2,3
1501,403,./side_view_dataset_videos/17.mov,Left,252.3,250,29.22,179,179,120,46,172,-0.2392,1.1383,0.2267,0.5904,-0.2764,0.001,0.5904,0.3031,-0.0442,3,3,0,0,3,0,0,3
1502,420,./side_view_dataset_videos/17.mov,Right,249.66,274,27.87,167,172,69,54,178,0.2546,0.8099,0.7927,0.2522,0.3999,-0.0549,0.2522,-0.1764,-0.7314,3,2,0,2,3,2,0,3
1503,441,./side_view_dataset_videos/17.mov,Left,232.58,274,28.28,179,179,115,67,177,0.1436,1.2856,0.0188,0.6779,0.0876,0.0025,0.6779,0.2404,-0.0182,3,2,0,0,3,1,3,3
1504,454,./side_view_dataset_videos/17.mov,Right,232.58,237,23.59,166,169,76,45,179,-1.1616,1.1372,-0.1236,0.6381,-1.0406,-0.0615,0.6381,-0.1249,-0.9365,3,3,0,2,3,3,0,3
1505,469,./side_view_dataset_videos/17.mov,Left,244.54,347,26.81,167,175,102,76,174,-0.7632,1.0924,-0.2789,0.5816,-0.6165,-0.0303,0.5816,0.0281,-0.415,3,0,0,2,3,2,2,3
1506,517,./side_view_dataset_videos/17.mov,Right,194.28,327,28.15,177,177,86,83,161,-1.3361,1.0727,-0.4648,0.6008,-1.3382,-0.0634,0.6008,0.3528,0.2812,3,0,0,0,3,3,1,3
1507,528,./side_view_dataset_videos/17.mov,Left,217.29,358,27.13,172,175,104,52,169,-0.3483,1.0662,0.2946,0.5473,-0.3936,-0.0061,0.5473,0.3464,-0.002,3,0,0,1,3,2,0,3
1508,558,./side_view_dataset_videos/17.mov,Right,207.04,354,21.74,179,179,79,70,166,-1.352,0.9915,-0.2887,0.5427,-1.4369,-0.0647,0.5427,0.3297,0.2322,3,0,0,0,3,3,3,3
1509,570,./side_view_dataset_videos/17.mov,Left,211.64,368,22.37,179,179,124,51,169,-0.4022,1.0384,0.2001,0.5678,-0.4795,-0.0227,0.5678,0.3296,0.0959,3,0,0,0,3,0,0,3
1510,587,./side_view_dataset_videos/17.mov,Right,206.02,297,21.73,157,179,66,42,179,0.2193,0.7932,0.7614,0.2603,0.3869,-0.051,0.2603,-0.1556,-0.7162,3,1,0,3,3,2,0,3
1511,610,./side_view_dataset_videos/17.mov,Left,222.26,304,18.75,177,177,118,66,170,-0.215,1.1787,0.1669,0.6246,-0.2766,-0.0041,0.6246,0.3574,0.1422,3,0,1,0,3,1,3,3
1512,623,./side_view_dataset_videos/17.mov,Right,212.23,247,14.72,159,174,73,49,178,-1.4153,0.8563,0.0338,0.5735,-1.2696,-0.1021,0.5735,-0.121,-0.9255,3,3,3,3,3,3,0,3
1513,636,./side_view_dataset_videos/17.mov,Left,243.49,297,15.43,173,173,109,66,166,-0.4488,0.8917,0.24,0.5207,-0.4013,-0.0222,0.5207,0.0732,-0.3975,3,1,2,1,3,2,3,3
1514,663,./side_view_dataset_videos/17.mov,Right,210.29,294,17.17,150,161,75,65,176,-1.2117,0.8845,0.1404,0.6226,-1.1233,-0.0823,0.6226,-0.0317,-0.8028,3,1,2,2,2,3,3,3
1515,675,./side_view_dataset_videos/17.mov,Left,227.87,227,21.49,171,171,94,41,170,-0.4497,1.1963,-0.0273,0.5779,-0.5661,-0.0228,0.5779,0.3201,0.166,3,3,0,1,3,3,0,3
1516,710,./side_view_dataset_videos/17.mov,Right,217.17,274,19.03,166,179,67,59,178,-0.8622,0.63,0.3327,0.4566,-0.6979,-0.0741,0.4566,-0.1884,-0.8063,3,2,1,2,3,2,1,3
1517,737,./side_view_dataset_videos/17.mov,Left,188.57,257,27.74,179,179,108,70,171,-0.3965,1.0967,0.1369,0.5806,-0.4517,-0.0016,0.5806,0.3228,0.066,3,3,0,0,3,2,3,3
1518,753,./side_view_dataset_videos/17.mov,Right,178.22,250,28.15,170,176,72,62,179,0.1778,0.7162,0.6998,0.2346,0.3482,-0.0538,0.2346,-0.1688,-0.7425,2,3,0,1,3,3,2,3
1519,778,./side_view_dataset_videos/17.mov,Left,180.35,250,24.45,172,172,93,64,171,-0.4411,1.1184,0.1676,0.6365,-0.4813,-0.0044,0.6365,0.326,-0.0095,3,3,0,1,3,3,2,3
1520,795,./side_view_dataset_videos/17.mov,Right,162.77,304,26.06,150,177,72,52,179,0.2454,0.7445,0.6487,0.2786,0.4002,-0.0443,0.2786,-0.14,-0.7106,1,0,0,2,3,3,0,3
1521,814,./side_view_dataset_videos/17.mov,Left,180.02,284,30.18,178,179,111,67,169,0.3177,1.3047,0.1608,0.7046,0.2818,0.006,0.7046,0.2759,-0.1027,3,2,0,0,3,2,3,3
1522,835,./side_view_dataset_videos/17.mov,Right,187.61,331,28.87,162,175,69,69,177,-0.4802,0.67,0.3423,0.3586,-0.3391,-0.06,0.3586,-0.0902,-0.6864,3,0,0,3,3,2,3,3
1523,857,./side_view_dataset_videos/17.mov,Left,175.39,314,35.83,179,179,115,65,169,0.2839,1.328,0.1282,0.6807,0.2469,0.0115,0.6807,0.2817,0.021,2,0,0,0,3,1,3,3
1524,877,./side_view_dataset_videos/17.mov,Right,182.56,344,39.05,157,175,74,59,177,-0.1038,1.0988,0.2972,0.4852,0.0552,-0.0386,0.4852,-0.1969,-0.8416,3,0,0,3,3,3,1,3
1525,898,./side_view_dataset_videos/17.mov,Left,174.52,337,41.3,176,176,114,66,175,0.1077,1.2751,0.1851,0.6533,0.0635,-0.0017,0.6533,0.2132,-0.0814,2,0,0,0,3,2,3,3
1526,920,./side_view_dataset_videos/17.mov,Right,169.38,347,33.08,158,178,71,67,178,-0.9843,0.7243,0.3492,0.548,-0.8303,-0.1025,0.548,-0.123,-0.8536,1,0,0,3,3,3,3,3
1527,944,./side_view_dataset_videos/17.mov,Left,165.11,327,28.61,179,179,115,84,174,-0.3459,1.192,0.1821,0.5968,-0.4003,-0.0021,0.5968,0.2757,-0.002,1,0,0,0,3,1,1,3
1528,960,./side_view_dataset_videos/17.mov,Right,177.33,344,21.92,155,169,73,70,178,-1.376,0.5855,0.2715,0.6088,-1.2288,-0.0708,0.6088,-0.1246,-0.8985,2,0,0,3,3,3,3,3
1529,985,./side_view_dataset_videos/17.mov,Left,170.16,317,29.42,179,179,122,67,175,-0.3832,1.1145,0.031,0.551,-0.4057,0.0005,0.551,0.3293,0.1781,2,0,0,0,3,0,3,3
1530,1002,./side_view_dataset_videos/17.mov,Right,178.2,317,28.9,162,179,73,72,174,-1.0071,0.5804,0.3626,0.4824,-0.8466,-0.055,0.4824,-0.0608,-0.6916,2,0,0,3,3,3,3,3
1531,1019,./side_view_dataset_videos/17.mov,Left,187.78,321,26.46,178,178,133,66,170,0.6067,1.2654,0.552,0.6065,0.5739,-0.001,0.6065,0.1545,-0.0687,3,0,0,0,3,0,3,3
1532,1044,./side_view_dataset_videos/17.mov,Right,186.59,317,25.1,165,165,67,67,176,-0.9769,0.6503,0.4111,0.4646,-0.8359,-0.0623,0.4646,-0.0823,-0.6153,3,0,0,2,3,2,3,3
1533,1059,./side_view_dataset_videos/17.mov,Left,189.58,297,26.11,172,176,103,81,168,-0.3925,1.122,0.2582,0.5757,-0.3043,-0.0173,0.5757,-0.0403,-0.4827,3,1,0,1,3,2,1,3
1534,1078,./side_view_dataset_videos/17.mov,Right,198.64,281,21.05,157,157,73,68,177,0.6377,1.2386,0.6403,0.5504,0.7194,-0.0095,0.5504,-0.0276,-0.8431,3,2,0,3,2,3,3,3
1535,1095,./side_view_dataset_videos/17.mov,Left,198.64,381,23.7,165,178,101,68,165,0.0674,0.9555,0.5276,0.5151,0.0889,-0.0278,0.5151,-0.004,-0.419,3,0,0,2,3,2,3,3
1536,1142,./side_view_dataset_videos/17.mov,Right,171.71,368,26.18,162,162,86,84,170,-0.8121,1.0288,0.049,0.5671,-0.9091,-0.0553,0.5671,0.2659,0.1981,2,0,0,3,2,3,1,3
1537,1163,./side_view_dataset_videos/17.mov,Left,177.17,378,22.56,179,179,130,68,176,-1.384,0.8941,-0.1422,0.6915,-1.4879,-0.042,0.6915,0.1878,0.0681,2,0,0,0,3,0,3,3
1538,1181,./side_view_dataset_videos/17.mov,Right,169.2,384,24.41,171,171,91,67,168,-1.4412,1.1992,-0.4324,0.6176,-1.5481,-0.0595,0.6176,0.3217,0.2063,1,0,0,1,3,3,3,3
1539,1202,./side_view_dataset_videos/17.mov,Left,165.61,431,28.12,177,177,128,68,179,-1.2402,1.0174,-0.4082,0.5199,-1.3315,-0.0645,0.5199,0.2571,0.11,1,0,0,0,3,0,3,3
1540,1224,./side_view_dataset_videos/17.mov,Right,156.02,337,30.38,173,173,97,69,163,-1.5187,1.1587,-0.3301,0.6465,-1.5459,-0.0748,0.6465,0.3393,0.1979,0,0,0,1,3,3,3,3
1541,1243,./side_view_dataset_videos/17.mov,Left,178.51,344,25.22,173,173,113,67,178,-0.9304,1.1203,-0.4799,0.5514,-1.0113,-0.0575,0.5514,0.2776,0.1125,2,0,0,1,3,2,3,3
1542,1266,./side_view_dataset_videos/17.mov,Right,175.54,351,30.03,167,167,96,68,161,-1.4845,1.1181,-0.2588,0.69,-1.4922,-0.0925,0.69,0.3455,0.2254,2,0,0,2,3,3,3,3
1543,1286,./side_view_dataset_videos/17.mov,Left,171.55,358,26.92,172,172,105,68,179,-1.0851,1.063,-0.259,0.5253,-1.1618,-0.0382,0.5253,0.2537,0.0323,2,0,0,1,3,2,3,3
1544,1309,./side_view_dataset_videos/17.mov,Right,168.58,354,29.91,159,159,108,73,166,-1.431,0.9308,-0.2125,0.599,-1.3947,-0.0893,0.599,0.2072,-0.0442,1,0,0,3,2,2,3,3
1545,1330,./side_view_dataset_videos/17.mov,Left,170.14,351,26.63,179,179,114,87,176,-0.5173,0.8919,0.3115,0.4949,-0.613,-0.0359,0.4949,0.1704,0.0014,2,0,0,0,3,2,0,3
1546,1348,./side_view_dataset_videos/17.mov,Right,172.23,347,34.08,178,178,86,83,167,-1.3323,0.9483,-0.0671,0.5484,-1.3833,-0.0813,0.5484,0.2828,0.2493,2,0,0,0,3,3,1,3
1547,1370,./side_view_dataset_videos/17.mov,Left,173.65,347,17.97,156,172,128,47,177,0.8205,1.1236,1.263,0.5212,0.6564,-0.0052,0.5212,0.1496,0.0318,2,0,2,3,3,0,0,3
1548,1390,./side_view_dataset_videos/17.mov,Right,173.65,384,26.73,177,177,104,76,166,-1.5827,1.0828,-0.3076,0.6646,-1.6319,-0.0692,0.6646,0.2866,0.2234,2,0,0,0,3,2,2,3
1549,1424,./side_view_dataset_videos/17.mov,Left,163.56,398,31.48,163,179,120,63,179,-0.7774,0.9802,0.1733,0.5353,-0.7743,-0.008,0.5353,0.0201,-0.0468,1,0,0,3,3,0,2,3
1550,1449,./side_view_dataset_videos/17.mov,Right,158.1,371,24.56,157,157,69,65,177,-1.2049,1.0099,-0.1727,0.5748,-1.07,-0.0683,0.5748,-0.1792,-1.0429,0,0,0,3,2,2,3,3
1551,1463,./side_view_dataset_videos/17.mov,Left,169.48,307,27.1,165,165,108,38,179,-0.5899,1.1527,0.1097,0.6209,-0.6411,-0.0065,0.6209,0.2134,0.2094,1,0,0,2,3,2,0,3
1552,1500,./side_view_dataset_videos/17.mov,Right,156.26,250,25.86,165,165,62,70,170,-0.6229,1.1163,0.2117,0.603,-0.4433,-0.0484,0.603,-0.3392,-0.7295,0,3,0,2,3,2,3,3
1553,1520,./side_view_dataset_videos/17.mov,Left,156.26,260,28.17,174,174,131,63,178,0.337,1.2318,0.427,0.6561,0.2393,0.0063,0.6561,0.2032,0.0777,0,3,0,1,3,0,2,3
1554,1557,./side_view_dataset_videos/17.mov,Right,154.55,254,26.93,175,175,65,61,170,-1.6768,1.0394,-0.0734,0.622,-1.6763,-0.0802,0.622,0.1725,0.1929,0,3,0,0,3,2,2,3
1555,1580,./side_view_dataset_videos/17.mov,Left,157.05,277,29.22,150,164,104,44,172,0.5437,1.1596,0.7148,0.6547,0.3945,-0.0017,0.6547,0.1017,0.0647,0,2,0,2,2,2,0,3
1556,1597,./side_view_dataset_videos/17.mov,Right,148.01,384,28.51,168,168,57,64,161,-1.4352,1.1684,-0.482,0.6644,-1.3302,-0.0727,0.6644,0.2304,0.3023,0,0,0,2,3,1,2,3
1557,1632,./side_view_dataset_videos/17.mov,Left,149.12,478,26.37,171,177,92,65,176,-0.5785,1.0522,0.5941,0.5868,-0.6784,-0.0183,0.5868,0.1367,0.1633,0,0,0,1,3,3,3,3
1558,1663,./side_view_dataset_videos/17.mov,Right,136.39,381,24.97,178,178,70,56,167,0.499,1.2412,0.3633,0.6248,0.5502,-0.0204,0.6248,-0.283,-1.0085,0,0,0,0,3,3,1,3
1559,1688,./side_view_dataset_videos/17.mov,Left,145.7,378,29.94,179,179,136,63,177,0.2666,1.2865,0.5475,0.6194,0.1837,0.0136,0.6194,0.2532,0.1253,0,0,0,0,3,0,2,3
1560,1710,./side_view_dataset_videos/17.mov,Right,147.11,371,22.85,177,177,62,58,174,-0.2267,1.2349,0.2436,0.5817,-0.0618,-0.0339,0.5817,-0.2586,-0.6599,0,0,0,0,3,2,1,3
1561,1731,./side_view_dataset_videos/17.mov,Left,139.08,304,25.89,179,179,125,71,174,-0.1405,1.2605,0.6083,0.6988,-0.2574,0.0055,0.6988,0.2286,0.0375,0,0,0,0,3,0,3,3
1562,1746,./side_view_dataset_videos/17.mov,Right,166.4,210,24.87,165,165,66,43,178,-0.5209,1.1894,0.1621,0.6638,-0.3555,-0.0531,0.6638,-0.1918,-0.9409,1,3,0,2,3,2,0,3
1563,1770,./side_view_dataset_videos/17.mov,Left,173.15,240,21.09,179,179,129,69,172,0.3558,1.3061,0.4572,0.6236,0.3144,0.0161,0.6236,0.1982,0.0977,2,3,0,0,3,0,3,3
1564,1787,./side_view_dataset_videos/17.mov,Right,186.65,217,17.4,161,162,73,35,178,-0.935,1.0689,0.0235,0.5993,-0.778,-0.0614,0.5993,-0.19,-0.9688,3,3,2,3,2,3,0,3
1565,18,./side_view_dataset_videos/19.mov,Left,0,435,10.82,164,179,115,78,174,-0.9096,0.9968,-0.3031,0.55,-0.8746,-0.0319,0.55,0.2612,0.1333,0,0,3,3,3,1,2,3
1566,44,./side_view_dataset_videos/19.mov,Right,137.62,360,12.56,173,173,97,89,168,0.6218,0.9174,1.0861,0.2815,0.5738,0.0187,0.2815,0.2482,0.0383,0,0,3,1,3,3,0,3
1567,61,./side_view_dataset_videos/19.mov,Left,174.05,368,14.23,154,160,140,85,178,-0.9458,0.9742,-0.2335,0.5556,-0.937,-0.042,0.5556,0.3014,0.2668,2,0,3,2,2,0,0,3
1568,84,./side_view_dataset_videos/19.mov,Right,167.89,356,15.97,172,172,103,78,170,0.5826,0.9314,1.0242,0.321,0.4679,0.0173,0.321,0.2798,0.1118,1,0,2,1,3,2,2,3
1569,103,./side_view_dataset_videos/19.mov,Left,173.0,358,16.7,162,175,110,85,178,-0.9015,1.0107,-0.2328,0.5802,-0.8877,-0.0344,0.5802,0.3723,0.2348,2,0,2,3,3,2,0,3
1570,125,./side_view_dataset_videos/19.mov,Right,170.93,348,16.38,168,168,91,78,169,-0.8822,0.9388,-0.2795,0.4664,-0.9624,-0.0219,0.4664,0.2707,0.0787,2,0,2,2,3,3,2,3
1571,148,./side_view_dataset_videos/19.mov,Left,174.52,365,23.65,160,160,123,86,176,-0.9928,1.0445,-0.2777,0.5187,-0.9611,-0.0419,0.5187,0.2917,0.2114,2,0,0,3,2,0,0,3
1572,170,./side_view_dataset_videos/19.mov,Right,164.95,358,18.63,169,169,95,81,162,-0.1074,1.0028,0.2255,0.47,-0.1671,0.0184,0.47,0.3775,0.1908,1,0,1,2,3,3,1,3
1573,191,./side_view_dataset_videos/19.mov,Left,167.92,378,19.29,166,174,108,83,176,-1.0823,1.0611,-0.3115,0.4896,-1.0362,-0.0452,0.4896,0.2935,0.0809,1,0,1,2,3,2,1,3
1574,216,./side_view_dataset_videos/19.mov,Right,158.88,362,16.11,177,177,100,86,170,0.5707,0.9846,1.0321,0.3513,0.4991,0.011,0.3513,0.235,0.1087,0,0,2,0,3,2,0,3
1575,233,./side_view_dataset_videos/19.mov,Left,168.44,358,12.83,166,179,115,84,174,-0.9189,1.0216,-0.3372,0.5467,-0.8123,-0.0361,0.5467,0.2469,0.0681,1,0,3,2,3,1,1,3
1576,255,./side_view_dataset_videos/19.mov,Right,169.86,348,12.52,172,172,93,88,167,-0.2947,1.0322,0.133,0.5041,-0.4004,-0.0113,0.5041,0.321,0.1986,1,0,3,1,3,3,0,3
1577,274,./side_view_dataset_videos/19.mov,Left,174.99,362,15.82,171,171,107,86,175,-0.9023,1.0584,-0.3779,0.555,-0.7822,-0.0333,0.555,0.3043,0.1826,2,0,2,1,3,2,0,3
1578,299,./side_view_dataset_videos/19.mov,Right,169.54,342,16.36,173,173,85,76,166,-0.0447,1.0124,0.4041,0.4812,-0.1214,-0.0179,0.4812,0.3161,0.1459,1,0,2,1,3,3,2,3
1579,318,./side_view_dataset_videos/19.mov,Left,178.58,362,16.64,161,161,97,82,173,-1.0079,1.0073,-0.2843,0.501,-0.9228,-0.046,0.501,0.2646,0.1997,2,0,2,3,2,3,1,3
1580,341,./side_view_dataset_videos/19.mov,Right,167.6,355,17.04,167,167,78,80,165,0.4714,1.0057,0.3882,0.4874,0.383,0.0069,0.4874,0.3338,0.2375,1,0,2,2,3,3,1,3
1581,361,./side_view_dataset_videos/19.mov,Left,170.85,358,17.83,161,178,114,80,175,-0.9577,0.9769,-0.2299,0.477,-0.8571,-0.0162,0.477,0.2894,0.207,2,0,2,3,3,2,1,3
1582,381,./side_view_dataset_videos/19.mov,Right,168.97,348,13.96,176,176,93,84,166,0.421,1.0626,0.4642,0.4824,0.3443,0.013,0.4824,0.3235,0.1656,1,0,3,0,3,3,1,3
1583,403,./side_view_dataset_videos/19.mov,Left,172.87,352,16.43,165,165,104,83,174,-0.9366,0.9993,-0.3023,0.5744,-0.8446,-0.048,0.5744,0.2693,0.1316,2,0,2,2,3,2,1,3
1584,423,./side_view_dataset_videos/19.mov,Right,170.99,345,16.01,166,166,78,80,171,0.3868,0.9325,0.4776,0.4786,0.3015,0.0129,0.4786,0.232,0.0255,2,0,2,2,3,3,1,3
1585,444,./side_view_dataset_videos/19.mov,Left,173.95,345,18.48,157,169,114,83,178,-0.8416,0.9817,-0.2729,0.5291,-0.7688,-0.0335,0.5291,0.2838,0.067,2,0,1,3,3,2,1,3
1586,464,./side_view_dataset_videos/19.mov,Right,173.95,325,16.7,164,164,74,81,168,0.2069,0.9157,0.2519,0.4594,0.1708,0.0126,0.4594,0.2441,0.0296,2,0,2,3,2,3,1,3
1587,478,./side_view_dataset_videos/19.mov,Left,189.29,352,17.34,170,170,109,84,173,-0.5408,0.9547,0.1952,0.5654,-0.5404,-0.0565,0.5654,0.2356,0.0374,3,0,2,1,3,2,1,3
1588,508,./side_view_dataset_videos/19.mov,Right,180.61,358,18.2,166,166,95,89,169,0.4088,0.8765,0.6345,0.3783,0.3214,0.0185,0.3783,0.2667,0.1731,3,0,1,2,3,3,0,3
1589,530,./side_view_dataset_videos/19.mov,Left,177.36,368,15.96,162,162,107,88,174,-0.8266,0.9662,-0.2405,0.5231,-0.7673,-0.0246,0.5231,0.195,0.0668,2,0,2,3,2,2,0,3
1590,554,./side_view_dataset_videos/19.mov,Right,173.1,358,15.48,176,176,98,88,169,0.5677,0.9004,0.7221,0.3723,0.4432,0.0158,0.3723,0.3144,0.1335,2,0,2,0,3,3,0,3
1591,571,./side_view_dataset_videos/19.mov,Left,179.42,392,15.29,165,174,103,91,174,-0.8383,1.001,-0.3128,0.536,-0.758,-0.027,0.536,0.166,0.0123,2,0,2,2,3,2,0,3
1592,595,./side_view_dataset_videos/19.mov,Right,158.12,352,16.48,177,177,78,93,170,0.5227,0.8937,0.8346,0.4117,0.4479,0.0001,0.4117,0.2469,0.1293,0,0,2,0,3,3,0,3
1593,613,./side_view_dataset_videos/19.mov,Left,174.02,358,16.65,164,169,115,87,173,-0.894,0.931,-0.2611,0.528,-0.8095,-0.0381,0.528,0.1793,0.057,2,0,2,3,3,1,0,3
1594,637,./side_view_dataset_videos/19.mov,Right,171.31,352,15.6,176,176,81,87,170,0.5822,0.8706,0.9988,0.3843,0.4969,0.0067,0.3843,0.2543,0.2219,2,0,2,0,3,3,0,3
1595,659,./side_view_dataset_videos/19.mov,Left,174.02,348,14.65,179,179,57,90,168,-0.5231,1.0144,0.0353,0.5037,-0.51,-0.0227,0.5037,0.1281,0.1661,2,0,3,0,3,1,0,3
1596,675,./side_view_dataset_videos/19.mov,Right,176.65,335,13.42,170,170,95,91,170,0.4605,0.8749,0.7164,0.3792,0.3648,0.0099,0.3792,0.2609,0.1044,2,0,3,1,3,3,0,3
1597,695,./side_view_dataset_videos/19.mov,Left,182.61,348,14.57,161,179,101,89,170,-0.7704,0.9716,-0.2769,0.5437,-0.6887,-0.0248,0.5437,0.1874,0.0618,3,0,3,3,3,2,0,3
1598,717,./side_view_dataset_videos/19.mov,Right,175.39,335,14.82,163,163,92,87,169,0.9805,0.7706,1.0763,0.254,0.9036,0.006,0.254,0.2632,0.1191,2,0,3,3,2,3,0,3
1599,737,./side_view_dataset_videos/19.mov,Left,181.35,328,19.29,167,179,110,90,170,-0.8214,0.8755,-0.2846,0.4953,-0.7183,-0.0026,0.4953,0.198,0.0852,3,0,1,2,3,2,0,3
1600,757,./side_view_dataset_videos/19.mov,Right,184.6,352,12.49,169,169,90,91,172,0.3066,0.8997,0.6502,0.406,0.2304,0.019,0.406,0.212,0.0682,3,0,3,2,3,3,0,3
1601,780,./side_view_dataset_videos/19.mov,Left,170.99,352,14.05,157,174,102,87,172,-0.8357,0.9494,-0.2835,0.5279,-0.758,-0.0335,0.5279,0.2423,0.0354,2,0,3,3,3,2,0,3
1602,800,./side_view_dataset_videos/19.mov,Right,170.99,375,14.7,173,173,93,94,169,0.5451,0.862,0.8482,0.3857,0.4505,0.015,0.3857,0.2742,0.1232,2,0,3,1,3,3,0,3
1603,829,./side_view_dataset_videos/19.mov,Left,163.14,496,17.36,176,179,76,86,169,-0.2928,1.1234,0.0729,0.5576,-0.2779,-0.0156,0.5576,0.1485,0.1187,1,0,2,0,3,3,0,3
1604,885,./side_view_dataset_videos/19.mov,Right,140.14,496,13.7,175,175,98,96,169,1.093,0.8564,0.9861,0.325,0.976,-0.0041,0.325,0.3021,0.1775,0,0,3,0,3,3,0,3
1605,905,./side_view_dataset_videos/19.mov,Left,140.14,496,11.33,168,178,65,88,174,-0.7816,0.8041,-0.2521,0.452,-0.6707,-0.0271,0.452,0.261,0.311,0,0,3,2,3,2,0,3
1606,928,./side_view_dataset_videos/19.mov,Right,140.14,499,8.61,168,168,101,93,166,1.1085,0.7762,1.0849,0.2905,1.0079,-0.0031,0.2905,0.3278,0.2012,0,0,3,2,3,2,0,3
1607,949,./side_view_dataset_videos/19.mov,Left,138.43,469,10.64,168,168,75,88,174,-0.8315,0.9,-0.3019,0.4763,-0.7542,-0.0315,0.4763,0.2308,0.3871,0,0,3,2,3,3,0,3
1608,969,./side_view_dataset_videos/19.mov,Right,149.54,352,11.79,166,166,103,94,171,0.3451,0.8333,0.6109,0.3359,0.217,0.0231,0.3359,0.2818,0.1838,0,0,3,2,3,2,0,3
1609,990,./side_view_dataset_videos/19.mov,Left,170.83,355,13.25,174,177,96,95,175,-0.7888,0.8527,-0.2672,0.4518,-0.7062,-0.012,0.4518,0.2845,0.4769,2,0,3,1,3,3,0,3
1610,1011,./side_view_dataset_videos/19.mov,Right,169.13,352,10.68,164,164,105,95,168,0.5259,0.8352,0.8265,0.3077,0.3893,0.0128,0.3077,0.3333,0.2213,1,0,3,3,2,2,0,3
1611,1033,./side_view_dataset_videos/19.mov,Left,170.55,355,12.03,177,177,86,89,174,-0.8475,0.9577,-0.3224,0.4993,-0.767,-0.0302,0.4993,0.237,0.2296,2,0,3,0,3,3,0,3
1612,1055,./side_view_dataset_videos/19.mov,Right,169.0,355,13.76,168,168,96,93,167,0.8028,0.805,1.0361,0.2641,0.7155,-0.0042,0.2641,0.2975,0.1608,1,0,3,2,3,3,0,3
1613,1075,./side_view_dataset_videos/19.mov,Left,169.0,358,14.81,163,163,91,86,174,-0.8579,0.9564,-0.3289,0.5228,-0.7608,-0.0332,0.5228,0.2547,0.1295,1,0,3,3,2,3,0,3
1614,1097,./side_view_dataset_videos/19.mov,Right,167.45,375,13.75,169,169,88,94,169,0.7825,0.8094,0.8924,0.3467,0.7114,0.0115,0.3467,0.2577,0.111,1,0,3,2,3,3,0,3
1615,1123,./side_view_dataset_videos/19.mov,Left,160.89,352,14.16,176,176,114,96,168,-0.1258,1.1337,-0.053,0.537,-0.0583,-0.0238,0.537,0.1535,-0.1111,1,0,3,0,3,2,0,3
1616,1138,./side_view_dataset_videos/19.mov,Right,176.07,348,12.85,163,163,100,90,164,0.6599,0.831,0.8048,0.3075,0.5855,0.019,0.3075,0.338,0.1858,2,0,3,3,2,2,0,3
1617,1159,./side_view_dataset_videos/19.mov,Left,177.62,352,13.28,169,169,96,91,171,-0.9628,0.9861,-0.3593,0.4988,-0.8903,-0.037,0.4988,0.2051,0.0359,2,0,3,2,3,3,0,3
1618,1180,./side_view_dataset_videos/19.mov,Right,175.92,352,13.55,169,169,97,93,170,0.6086,0.8598,0.853,0.3916,0.4926,0.001,0.3916,0.2896,0.1581,2,0,3,2,3,3,0,3
1619,1202,./side_view_dataset_videos/19.mov,Left,175.92,328,12.58,169,170,125,89,168,-0.723,1.0233,-0.2894,0.5218,-0.6604,-0.0193,0.5218,0.1843,0.0675,2,0,3,2,3,0,0,3
1620,1221,./side_view_dataset_videos/19.mov,Right,186.06,352,11.08,168,168,93,96,171,-0.106,0.9203,0.1377,0.3941,-0.1775,0.0088,0.3941,0.2206,0.0975,3,0,3,2,3,3,0,3
1621,1243,./side_view_dataset_videos/19.mov,Left,170.88,355,14.91,173,173,82,88,170,-0.8584,0.996,-0.3114,0.5386,-0.8082,-0.0404,0.5386,0.223,0.0977,2,0,3,1,3,3,0,3
1622,1265,./side_view_dataset_videos/19.mov,Right,169.33,352,14.88,165,165,95,87,166,0.6892,0.8021,0.9314,0.2979,0.6159,0.0003,0.2979,0.3041,0.1948,1,0,3,2,3,3,0,3
1623,15,./side_view_dataset_videos/20.mov,Right,0,372,5.56,178,178,113,83,162,0.1409,0.912,0.1279,0.3983,0.0726,0.0206,0.3983,0.3912,0.2726,0,0,3,0,3,2,1,3
1624,37,./side_view_dataset_videos/20.mov,Left,161.09,364,11.73,162,167,118,69,178,-0.8002,0.913,-0.1735,0.4689,-0.7443,-0.0498,0.4689,0.3237,0.2327,1,0,3,3,3,1,3,3
1625,58,./side_view_dataset_videos/20.mov,Right,164.92,361,14.97,166,166,89,87,166,0.5784,0.8273,0.6592,0.3595,0.5131,-0.0024,0.3595,0.2971,0.1596,1,0,3,2,3,3,0,3
1626,79,./side_view_dataset_videos/20.mov,Left,166.2,364,15.15,163,175,118,91,174,-0.7285,1.0415,-0.2489,0.5428,-0.67,-0.019,0.5428,0.2335,0.1114,1,0,2,3,3,1,0,3
1627,101,./side_view_dataset_videos/20.mov,Right,164.92,362,14.65,166,166,91,89,167,0.5677,0.8672,0.6891,0.3587,0.4985,-0.0147,0.3587,0.2963,0.1139,1,0,3,2,3,3,0,3
1628,122,./side_view_dataset_videos/20.mov,Left,165.69,355,17.79,159,179,103,85,172,-0.8586,0.9559,-0.2945,0.4972,-0.7988,-0.0139,0.4972,0.1815,0.1355,1,0,2,3,3,2,0,3
1629,142,./side_view_dataset_videos/20.mov,Right,168.91,375,17.67,166,179,92,90,169,0.3527,0.8449,0.495,0.3945,0.295,-0.0056,0.3945,0.2452,0.1377,1,0,2,2,3,3,0,3
1630,169,./side_view_dataset_videos/20.mov,Left,161.41,355,16.41,178,179,122,88,170,-0.0056,1.1229,0.0676,0.5074,0.0116,0.0099,0.5074,0.1457,0.0258,1,0,2,0,3,0,0,3
1631,184,./side_view_dataset_videos/20.mov,Right,174.91,348,14.1,165,165,98,93,167,0.6164,0.8098,0.7062,0.38,0.5401,-0.0045,0.38,0.2995,0.1674,2,0,3,2,3,3,0,3
1632,204,./side_view_dataset_videos/20.mov,Left,178.13,345,14.98,164,165,91,88,173,-0.8132,0.9753,-0.3132,0.5541,-0.7515,-0.0089,0.5541,0.2242,0.0739,2,0,3,3,3,3,0,3
1633,224,./side_view_dataset_videos/20.mov,Right,179.82,375,14.72,166,166,86,90,168,0.4767,0.8306,0.7282,0.3597,0.3792,0.0044,0.3597,0.2888,0.1033,2,0,3,2,3,3,0,3
1634,253,./side_view_dataset_videos/20.mov,Left,168.82,331,16.74,174,174,117,87,167,-0.0116,1.1254,0.0555,0.519,0.0166,-0.0054,0.519,0.1156,-0.0984,1,0,2,1,3,1,0,3
1635,267,./side_view_dataset_videos/20.mov,Right,193.2,318,13.56,167,167,90,85,167,0.3768,0.8433,0.3015,0.4018,0.3307,0.0228,0.4018,0.2578,0.1009,3,0,3,2,3,3,0,3
1636,278,./side_view_dataset_videos/20.mov,Left,210.38,301,18.55,168,168,117,81,177,-0.3404,0.925,0.2302,0.5425,-0.3735,-0.0522,0.5425,0.2442,0.0227,3,0,1,2,3,1,1,3
1637,293,./side_view_dataset_videos/20.mov,Right,222.2,274,17.93,152,170,89,68,174,0.6135,0.9674,0.9088,0.3647,0.5404,-0.0057,0.3647,-0.0328,-0.4666,3,2,2,2,3,3,3,3
1638,305,./side_view_dataset_videos/20.mov,Left,245.82,287,14.5,150,179,65,70,164,0.0003,0.8323,0.2726,0.4367,-0.0495,-0.0077,0.4367,0.2988,0.3816,3,1,3,2,3,2,3,3
1639,338,./side_view_dataset_videos/20.mov,Right,242.86,297,13.74,161,167,90,72,179,0.6788,0.8431,0.7847,0.2403,0.675,-0.0075,0.2403,-0.0032,-0.3764,3,1,3,3,3,3,3,3
1640,355,./side_view_dataset_videos/20.mov,Left,233.93,335,15.06,156,160,141,77,168,-1.0316,0.8123,-0.1693,0.4864,-0.9771,-0.0778,0.4864,0.3058,0.2414,3,0,2,3,2,0,2,3
1641,377,./side_view_dataset_videos/20.mov,Right,201.71,355,15.91,160,172,92,65,179,0.2652,1.1514,0.4429,0.4687,0.2467,0.0156,0.4687,0.006,-0.4284,3,0,2,3,3,3,3,3
1642,398,./side_view_dataset_videos/20.mov,Left,188.21,443,13.85,161,178,142,84,171,-0.6281,0.9511,0.0734,0.515,-0.6411,-0.0885,0.515,0.3223,0.2503,3,0,3,3,3,0,1,3
1643,436,./side_view_dataset_videos/20.mov,Right,147.79,392,15.53,175,175,82,94,165,0.6405,0.813,0.7394,0.3931,0.6139,-0.0104,0.3931,0.278,0.1246,0,0,2,0,3,3,0,3
1644,454,./side_view_dataset_videos/20.mov,Left,165.69,409,14.91,168,179,108,84,174,-0.8498,0.9876,-0.3443,0.5321,-0.7836,-0.0375,0.5321,0.2736,0.1679,1,0,3,2,3,2,1,3
1645,476,./side_view_dataset_videos/20.mov,Right,156.22,402,14.71,172,172,90,80,165,0.5844,0.8698,0.7466,0.2931,0.4948,0.0113,0.2931,0.3533,0.2279,0,0,3,1,3,3,1,3
1646,496,./side_view_dataset_videos/20.mov,Left,159.44,406,18.22,159,171,96,75,179,-0.8559,1.0099,-0.3071,0.5464,-0.79,-0.0403,0.5464,0.3096,0.1767,0,0,1,3,3,3,2,3
1647,518,./side_view_dataset_videos/20.mov,Right,157.9,345,14.66,169,169,92,76,164,0.3486,0.8959,0.4635,0.346,0.2445,0.0259,0.346,0.3753,0.2122,0,0,3,2,3,3,2,3
1648,17,./side_view_dataset_videos/21.mov,Left,0,351,10.55,167,167,106,81,179,-0.9667,1.0176,-0.3497,0.4906,-0.9016,-0.0421,0.4906,0.3184,0.1545,0,0,3,2,3,2,1,3
1649,38,./side_view_dataset_videos/21.mov,Right,170.58,368,11.8,171,171,83,75,163,0.5151,1.0224,0.6961,0.4183,0.4563,-0.0038,0.4183,0.3451,0.1325,2,0,3,1,3,3,2,3
1650,61,./side_view_dataset_videos/21.mov,Left,163.16,351,14.0,166,178,112,84,176,-1.1136,0.8777,-0.3478,0.4939,-1.0563,-0.0187,0.4939,0.2792,0.0948,1,0,3,2,3,2,1,3
1651,80,./side_view_dataset_videos/21.mov,Right,171.62,339,12.94,172,172,88,76,165,0.533,1.0216,0.6058,0.4537,0.4612,0.0054,0.4537,0.3284,0.1319,2,0,3,1,3,3,2,3
1652,98,./side_view_dataset_videos/21.mov,Left,178.46,348,15.71,167,172,97,82,176,-0.9354,1.0163,-0.3724,0.5412,-0.8578,-0.0376,0.5412,0.3033,0.165,2,0,2,2,3,3,1,3
1653,121,./side_view_dataset_videos/21.mov,Right,173.92,355,10.69,177,177,86,81,167,0.5851,1.063,0.6817,0.4368,0.4827,0.0116,0.4368,0.3293,0.1609,2,0,3,0,3,3,1,3
1654,144,./side_view_dataset_videos/21.mov,Left,170.95,338,14.51,166,177,113,79,174,-1.0913,1.016,-0.2667,0.5373,-1.0344,-0.0538,0.5373,0.3087,0.108,2,0,3,2,3,2,2,3
1655,162,./side_view_dataset_videos/21.mov,Right,179.61,355,14.17,173,173,87,72,167,0.4495,0.9905,0.5596,0.3974,0.3777,0.0116,0.3974,0.2868,0.0698,2,0,3,1,3,3,3,3
1656,186,./side_view_dataset_videos/21.mov,Left,171.75,355,14.51,162,166,97,83,174,-1.1318,0.9131,-0.4139,0.4949,-1.0607,-0.0586,0.4949,0.2722,0.0253,2,0,3,3,3,3,1,3
1657,204,./side_view_dataset_videos/21.mov,Right,171.75,358,14.55,172,172,96,73,166,0.4401,1.0236,0.6283,0.3942,0.388,0.0151,0.3942,0.2835,0.1523,2,0,3,1,3,3,3,3
1658,228,./side_view_dataset_videos/21.mov,Left,170.45,341,15.4,164,165,106,82,173,-1.1617,0.9168,-0.3009,0.5188,-1.1153,-0.0691,0.5188,0.2326,0.0531,2,0,2,3,3,2,1,3
1659,246,./side_view_dataset_videos/21.mov,Right,179.1,348,15.12,175,175,97,71,168,-0.2304,1.0316,0.1008,0.4679,-0.2895,-0.0083,0.4679,0.2657,0.1681,2,0,2,0,3,3,3,3
1660,266,./side_view_dataset_videos/21.mov,Left,175.12,334,13.76,166,171,123,81,175,-1.0049,1.0381,-0.3646,0.5572,-0.9425,-0.0364,0.5572,0.2084,0.1044,2,0,3,2,3,0,1,3
1661,286,./side_view_dataset_videos/21.mov,Right,181.09,355,13.39,174,174,84,84,169,-0.4087,1.1016,0.0782,0.5289,-0.4459,-0.009,0.5289,0.216,0.0235,3,0,3,1,3,3,1,3
1662,310,./side_view_dataset_videos/21.mov,Left,171.14,341,12.33,164,177,112,88,171,-1.1118,0.9159,-0.365,0.5064,-1.0354,-0.0237,0.5064,0.2473,0.1068,2,0,3,3,3,2,0,3
1663,330,./side_view_dataset_videos/21.mov,Right,177.11,348,11.43,167,167,90,72,166,0.5261,1.0389,0.5961,0.4476,0.4639,0.0193,0.4476,0.2921,0.1264,2,0,3,2,3,3,3,3
1664,350,./side_view_dataset_videos/21.mov,Left,173.13,348,12.88,165,165,108,80,174,-1.0703,0.9865,-0.2977,0.5188,-0.9809,-0.0543,0.5188,0.2631,0.1035,2,0,3,2,3,2,1,3
1665,370,./side_view_dataset_videos/21.mov,Right,173.13,348,13.15,175,175,71,75,165,0.5726,1.0312,0.7263,0.385,0.5225,0.0151,0.385,0.2933,0.1241,2,0,3,0,3,3,2,3
1666,390,./side_view_dataset_videos/21.mov,Left,173.13,338,14.65,163,174,109,81,173,-0.9494,1.0527,-0.2987,0.5422,-0.8665,-0.0322,0.5422,0.2015,0.0692,2,0,3,3,3,2,1,3
1667,411,./side_view_dataset_videos/21.mov,Right,177.4,361,14.59,174,174,89,77,164,-0.9466,1.0325,-0.2791,0.5058,-0.9954,-0.0358,0.5058,0.3206,0.1806,2,0,3,1,3,3,2,3
1668,438,./side_view_dataset_videos/21.mov,Left,168.11,345,15.58,169,169,117,81,172,-0.1259,1.1553,0.1041,0.5357,-0.0641,-0.0193,0.5357,0.2435,0.0664,1,0,2,2,3,1,1,3
1669,453,./side_view_dataset_videos/21.mov,Right,180.05,345,13.82,173,173,97,70,165,0.4819,0.974,0.6782,0.3398,0.415,0.007,0.3398,0.3308,0.1964,3,0,3,1,3,3,3,3
1670,473,./side_view_dataset_videos/21.mov,Left,180.05,351,13.58,168,178,123,81,173,-0.9534,0.9972,-0.3831,0.5187,-0.8246,-0.039,0.5187,0.2344,0.1807,3,0,3,2,3,0,1,3
1671,495,./side_view_dataset_videos/21.mov,Right,176.8,355,10.06,172,172,83,74,165,-0.9574,0.9766,-0.2998,0.5297,-0.9816,-0.0554,0.5297,0.2761,0.0809,2,0,3,1,3,3,3,3
1672,517,./side_view_dataset_videos/21.mov,Left,175.24,324,15.17,165,165,112,77,177,-1.0478,0.9734,-0.2695,0.497,-0.988,-0.0541,0.497,0.3121,0.2078,2,0,2,2,3,2,2,3
1673,535,./side_view_dataset_videos/21.mov,Right,188.51,345,15.27,169,169,96,79,163,-1.0376,1.0281,-0.3726,0.5289,-1.0785,-0.0403,0.5289,0.3304,0.2606,3,0,2,2,3,3,2,3
1674,556,./side_view_dataset_videos/21.mov,Left,174.87,358,17.02,166,176,114,86,177,-1.036,1.0046,-0.3737,0.537,-0.9934,-0.042,0.537,0.2998,0.2227,2,0,2,2,3,2,0,3
1675,580,./side_view_dataset_videos/21.mov,Right,168.9,341,15.08,173,173,92,73,167,0.4804,1.0451,0.6322,0.3912,0.387,0.0151,0.3912,0.3042,0.1261,1,0,2,1,3,3,3,3
1676,597,./side_view_dataset_videos/21.mov,Left,178.47,351,13.18,166,166,83,77,175,-0.9876,1.0781,-0.3413,0.5434,-0.937,-0.028,0.5434,0.2411,0.0367,2,0,3,2,3,3,2,3
1677,622,./side_view_dataset_videos/21.mov,Right,174.57,351,15.36,175,175,88,73,169,0.5366,1.0709,0.6638,0.4279,0.4263,0.0245,0.4279,0.2962,0.1526,2,0,2,0,3,3,3,3
1678,640,./side_view_dataset_videos/21.mov,Left,174.57,348,14.9,167,176,130,77,176,-0.939,1.0163,-0.313,0.4969,-0.8822,-0.0196,0.4969,0.234,0.2693,2,0,3,2,3,0,2,3
1679,660,./side_view_dataset_videos/21.mov,Right,176.27,348,13.08,169,169,93,71,166,-0.2769,1.0611,0.0727,0.5247,-0.3646,-0.0129,0.5247,0.3315,0.1971,2,0,3,2,3,3,3,3
1680,684,./side_view_dataset_videos/21.mov,Left,176.27,351,12.19,165,174,110,80,174,-1.1122,0.9301,-0.3576,0.5079,-1.035,-0.0268,0.5079,0.2464,0.0657,2,0,3,2,3,2,1,3
1681,702,./side_view_dataset_videos/21.mov,Right,173.93,345,11.88,175,175,90,81,166,0.452,1.1087,0.6888,0.4276,0.3514,0.01,0.4276,0.342,0.1984,2,0,3,0,3,3,1,3
1682,725,./side_view_dataset_videos/21.mov,Left,176.42,355,11.25,163,171,98,80,175,-1.0737,0.9097,-0.3297,0.5012,-0.9827,-0.0549,0.5012,0.2522,0.0365,2,0,3,3,3,3,1,3
1683,746,./side_view_dataset_videos/21.mov,Right,170.74,348,11.14,179,179,95,76,166,0.3716,0.9444,0.4325,0.4388,0.3078,-0.0267,0.4388,0.3099,0.1687,2,0,3,0,3,3,2,3
1684,764,./side_view_dataset_videos/21.mov,Left,174.72,341,10.97,165,173,116,80,174,-0.9206,0.9776,-0.3799,0.5002,-0.8141,-0.0284,0.5002,0.2102,0.1749,2,0,3,2,3,1,1,3
1685,786,./side_view_dataset_videos/21.mov,Right,177.43,348,13.88,172,172,84,85,166,0.4683,1.0433,0.5355,0.4871,0.3623,-0.0089,0.4871,0.3446,0.2708,2,0,3,1,3,3,0,3
1686,806,./side_view_dataset_videos/21.mov,Left,173.45,345,14.81,166,168,116,78,178,-0.9848,1.0711,-0.3628,0.5129,-0.9324,-0.0375,0.5129,0.2751,0.1406,2,0,3,2,3,1,2,3
1687,828,./side_view_dataset_videos/21.mov,Right,174.87,345,13.73,175,175,81,76,166,0.4984,1.0774,0.565,0.4186,0.4006,0.0011,0.4186,0.3257,0.1716,2,0,3,0,3,3,2,3
1688,849,./side_view_dataset_videos/21.mov,Left,174.87,361,14.9,168,177,106,79,175,-0.9978,1.0438,-0.4195,0.5342,-0.934,-0.038,0.5342,0.2588,0.1597,2,0,3,2,3,2,2,3
1689,872,./side_view_dataset_videos/21.mov,Right,166.21,345,14.34,177,177,93,73,167,0.5227,1.0331,0.6209,0.4377,0.4409,0.0135,0.4377,0.3057,0.2407,1,0,3,0,3,3,3,3
1690,889,./side_view_dataset_videos/21.mov,Left,175.79,338,13.31,164,164,116,83,174,-0.9385,1.0771,-0.3302,0.5457,-0.8675,-0.0308,0.5457,0.3079,0.2518,2,0,3,3,2,1,1,3
1691,907,./side_view_dataset_videos/21.mov,Right,179.77,348,14.26,177,177,83,72,166,-0.7478,1.0519,-0.2986,0.5317,-0.7296,-0.0144,0.5317,0.2257,0.0857,2,0,3,0,3,3,3,3
1692,932,./side_view_dataset_videos/21.mov,Left,175.86,351,14.18,165,177,109,86,176,-1.0027,0.9994,-0.3603,0.5445,-0.9559,-0.0453,0.5445,0.2993,0.2299,2,0,3,2,3,2,0,3
1693,954,./side_view_dataset_videos/21.mov,Right,174.31,335,12.89,169,169,92,75,164,0.4841,1.0241,0.5308,0.4233,0.4029,-0.0056,0.4233,0.3527,0.2096,2,0,3,2,3,3,2,3
1694,972,./side_view_dataset_videos/21.mov,Left,182.97,355,13.22,167,178,85,82,176,-1.0067,1.056,-0.3846,0.5548,-0.9582,-0.0358,0.5548,0.2791,0.0789,3,0,3,2,3,3,1,3
1695,995,./side_view_dataset_videos/21.mov,Right,171.97,368,14.98,171,171,92,66,165,-0.3169,1.0487,0.2995,0.4772,-0.402,0.0032,0.4772,0.3333,0.2003,2,0,3,1,3,3,3,3
1696,1017,./side_view_dataset_videos/21.mov,Left,164.74,348,12.97,165,178,119,80,174,-1.0723,0.9245,-0.3421,0.5112,-1.0268,-0.0157,0.5112,0.3034,0.174,1,0,3,2,3,1,1,3
1697,1036,./side_view_dataset_videos/21.mov,Right,173.78,361,11.95,175,175,83,75,165,0.4609,1.0716,0.4074,0.5146,0.3871,-0.0124,0.5146,0.3293,0.1578,2,0,3,0,3,3,2,3
1698,1062,./side_view_dataset_videos/21.mov,Left,168.77,351,10.71,171,176,116,82,174,-0.1688,1.1963,0.0721,0.5374,-0.1325,-0.0148,0.5374,0.2435,-0.0033,1,0,3,1,3,1,1,3
1699,1077,./side_view_dataset_videos/21.mov,Right,176.73,351,10.51,177,177,85,74,164,0.553,1.0878,0.6821,0.4384,0.4525,0.0106,0.4384,0.3669,0.1802,2,0,3,0,3,3,3,3
1700,1100,./side_view_dataset_videos/21.mov,Left,176.73,351,10.26,165,174,109,78,178,-1.0367,1.012,-0.3071,0.4877,-0.9481,-0.0515,0.4877,0.289,0.1465,2,0,3,2,3,2,2,3
1701,1122,./side_view_dataset_videos/21.mov,Right,176.73,351,10.19,173,173,93,74,167,0.5599,1.0661,0.6624,0.4482,0.4367,0.0056,0.4482,0.3484,0.1751,2,0,3,1,3,3,3,3
1702,1141,./side_view_dataset_videos/21.mov,Left,176.73,341,12.21,163,177,108,74,173,-1.013,0.9644,-0.3644,0.5314,-0.9193,-0.0261,0.5314,0.2302,0.1382,2,0,3,3,3,2,3,3
1703,1164,./side_view_dataset_videos/21.mov,Right,180.33,355,10.39,178,178,101,82,167,0.5904,1.0719,0.7953,0.3644,0.4694,0.0193,0.3644,0.3505,0.2122,3,0,3,0,3,2,1,3
1704,1183,./side_view_dataset_videos/21.mov,Left,170.27,348,10.83,167,170,118,82,175,-1.0232,0.9695,-0.3626,0.5272,-0.9723,-0.045,0.5272,0.275,0.2944,2,0,3,2,3,1,1,3
1705,1204,./side_view_dataset_videos/21.mov,Right,173.24,345,11.44,172,172,92,77,168,0.5929,1.0339,0.7642,0.3539,0.4507,0.0233,0.3539,0.3402,0.2485,2,0,3,1,3,3,2,3
1706,1225,./side_view_dataset_videos/21.mov,Left,174.79,358,11.94,163,163,112,81,173,-1.0292,1.0336,-0.3707,0.5375,-0.9289,-0.0455,0.5375,0.2424,0.1443,2,0,3,3,2,2,1,3
1707,1248,./side_view_dataset_videos/21.mov,Right,168.23,351,12.16,172,172,99,78,167,0.5606,1.0263,0.6873,0.3557,0.4481,0.0211,0.3557,0.3378,0.2107,1,0,3,1,3,3,2,3
1708,1269,./side_view_dataset_videos/21.mov,Left,171.2,348,11.48,170,172,115,80,175,-0.7105,1.014,-0.2572,0.4479,-0.663,-0.0223,0.4479,0.2539,0.0841,2,0,3,1,3,1,1,3
1709,1287,./side_view_dataset_videos/21.mov,Right,173.3,355,8.34,170,170,91,73,166,0.5334,1.0352,0.4815,0.4874,0.4493,0.0065,0.4874,0.3172,0.137,2,0,3,1,3,3,3,3
1710,1310,./side_view_dataset_videos/21.mov,Left,170.33,348,12.84,168,173,114,81,176,-1.0984,0.9369,-0.3443,0.4884,-1.0344,-0.0534,0.4884,0.2766,0.0399,2,0,3,2,3,2,1,3
1711,1329,./side_view_dataset_videos/21.mov,Right,173.92,341,12.62,172,172,90,74,165,0.3993,1.0437,0.5771,0.4459,0.2947,0.009,0.4459,0.352,0.2425,2,0,3,1,3,3,3,3
1712,1350,./side_view_dataset_videos/21.mov,Left,176.89,351,11.71,167,179,115,83,175,-1.0378,1.0066,-0.4083,0.5394,-0.9869,-0.0426,0.5394,0.236,0.1065,2,0,3,2,3,1,1,3
1713,17,./side_view_dataset_videos/22.mov,Left,0,352,10.23,164,179,132,76,177,-1.0958,0.9828,-0.3334,0.5058,-1.0537,-0.0598,0.5058,0.3713,0.3358,0,0,3,3,3,0,2,3
1714,38,./side_view_dataset_videos/22.mov,Right,170.3,360,10.12,176,176,101,75,164,0.5055,1.0279,0.7153,0.3728,0.3803,0.0237,0.3728,0.3974,0.2081,2,0,3,0,3,2,2,3
1715,60,./side_view_dataset_videos/22.mov,Left,166.43,352,11.78,163,163,127,84,174,-1.1388,0.9135,-0.2885,0.5104,-1.0519,-0.0679,0.5104,0.3055,0.2599,1,0,3,3,2,0,1,3
1716,80,./side_view_dataset_videos/22.mov,Right,170.56,335,11.04,174,174,101,90,166,0.507,1.0133,0.9077,0.3623,0.3814,0.0209,0.3623,0.3542,0.1153,2,0,3,1,3,2,0,3
1717,97,./side_view_dataset_videos/22.mov,Left,180.51,332,11.16,169,176,114,82,178,-0.8997,1.1026,-0.3479,0.5683,-0.8104,-0.0254,0.5683,0.3111,0.1977,3,0,3,2,3,2,1,3
1718,116,./side_view_dataset_videos/22.mov,Right,182.06,335,12.09,174,174,92,82,167,0.1363,1.0725,0.2371,0.463,0.0428,0.0053,0.463,0.3165,0.1074,3,0,3,1,3,3,1,3
1719,138,./side_view_dataset_videos/22.mov,Left,180.51,335,13.1,170,170,120,89,179,-1.013,1.0662,-0.3774,0.6103,-0.9324,-0.0466,0.6103,0.3356,0.2622,3,0,3,1,3,0,0,3
1720,160,./side_view_dataset_videos/22.mov,Right,180.51,332,13.16,175,175,90,77,166,0.4938,1.0581,0.7673,0.4106,0.3881,0.014,0.4106,0.3399,0.0967,3,0,3,0,3,3,2,3
1721,179,./side_view_dataset_videos/22.mov,Left,182.39,355,13.78,164,164,104,83,179,-0.9606,1.0364,-0.3454,0.5148,-0.8789,-0.0367,0.5148,0.33,0.1712,3,0,3,3,2,2,1,3
1722,203,./side_view_dataset_videos/22.mov,Right,170.12,352,15.49,172,172,93,79,166,0.5576,1.0026,0.8544,0.3639,0.4512,0.0087,0.3639,0.3436,0.123,2,0,2,1,3,3,2,3
1723,221,./side_view_dataset_videos/22.mov,Left,172.21,355,13.52,165,169,109,82,176,-0.975,1.049,-0.3238,0.5189,-0.9094,-0.0456,0.5189,0.302,0.2028,2,0,3,2,3,2,1,3
1724,244,./side_view_dataset_videos/22.mov,Right,170.8,342,13.49,175,175,96,82,165,0.4843,0.994,0.817,0.4049,0.379,0.0091,0.4049,0.3591,0.1671,2,0,3,0,3,3,1,3
1725,262,./side_view_dataset_videos/22.mov,Left,178.02,352,13.51,167,178,110,84,177,-0.9904,1.0043,-0.3657,0.5293,-0.889,-0.0483,0.5293,0.3262,0.1798,2,0,3,2,3,2,1,3
1726,284,./side_view_dataset_videos/22.mov,Right,172.89,345,13.03,172,172,91,80,163,0.4528,0.937,0.3455,0.4142,0.3883,-0.0078,0.4142,0.349,0.1519,2,0,3,1,3,3,1,3
1727,306,./side_view_dataset_videos/22.mov,Left,175.6,352,12.65,163,170,117,94,179,-1.0192,0.9162,-0.2311,0.4971,-0.9464,-0.0045,0.4971,0.3119,0.184,2,0,3,3,3,1,0,3
1728,326,./side_view_dataset_videos/22.mov,Right,171.62,335,12.33,178,178,89,86,165,0.5206,0.9488,0.7405,0.3579,0.423,0.0036,0.3579,0.3532,0.176,2,0,3,0,3,3,0,3
1729,344,./side_view_dataset_videos/22.mov,Left,180.26,348,12.26,166,169,96,87,179,-0.9108,1.0028,-0.4036,0.536,-0.8081,-0.0329,0.536,0.3184,0.0751,3,0,3,2,3,3,0,3
1730,366,./side_view_dataset_videos/22.mov,Right,173.04,345,11.69,177,177,87,82,162,0.5311,0.955,0.6149,0.4185,0.4474,0.0116,0.4185,0.3799,0.2251,2,0,3,0,3,3,1,3
1731,387,./side_view_dataset_videos/22.mov,Left,174.58,348,13.1,163,165,112,82,178,-0.9936,0.9717,-0.3034,0.49,-0.9135,-0.0452,0.49,0.3305,0.1551,2,0,3,3,3,2,1,3
1732,410,./side_view_dataset_videos/22.mov,Right,173.17,342,12.55,178,178,98,76,161,0.5435,0.9747,0.8174,0.3431,0.468,0.0185,0.3431,0.4043,0.1664,2,0,3,0,3,3,2,3
1733,428,./side_view_dataset_videos/22.mov,Left,177.14,352,12.81,166,170,106,77,174,-0.9299,0.9761,-0.248,0.4929,-0.8611,-0.0558,0.4929,0.409,0.1613,2,0,3,2,3,2,2,3
1734,449,./side_view_dataset_videos/22.mov,Right,171.47,348,11.82,175,175,86,76,160,0.5339,0.9516,0.6978,0.3642,0.4477,0.0098,0.3642,0.4203,0.1778,2,0,3,0,3,3,2,3
1735,470,./side_view_dataset_videos/22.mov,Left,173.02,345,13.29,165,178,112,80,177,-0.9134,0.9655,-0.12,0.5165,-0.8706,-0.0189,0.5165,0.3608,0.1677,2,0,3,2,3,2,1,3
1736,490,./side_view_dataset_videos/22.mov,Right,174.72,332,12.39,176,176,83,78,165,0.5184,1.0501,0.7173,0.4077,0.4111,0.0135,0.4077,0.3639,0.1259,2,0,3,0,3,3,2,3
1737,509,./side_view_dataset_videos/22.mov,Left,181.27,348,12.86,165,179,98,82,179,-1.0859,1.0008,-0.4561,0.5807,-1.0013,-0.0521,0.5807,0.3059,0.0806,3,0,3,2,3,3,1,3
1738,532,./side_view_dataset_videos/22.mov,Right,172.63,335,11.32,177,177,94,81,166,0.4852,1.0122,0.9156,0.3862,0.383,0.0048,0.3862,0.3385,0.1365,2,0,3,0,3,3,1,3
1739,549,./side_view_dataset_videos/22.mov,Left,180.64,338,12.19,167,179,97,85,178,-0.7349,1.1133,-0.3289,0.5898,-0.6397,-0.0429,0.5898,0.2808,0.0606,3,0,3,2,3,3,0,3
1740,571,./side_view_dataset_videos/22.mov,Right,179.09,345,12.48,170,170,86,83,163,0.5662,1.0167,0.8468,0.3378,0.473,0.0206,0.3378,0.3738,0.1583,2,0,3,1,3,3,1,3
1741,593,./side_view_dataset_videos/22.mov,Left,175.84,342,13.0,163,176,99,88,179,-1.1239,0.898,-0.3319,0.506,-1.0741,-0.0149,0.506,0.2743,0.0554,2,0,3,3,3,3,0,3
1742,611,./side_view_dataset_videos/22.mov,Right,177.93,332,12.5,174,174,77,76,164,0.4737,1.0431,0.4607,0.4639,0.3834,0.005,0.4639,0.3643,0.164,2,0,3,1,3,3,2,3
1743,631,./side_view_dataset_videos/22.mov,Left,182.6,345,16.7,161,177,95,80,179,-1.0331,1.0779,-0.3,0.544,-0.9726,-0.0442,0.544,0.3271,0.0862,3,0,2,3,3,3,1,3
1744,652,./side_view_dataset_videos/22.mov,Right,174.58,318,16.76,171,171,85,82,166,0.4243,1.0618,0.4897,0.448,0.2718,0.008,0.448,0.3934,0.2508,2,0,2,1,3,3,1,3
1745,666,./side_view_dataset_videos/22.mov,Left,193.16,285,18.39,154,178,112,82,178,-0.5955,0.9954,0.0164,0.6585,-0.5979,-0.0461,0.6585,0.2989,0.1571,3,1,1,2,3,2,1,3
1746,678,./side_view_dataset_videos/22.mov,Right,220.26,278,18.54,153,176,86,73,172,0.7919,0.9981,1.2019,0.1825,0.7668,-0.0083,0.1825,-0.1039,-0.5629,3,2,1,2,3,3,3,3
1747,694,./side_view_dataset_videos/22.mov,Left,225.22,348,17.17,178,179,73,75,167,-1.1716,1.0118,-0.3701,0.5447,-1.0365,-0.0515,0.5447,0.1371,-0.1622,3,0,2,0,3,3,2,3
1748,735,./side_view_dataset_videos/22.mov,Right,206.91,342,15.22,179,179,76,81,168,0.5056,1.0532,0.8239,0.4022,0.4004,0.0159,0.4022,0.3016,0.0618,3,0,2,0,3,3,1,3
1749,754,./side_view_dataset_videos/22.mov,Left,210.49,369,14.24,166,178,98,84,179,-1.053,1.0512,-0.407,0.5276,-0.9927,-0.0448,0.5276,0.3351,0.1499,3,0,3,2,3,3,1,3
1750,776,./side_view_dataset_videos/22.mov,Right,191.91,399,13.44,172,172,80,78,163,0.5603,1.0157,0.8061,0.3796,0.4595,0.0143,0.3796,0.3753,0.1297,3,0,3,1,3,3,2,3
1751,797,./side_view_dataset_videos/22.mov,Left,166.37,412,14.07,163,175,102,84,179,-1.0387,1.0015,-0.307,0.5275,-0.9725,-0.0505,0.5275,0.3551,0.2695,1,0,3,3,3,2,1,3
1752,817,./side_view_dataset_videos/22.mov,Right,157.43,342,13.46,175,175,83,76,164,0.5089,1.038,0.6383,0.4019,0.4015,0.0091,0.4019,0.3802,0.188,0,0,3,0,3,3,2,3
1753,837,./side_view_dataset_videos/22.mov,Left,175.74,345,11.96,165,171,87,81,179,-1.0008,1.0163,-0.3219,0.6018,-0.9279,-0.054,0.6018,0.3406,0.1069,2,0,3,2,3,3,1,3
1754,857,./side_view_dataset_videos/22.mov,Right,173.86,369,9.54,173,173,80,87,164,0.3918,0.974,0.762,0.3835,0.2734,0.0094,0.3835,0.3775,0.1368,2,0,3,1,3,3,0,3
1755,886,./side_view_dataset_videos/22.mov,Left,166.01,416,16.94,176,177,118,84,178,-0.337,1.2398,0.0465,0.6121,-0.3113,-0.0082,0.6121,0.1851,-0.1151,1,0,2,0,3,1,1,3
1756,921,./side_view_dataset_videos/22.mov,Right,152.39,409,14.81,151,175,80,87,178,0.4434,1.1697,0.5308,0.4765,0.3816,0.0029,0.4765,0.0285,-0.4805,0,0,3,2,3,3,0,3
1757,939,./side_view_dataset_videos/22.mov,Left,156.36,426,13.3,170,170,58,81,163,-1.0758,0.9488,-0.3388,0.5114,-0.9856,-0.0487,0.5114,0.2385,-0.0728,0,0,3,1,3,1,1,3
1758,964,./side_view_dataset_videos/22.mov,Right,149.21,409,13.33,160,179,83,83,177,0.56,1.1583,0.9183,0.4464,0.5432,0.0048,0.4464,-0.0254,-0.5428,0,0,3,3,3,3,1,3
1759,979,./side_view_dataset_videos/22.mov,Left,161.13,395,12.94,174,174,69,74,161,-1.018,0.9604,-0.3487,0.5219,-0.9226,-0.0397,0.5219,0.2568,-0.0742,1,0,3,1,3,2,3,3
1760,1004,./side_view_dataset_videos/22.mov,Right,165.08,335,12.77,150,176,82,88,179,0.5478,1.088,0.9892,0.3607,0.5092,-0.0021,0.3607,0.0516,-0.4574,1,0,3,2,3,3,0,3
1761,1021,./side_view_dataset_videos/22.mov,Left,186.72,412,11.5,162,168,78,76,160,-1.1736,0.9691,-0.3689,0.5423,-1.072,-0.0534,0.5423,0.2317,-0.1977,3,0,3,3,3,3,2,3
1762,1062,./side_view_dataset_videos/22.mov,Right,164.43,395,11.08,172,172,88,89,162,0.4975,1.0321,0.5633,0.4104,0.3884,-0.002,0.4104,0.4154,0.2439,1,0,3,1,3,3,0,3
1763,1082,./side_view_dataset_videos/22.mov,Left,171.58,412,11.23,169,169,100,82,179,-1.0705,1.0393,-0.2827,0.5538,-1.0533,-0.0517,0.5538,0.3542,0.19,2,0,3,2,3,2,1,3
1764,1102,./side_view_dataset_videos/22.mov,Right,159.66,412,11.73,170,170,86,75,165,0.4352,1.0555,0.864,0.3348,0.3175,0.0207,0.3348,0.3775,0.2275,0,0,3,1,3,3,2,3
1765,1127,./side_view_dataset_videos/22.mov,Left,159.66,412,15.23,168,172,111,81,174,-0.8125,1.0641,-0.2888,0.5089,-0.7289,-0.0133,0.5089,0.219,0.0586,0,0,2,2,3,2,1,3
1766,1144,./side_view_dataset_videos/22.mov,Right,159.66,345,12.89,176,176,85,78,166,0.5278,1.0513,0.7903,0.3974,0.4125,0.0112,0.3974,0.3532,0.1425,0,0,3,0,3,3,2,3
1767,1165,./side_view_dataset_videos/22.mov,Left,176.27,342,13.01,169,174,88,82,177,-1.0998,0.9857,-0.3616,0.5166,-1.0319,-0.052,0.5166,0.3172,0.0927,2,0,3,2,3,3,1,3
1768,1184,./side_view_dataset_videos/22.mov,Right,178.15,348,11.92,175,175,91,87,165,0.566,1.0498,0.7767,0.3974,0.4405,0.0138,0.3974,0.3713,0.1851,2,0,3,0,3,3,0,3
1769,1206,./side_view_dataset_videos/22.mov,Left,174.9,325,13.77,162,168,108,81,177,-1.0931,0.9146,-0.3833,0.542,-1.0086,-0.062,0.542,0.2375,0.0501,2,0,3,3,3,2,1,3
1770,1224,./side_view_dataset_videos/22.mov,Right,186.03,338,12.07,174,174,93,88,162,0.5165,1.021,0.7197,0.3584,0.3871,0.0168,0.3584,0.4321,0.2526,3,0,3,1,3,3,0,3
1771,1245,./side_view_dataset_videos/22.mov,Left,178.02,338,15.9,161,178,98,85,178,-1.083,1.0468,-0.3102,0.5209,-1.0321,-0.0534,0.5209,0.3181,0.1359,2,0,2,3,3,3,0,3
1772,1266,./side_view_dataset_videos/22.mov,Right,178.02,338,16.17,177,177,93,76,168,0.5445,1.0935,0.6725,0.3912,0.4328,0.0162,0.3912,0.3092,0.1274,2,0,2,0,3,3,2,3
1773,1285,./side_view_dataset_videos/22.mov,Left,178.02,335,14.99,166,176,92,80,174,-1.0678,1.0426,-0.4124,0.5524,-1.0136,-0.0423,0.5524,0.2799,0.1094,2,0,3,2,3,3,1,3
1774,1306,./side_view_dataset_videos/22.mov,Right,179.56,342,13.0,170,170,85,76,165,0.4945,1.0165,0.8408,0.3482,0.3704,0.0089,0.3482,0.3729,0.1867,2,0,3,1,3,3,2,3
1775,1326,./side_view_dataset_videos/22.mov,Left,175.59,335,10.78,160,173,91,87,177,-0.9199,1.0598,-0.3182,0.5578,-0.8501,-0.0238,0.5578,0.2576,0.0998,2,0,3,3,3,3,0,3
1776,1345,./side_view_dataset_videos/22.mov,Right,179.17,338,12.3,167,167,84,72,165,0.3716,1.0102,0.6266,0.4209,0.2588,-0.0032,0.4209,0.3706,0.2064,2,0,3,2,3,3,3,3
1777,1367,./side_view_dataset_videos/22.mov,Left,177.63,345,13.16,164,171,100,81,178,-1.0527,1.0098,-0.4083,0.5754,-0.9432,-0.0467,0.5754,0.2531,0.0541,2,0,3,3,3,2,1,3
1778,1388,./side_view_dataset_videos/22.mov,Right,174.04,345,12.22,175,175,86,78,167,0.5572,1.0107,0.8745,0.336,0.4205,-0.0091,0.336,0.3614,0.2196,2,0,3,0,3,3,2,3
1779,1409,./side_view_dataset_videos/22.mov,Left,174.04,342,14.77,168,173,102,83,176,-0.8299,1.0857,-0.3536,0.5561,-0.7502,-0.0579,0.5561,0.3178,0.2145,2,0,3,2,3,2,1,3
1780,1428,./side_view_dataset_videos/22.mov,Right,175.92,348,15.17,172,172,93,81,165,0.4671,1.0281,0.9221,0.2978,0.3158,0.0186,0.2978,0.3948,0.3166,2,0,2,1,3,3,1,3
1781,1449,./side_view_dataset_videos/22.mov,Left,172.34,348,14.09,164,173,97,81,178,-1.1439,1.0431,-0.4113,0.5099,-1.0816,-0.0476,0.5099,0.2797,0.0525,2,0,3,3,3,3,1,3
1782,1471,./side_view_dataset_videos/22.mov,Right,172.34,352,11.64,167,167,93,73,166,0.5512,1.0368,0.9018,0.3246,0.4039,0.0153,0.3246,0.3869,0.3056,2,0,3,2,3,3,3,3
1783,1493,./side_view_dataset_videos/22.mov,Left,170.79,348,14.19,165,176,116,85,179,-1.1292,0.9538,-0.3494,0.488,-1.1017,-0.0549,0.488,0.3631,0.2311,2,0,3,2,3,1,0,3
1784,1513,./side_view_dataset_videos/22.mov,Right,172.49,352,14.22,172,172,94,81,167,0.5647,0.9962,0.9495,0.3126,0.4225,-0.0088,0.3126,0.3678,0.2759,2,0,3,1,3,3,1,3
1785,1533,./side_view_dataset_videos/22.mov,Left,170.61,348,12.37,166,179,95,85,176,-1.0979,0.9675,-0.2954,0.4791,-1.0426,-0.0572,0.4791,0.2737,0.0982,2,0,3,2,3,3,0,3
1786,1553,./side_view_dataset_videos/22.mov,Right,172.31,338,10.65,176,176,80,76,167,0.5244,1.0766,0.689,0.419,0.3973,0.0153,0.419,0.352,0.2108,2,0,3,0,3,3,2,3
1787,1572,./side_view_dataset_videos/22.mov,Left,177.45,335,13.87,171,173,106,79,179,-1.065,1.0726,-0.3677,0.6259,-1.0407,-0.0459,0.6259,0.3297,0.2119,2,0,3,1,3,2,2,3
1788,1593,./side_view_dataset_videos/22.mov,Right,179.0,335,14.36,171,171,86,74,167,0.3753,1.0245,0.6478,0.3943,0.2385,0.0152,0.3943,0.3607,0.2391,2,0,3,1,3,3,3,3
1789,1613,./side_view_dataset_videos/22.mov,Left,179.0,345,16.78,170,179,105,84,178,-1.0266,1.0036,-0.4512,0.5333,-0.9531,-0.041,0.5333,0.2774,0.1473,2,0,2,1,3,2,1,3
1790,1636,./side_view_dataset_videos/22.mov,Right,174.33,342,12.71,177,177,92,77,164,0.5587,1.045,0.8109,0.3527,0.4239,0.016,0.3527,0.406,0.2273,2,0,3,0,3,3,2,3
1791,1655,./side_view_dataset_videos/22.mov,Left,176.21,345,11.33,165,170,100,89,178,-1.0196,0.9941,-0.3709,0.5401,-0.939,-0.0363,0.5401,0.2566,0.1435,2,0,3,2,3,2,0,3
1792,1675,./side_view_dataset_videos/22.mov,Right,174.33,348,10.85,176,176,93,81,166,0.4531,1.0604,0.6359,0.4223,0.2967,0.0102,0.4223,0.386,0.3204,2,0,3,0,3,3,1,3
1793,1697,./side_view_dataset_videos/22.mov,Left,172.78,348,13.89,162,178,112,81,177,-1.0406,0.9997,-0.3215,0.5099,-0.9404,-0.023,0.5099,0.266,0.1194,2,0,3,3,3,2,1,3
1794,1717,./side_view_dataset_videos/22.mov,Right,172.78,342,14.54,177,177,86,79,169,0.4564,1.0938,0.6546,0.4386,0.3096,0.0082,0.4386,0.3381,0.2417,2,0,3,0,3,3,2,3
1795,1738,./side_view_dataset_videos/22.mov,Left,175.74,342,13.87,166,174,105,81,178,-1.0612,0.9477,-0.3296,0.5007,-1.0137,-0.0535,0.5007,0.3575,0.234,2,0,3,2,3,2,1,3
1796,1757,./side_view_dataset_videos/22.mov,Right,175.74,348,13.01,179,179,88,81,166,0.4903,1.0413,0.8322,0.3828,0.36,0.0038,0.3828,0.3722,0.2798,2,0,3,0,3,3,1,3
1797,1779,./side_view_dataset_videos/22.mov,Left,172.49,335,18.35,166,173,97,86,176,-1.0977,0.9328,-0.3967,0.5786,-0.9999,-0.0278,0.5786,0.2799,0.0619,2,0,1,2,3,3,0,3
1798,28,./side_view_dataset_videos/23.mov,Right,0,193,24.24,171,171,128,62,172,0.3138,1.6361,0.5686,0.7257,0.1876,-0.0057,0.7257,0.2643,0.3612,0,3,0,1,3,0,2,3
1799,50,./side_view_dataset_videos/23.mov,Left,154.79,264,44.45,173,173,77,64,170,-0.7431,1.1866,0.0255,0.6388,-0.7356,-0.0336,0.6388,0.2538,0.2426,0,3,0,1,3,3,2,3
1800,74,./side_view_dataset_videos/23.mov,Right,148.34,240,46.97,170,170,117,74,173,0.0666,1.6092,0.4667,0.7694,-0.0504,-0.012,0.7694,0.2354,0.1891,0,3,0,1,3,1,3,3
1801,95,./side_view_dataset_videos/23.mov,Left,152.95,286,39.14,179,179,91,71,170,-1.2904,1.1665,-0.5152,0.5679,-1.2387,-0.0171,0.5679,0.2468,0.2932,0,1,0,0,3,3,3,3
1802,119,./side_view_dataset_videos/23.mov,Right,150.18,264,55.58,177,177,127,61,174,-0.0091,1.7098,0.3788,0.8524,-0.1822,-0.0116,0.8524,0.2749,0.3345,0,3,0,0,3,0,2,3
1803,137,./side_view_dataset_videos/23.mov,Left,157.99,313,65.04,172,172,33,62,175,-1.067,0.8955,-0.0844,0.7019,-1.0895,-0.0018,0.7019,0.2672,0.4747,0,0,0,1,3,0,2,3
1804,162,./side_view_dataset_videos/23.mov,Right,154.27,285,50.91,160,164,90,70,179,0.1654,1.7813,0.5439,0.873,0.0914,-0.0139,0.873,0.0619,-0.3397,0,1,0,3,2,3,3,3
1805,184,./side_view_dataset_videos/23.mov,Left,156.85,292,50.65,172,172,5,49,178,0.127,1.5508,0.2848,0.8028,0.0742,-0.015,0.8028,0.3404,0.4922,0,1,0,1,3,0,0,3
1806,206,./side_view_dataset_videos/23.mov,Right,155.38,246,24.03,170,170,136,50,177,0.1806,1.6959,0.3913,0.8229,0.0979,-0.0129,0.8229,0.131,-0.5347,0,3,0,1,3,0,0,3
1807,32,./side_view_dataset_videos/24.mov,Right,0,152,13.82,163,164,121,73,179,0.5059,1.7658,0.5687,0.8138,0.3927,-0.0064,0.8138,0.119,-0.3765,0,3,3,3,2,0,3,3
1808,53,./side_view_dataset_videos/24.mov,Left,169.17,253,23.03,173,173,165,79,174,-1.2798,1.0017,-0.4649,0.5752,-1.2428,-0.0213,0.5752,0.2917,0.2348,1,3,0,1,3,0,2,3
1809,74,./side_view_dataset_videos/24.mov,Right,169.17,208,33.51,161,161,109,78,169,0.0966,1.6482,0.3674,0.777,-0.0245,-0.0146,0.777,0.3094,0.1414,1,3,0,3,2,2,2,3
1810,95,./side_view_dataset_videos/24.mov,Left,169.17,236,34.39,175,175,92,80,168,-0.6771,1.1722,-0.0508,0.7413,-0.5973,-0.0311,0.7413,0.1725,0.0509,1,3,0,0,3,3,1,3
1811,114,./side_view_dataset_videos/24.mov,Right,173.62,219,32.42,169,169,92,78,174,0.3541,1.6395,0.5422,0.7288,0.2657,-0.0058,0.7288,0.1933,-0.0217,2,3,0,2,3,3,2,3
1812,135,./side_view_dataset_videos/24.mov,Left,172.73,243,33.37,169,171,164,76,162,-0.3192,0.7763,0.181,0.3175,-0.2962,0.0021,0.3175,0.2625,0.2177,2,3,0,2,3,0,2,3
1813,154,./side_view_dataset_videos/24.mov,Right,176.29,209,31.47,161,161,88,79,178,0.4253,1.6116,0.5221,0.7129,0.3087,-0.0097,0.7129,0.146,-0.1804,2,3,0,3,2,3,2,3
1814,176,./side_view_dataset_videos/24.mov,Left,174.75,209,36.95,170,170,166,83,172,-0.3072,1.4679,0.1317,0.9009,-0.3492,-0.0205,0.9009,0.4619,0.5748,2,3,0,1,3,0,1,3
1815,192,./side_view_dataset_videos/24.mov,Right,185.32,182,34.43,158,165,103,78,175,0.5421,1.6771,0.7199,0.7798,0.389,-0.0112,0.7798,0.2289,0.0268,3,3,0,3,3,2,2,3
1816,212,./side_view_dataset_videos/24.mov,Left,183.45,182,33.1,163,173,174,76,171,0.3516,1.676,0.3763,0.822,0.2737,-0.011,0.822,0.3259,0.2631,3,3,0,3,3,0,2,3
1817,233,./side_view_dataset_videos/24.mov,Right,183.45,155,25.11,169,170,124,72,170,-0.2003,1.765,0.3812,0.8199,-0.2789,-0.019,0.8199,0.2516,0.3171,3,3,0,2,3,0,3,3
1818,252,./side_view_dataset_videos/24.mov,Left,183.45,175,23.29,179,179,100,83,169,-1.0287,1.0176,-0.025,0.7068,-0.9421,-0.0303,0.7068,0.1262,-0.1833,3,3,0,0,3,2,1,3
1819,270,./side_view_dataset_videos/24.mov,Right,190.63,185,28.98,164,165,91,78,174,0.4319,1.6293,0.6069,0.7547,0.3172,-0.0072,0.7547,0.2057,-0.0358,3,3,0,3,3,3,2,3
1820,291,./side_view_dataset_videos/24.mov,Left,180.06,189,29.73,170,170,159,80,163,-1.6818,1.3413,-0.3958,0.9447,-1.6364,-0.0533,0.9447,0.0593,0.2931,3,3,0,1,3,0,1,3
1821,313,./side_view_dataset_videos/24.mov,Right,176.83,185,30.12,165,168,142,76,171,-0.228,1.677,0.4071,1.0241,-0.3427,-0.0103,1.0241,0.2734,0.3758,2,3,0,2,3,0,2,3
1822,330,./side_view_dataset_videos/24.mov,Left,184.79,233,27.47,159,165,45,84,171,-0.8054,0.7983,0.1944,0.5836,-0.8179,-0.0386,0.5836,0.2413,0.2038,3,3,0,3,3,0,1,3
1823,352,./side_view_dataset_videos/24.mov,Right,179.69,206,22.32,162,175,117,79,176,0.1946,1.6285,0.4455,0.7895,0.0982,-0.013,0.7895,0.1618,0.0786,2,3,0,3,3,1,2,3
1824,372,./side_view_dataset_videos/24.mov,Left,175.74,239,23.08,167,167,132,79,169,-0.716,0.6047,0.3855,0.5938,-0.7644,-0.0664,0.5938,0.3341,0.3192,2,3,0,2,3,0,2,3
1825,392,./side_view_dataset_videos/24.mov,Right,177.43,229,22.74,162,167,116,78,179,0.1591,1.6038,0.4451,0.7507,0.071,-0.0113,0.7507,0.0984,-0.0496,2,3,0,3,3,1,2,3
1826,411,./side_view_dataset_videos/24.mov,Left,182.53,273,23.09,179,179,43,79,170,-1.124,0.9361,-0.1036,0.6533,-1.0786,-0.0334,0.6533,0.2609,0.2815,3,2,0,0,3,0,2,3
1827,434,./side_view_dataset_videos/24.mov,Right,171.63,222,28.29,166,170,136,77,171,-0.2742,1.7622,0.1804,0.8702,-0.3492,-0.0163,0.8702,0.2369,0.2967,2,3,0,2,3,0,2,3
1828,480,./side_view_dataset_videos/24.mov,Left,154.78,212,33.43,174,176,171,84,148,-0.5625,1.5686,0.0771,0.8705,-0.7586,-0.0547,0.8705,-0.0333,-0.0773,0,3,0,1,3,0,1,1
1829,565,./side_view_dataset_videos/24.mov,Right,127.62,209,44.28,160,175,65,80,178,-1.7086,1.1813,-0.5546,0.6608,-1.5706,-0.0648,0.6608,-0.1135,-0.3062,0,3,0,3,3,2,1,3
1830,584,./side_view_dataset_videos/24.mov,Left,129.48,243,42.22,173,173,140,78,179,-1.4479,1.3166,-0.5637,0.7924,-1.2957,-0.0343,0.7924,0.0889,0.1392,0,3,0,1,3,0,2,3
1831,603,./side_view_dataset_videos/24.mov,Right,129.48,182,27.09,172,172,115,76,170,-1.4279,1.3067,-0.5243,0.6379,-1.3018,-0.074,0.6379,0.0466,-0.2546,0,3,0,1,3,1,2,3
1832,625,./side_view_dataset_videos/24.mov,Left,130.89,233,34.22,159,159,142,77,179,-1.5388,1.1257,-0.4385,0.7723,-1.3827,-0.0089,0.7723,-0.0114,-0.1764,0,3,0,3,2,0,2,3
1833,647,./side_view_dataset_videos/24.mov,Right,147.74,283,34.32,170,170,138,85,165,-1.7962,1.07,-0.5684,0.6927,-1.7966,-0.022,0.6927,0.2663,0.5717,0,2,0,1,3,0,0,3
1834,668,./side_view_dataset_videos/24.mov,Left,173.21,297,31.54,165,165,140,79,179,-1.7416,1.0301,-0.6238,0.6905,-1.6009,-0.0433,0.6905,-0.0168,-0.0757,2,1,0,2,3,0,2,3
1835,691,./side_view_dataset_videos/24.mov,Right,166.71,243,36.78,163,163,136,84,161,-1.9417,0.9963,-0.6447,0.6955,-1.9546,-0.0349,0.6955,0.3585,0.6208,1,3,0,3,2,0,1,3
1836,711,./side_view_dataset_videos/24.mov,Left,164.84,310,42.19,168,168,120,81,175,-1.5576,1.2965,-0.6878,0.7322,-1.4165,-0.0511,0.7322,0.1653,0.1328,1,0,0,2,3,0,1,3
1837,734,./side_view_dataset_videos/24.mov,Right,163.44,310,45.75,166,166,29,74,173,-1.3513,1.2139,-0.5547,0.7028,-1.2652,-0.0091,0.7028,0.0237,-0.1205,1,0,0,2,3,0,3,3
1838,756,./side_view_dataset_videos/24.mov,Left,163.44,324,34.9,166,175,173,81,179,-1.7319,1.1589,-0.5606,0.6744,-1.5744,-0.0631,0.6744,0.0572,0.1236,1,0,0,2,3,0,1,3
1839,781,./side_view_dataset_videos/24.mov,Right,158.02,266,36.97,162,168,144,87,165,-1.2174,1.0982,-0.5071,0.7018,-1.2378,-0.0133,0.7018,0.2857,0.5902,0,3,0,3,3,0,0,3
1840,801,./side_view_dataset_videos/24.mov,Left,162.66,273,41.24,168,168,140,83,172,-1.8071,1.3533,-0.6426,0.7356,-1.6178,-0.0417,0.7356,-0.0268,-0.3772,1,2,0,2,3,0,1,3
1841,825,./side_view_dataset_videos/24.mov,Right,156.74,263,37.58,168,174,177,80,166,-1.3096,1.1062,-0.425,0.5475,-1.3618,0.0125,0.5475,0.3001,0.2701,0,3,0,2,3,0,1,3
1842,845,./side_view_dataset_videos/24.mov,Left,161.37,263,39.55,164,179,145,77,173,-1.6689,1.013,-0.5637,0.6858,-1.5272,-0.0396,0.6858,0.0282,-0.051,1,3,0,3,3,0,2,3
1843,867,./side_view_dataset_videos/24.mov,Right,161.37,189,43.55,161,161,140,81,167,-1.8316,0.8186,-0.5361,0.6739,-1.7295,-0.0772,0.6739,0.1372,-0.0741,1,3,0,3,2,0,1,3
1844,883,./side_view_dataset_videos/24.mov,Left,177.36,239,34.11,172,172,133,79,176,-1.4593,1.3475,-0.5946,0.7622,-1.322,-0.0416,0.7622,0.0526,-0.1269,2,3,0,1,3,0,2,3
1845,904,./side_view_dataset_videos/24.mov,Right,175.66,233,24.61,157,157,84,77,171,-1.6486,0.9991,-0.5317,0.6455,-1.5335,-0.031,0.6455,0.0455,-0.3006,2,3,0,3,2,3,2,3
1846,922,./side_view_dataset_videos/24.mov,Left,185.53,182,25.19,161,161,146,72,178,-1.5599,1.2454,-0.4935,0.7827,-1.4177,-0.069,0.7827,0.0985,-0.2075,3,3,0,3,2,0,3,3
1847,28,./side_view_dataset_videos/25.mov,Right,0,218,16.52,175,175,57,54,178,0.4082,1.7091,0.4803,0.8186,0.2943,-0.0071,0.8186,0.1332,-0.3222,0,3,2,0,3,1,0,3
1848,49,./side_view_dataset_videos/25.mov,Left,170.05,210,25.13,176,176,165,51,163,0.3202,1.9036,0.3519,0.9848,0.3591,-0.0116,0.9848,0.111,-0.2317,2,3,0,0,3,0,0,3
1849,70,./side_view_dataset_videos/25.mov,Right,170.05,224,31.52,169,179,83,52,173,0.6988,1.5988,0.6512,0.6299,0.6104,0.0212,0.6299,0.2039,0.084,2,3,0,2,3,3,0,3
1850,89,./side_view_dataset_videos/25.mov,Left,176.02,189,38.89,179,179,170,37,162,0.4896,2.1541,0.3847,1.0234,0.4341,0.0001,1.0234,0.3749,0.3247,2,3,0,0,3,0,0,3
1851,111,./side_view_dataset_videos/25.mov,Right,172.59,184,32.17,179,179,83,40,172,0.0252,1.9551,0.2744,0.9337,0.0051,-0.0021,0.9337,0.1553,-0.2024,2,3,0,0,3,3,0,3
1852,129,./side_view_dataset_videos/25.mov,Left,177.75,174,26.83,179,179,155,28,174,0.1361,1.9164,0.194,0.9116,0.0989,-0.0085,0.9116,0.2895,0.43,2,3,0,0,3,0,0,3
1853,143,./side_view_dataset_videos/25.mov,Right,194.76,174,25.29,168,171,140,43,170,0.6809,1.7765,0.5857,0.7647,0.4976,0.0441,0.7647,0.3428,0.3287,3,3,0,2,3,0,0,3
1854,155,./side_view_dataset_videos/25.mov,Left,220.27,228,30.26,166,177,167,42,159,-0.3198,1.8161,0.026,0.8945,-0.2622,-0.0215,0.8945,0.1527,0.2324,3,3,0,2,3,0,0,2
1855,186,./side_view_dataset_videos/25.mov,Right,205.72,268,36.81,176,176,123,41,175,0.7079,1.8155,0.5267,0.8126,0.5573,0.035,0.8126,0.233,-0.2053,3,3,0,0,3,0,0,3
1856,203,./side_view_dataset_videos/25.mov,Left,215.26,319,45.26,179,179,159,36,163,0.6771,1.973,0.294,0.9821,0.7516,0.0326,0.9821,-0.0212,-0.0949,3,0,0,0,3,0,0,3
1857,228,./side_view_dataset_videos/25.mov,Right,204.15,336,31.19,176,176,49,47,172,0.7683,1.5417,0.5518,0.6321,0.6399,0.0053,0.6321,0.2615,0.2221,3,0,0,0,3,0,0,3
1858,23,./side_view_dataset_videos/26.mov,Right,0,433,17.82,168,168,71,43,176,-1.298,1.4993,-0.4388,0.7219,-1.1607,-0.089,0.7219,-0.0829,-0.3749,0,0,2,2,3,3,0,3
1859,49,./side_view_dataset_videos/26.mov,Left,138.26,392,41.8,170,170,148,56,179,-1.3462,1.3221,-0.5151,0.7595,-1.2046,-0.0813,0.7595,0.0522,0.0696,0,0,0,1,3,0,1,3
1860,70,./side_view_dataset_videos/26.mov,Right,154.72,400,45.48,167,167,13,52,177,-1.451,1.3547,-0.4713,0.6907,-1.3192,-0.084,0.6907,-0.0857,-0.1375,0,0,0,2,3,0,0,3
1861,95,./side_view_dataset_videos/26.mov,Left,151.07,367,24.77,170,170,124,49,172,-1.2226,1.3483,-0.4009,0.8441,-1.0288,-0.0546,0.8441,-0.1092,-0.1298,0,0,0,1,3,0,0,3
1862,111,./side_view_dataset_videos/26.mov,Right,169.47,323,33.05,157,159,148,47,168,-1.2144,1.3603,-0.3742,0.6838,-1.1099,-0.0545,0.6838,0.0992,0.0382,1,0,0,3,2,0,0,3
1863,134,./side_view_dataset_videos/26.mov,Left,166.84,270,41.61,166,166,132,49,176,-0.9622,1.6016,-0.3761,0.8494,-0.8121,-0.0637,0.8494,0.0869,-0.0546,1,2,0,2,3,0,0,3
1864,149,./side_view_dataset_videos/26.mov,Right,187.11,250,43.93,175,175,161,50,175,-0.8977,1.845,0.2467,0.9316,-0.8597,-0.0186,0.9316,0.0486,0.3174,3,3,0,0,3,0,0,3
1865,171,./side_view_dataset_videos/26.mov,Left,185.56,183,29.77,179,179,161,58,170,-0.0062,1.7169,0.0951,0.9079,0.0613,-0.0086,0.9079,0.0567,0.1116,3,3,0,0,3,0,1,3
1866,194,./side_view_dataset_videos/26.mov,Right,188.06,176,25.13,176,176,135,45,176,-0.1188,1.8365,0.321,0.9687,-0.2139,-0.0047,0.9687,0.1683,0.2685,3,3,0,0,3,0,0,3
1867,216,./side_view_dataset_videos/26.mov,Left,175.8,200,32.85,177,177,134,49,166,0.1823,1.7887,0.2958,0.8642,0.1567,-0.0129,0.8642,0.2225,0.2986,2,3,0,0,3,0,0,3
1868,237,./side_view_dataset_videos/26.mov,Right,178.78,223,28.45,169,169,76,49,171,0.4557,1.7459,0.4723,0.8036,0.3307,-0.0024,0.8036,0.2768,0.2212,2,3,0,2,3,3,0,3
1869,263,./side_view_dataset_videos/26.mov,Left,158.5,216,33.23,177,177,177,57,164,-0.1448,1.9394,0.1687,0.997,-0.0424,-0.0269,0.997,0.1043,0.1976,0,3,0,0,3,0,1,3
1870,290,./side_view_dataset_videos/26.mov,Right,152.45,227,45.0,161,163,153,62,160,-0.5311,1.7328,0.169,0.8947,-0.6048,-0.0259,0.8947,0.4344,0.6844,0,3,0,3,2,0,2,3
1871,308,./side_view_dataset_videos/26.mov,Left,161.13,270,39.33,175,178,152,70,165,-1.048,0.7842,-0.1969,0.8309,-0.9579,-0.091,0.8309,0.1879,0.209,1,2,0,0,3,0,3,3
1872,335,./side_view_dataset_videos/26.mov,Right,155.08,253,38.45,159,166,132,64,170,-0.1604,1.7695,0.3015,0.8505,-0.3196,-0.016,0.8505,0.3281,0.4561,0,3,0,3,3,0,2,3
1873,355,./side_view_dataset_videos/26.mov,Left,156.79,277,40.12,166,170,145,67,166,-0.8829,1.2715,0.0205,0.8684,-0.7923,-0.0436,0.8684,0.149,0.1184,0,2,0,2,3,0,3,3
1874,379,./side_view_dataset_videos/26.mov,Right,159.1,270,38.37,170,170,162,68,170,-0.0028,2.0826,0.4806,0.9783,-0.2228,-0.0189,0.9783,0.3933,0.6754,0,2,0,1,3,0,3,3
1875,401,./side_view_dataset_videos/26.mov,Left,165.15,283,45.42,158,170,153,78,169,-0.3644,1.8431,0.1591,0.9942,-0.2691,-0.0148,0.9942,0.0173,0.0725,1,2,0,3,3,0,2,3
1876,423,./side_view_dataset_videos/26.mov,Right,157.89,237,44.2,179,179,140,70,173,0.2667,1.921,0.4598,0.8797,0.2071,-0.019,0.8797,0.1828,0.3109,0,3,0,0,3,0,3,3
1877,440,./side_view_dataset_videos/26.mov,Left,173.55,220,53.29,179,179,72,44,162,1.0016,1.5531,0.6251,0.7418,0.9749,-0.0252,0.7418,0.1756,0.3006,2,3,0,0,3,3,0,3
1878,471,./side_view_dataset_videos/26.mov,Right,160.8,183,47.84,156,162,87,77,173,0.0516,1.6801,0.4039,0.6723,0.0319,-0.0162,0.6723,0.1415,0.544,1,3,0,3,2,3,2,3
1879,496,./side_view_dataset_videos/26.mov,Left,159.6,196,91.09,171,171,139,78,125,-0.0747,1.3138,0.1737,0.5508,-0.0714,-0.0151,0.5508,-0.8674,-1.3868,0,3,0,1,3,0,2,0
1880,514,./side_view_dataset_videos/26.mov,Right,166.86,216,66.03,160,162,115,114,178,0.5945,1.6435,0.6109,0.7484,0.4772,-0.042,0.7484,0.0844,-0.1668,1,3,0,3,2,1,0,3
1881,541,./side_view_dataset_videos/26.mov,Left,160.81,257,68.86,172,172,93,67,176,-0.9189,0.9955,0.0124,0.8495,-0.9617,-0.0231,0.8495,0.4108,0.6209,1,3,0,1,3,3,3,3
1882,566,./side_view_dataset_videos/26.mov,Right,147.28,283,52.06,177,177,140,65,176,0.0347,1.6828,0.4206,0.7789,-0.0748,-0.0184,0.7789,0.1689,0.4423,0,2,0,0,3,0,3,3
1883,591,./side_view_dataset_videos/26.mov,Left,152.84,313,55.0,177,177,147,59,158,-0.9943,1.0386,-0.0323,0.6145,-1.0528,-0.0338,0.6145,0.3983,0.3086,0,0,0,0,3,0,1,2
1884,617,./side_view_dataset_videos/26.mov,Right,151.74,300,51.94,179,179,122,58,166,-0.0862,1.5463,0.3593,0.7372,-0.2196,-0.017,0.7372,0.3664,0.3063,0,0,0,0,3,0,1,3
1885,636,./side_view_dataset_videos/26.mov,Left,149.63,330,51.79,177,177,55,57,173,-0.2788,1.5664,0.0457,0.8329,-0.2903,-0.0207,0.8329,0.2031,0.4664,0,0,0,0,3,1,1,3
1886,28,./side_view_dataset_videos/27.mov,Right,0,371,12.5,171,172,136,55,174,0.5269,1.6143,0.5981,0.7162,0.3727,-0.002,0.7162,0.2469,0.2866,0,0,3,1,3,0,1,3
1887,50,./side_view_dataset_videos/27.mov,Left,161.72,362,16.83,169,174,172,58,164,0.7709,1.6342,0.6524,0.7365,0.6522,-0.0121,0.7365,0.399,0.2669,1,0,2,2,3,0,1,3
1888,71,./side_view_dataset_videos/27.mov,Right,165.57,376,17.27,170,170,93,54,169,0.9023,1.6773,0.6884,0.6924,0.7776,0.0261,0.6924,0.3135,0.0225,1,0,2,1,3,3,0,3
1889,99,./side_view_dataset_videos/27.mov,Left,152.74,358,26.34,179,179,169,56,165,0.2324,1.9416,0.4015,0.957,0.1343,-0.0048,0.957,0.2813,0.4507,0,0,0,0,3,0,1,3
1890,120,./side_view_dataset_videos/27.mov,Right,156.91,367,30.58,176,176,101,45,175,0.6551,1.7061,0.4563,0.6772,0.5487,0.026,0.6772,0.2009,0.0039,0,0,0,0,3,2,0,3
1891,144,./side_view_dataset_videos/27.mov,Left,155.18,303,28.69,175,175,157,54,163,0.6468,1.6449,0.4752,0.7092,0.5516,0.0073,0.7092,0.2928,0.1023,0,0,0,0,3,0,0,3
1892,164,./side_view_dataset_videos/27.mov,Right,158.41,317,28.46,171,177,134,59,172,1.0076,1.6561,0.7227,0.6492,0.8538,0.0453,0.6492,0.2972,0.3252,0,0,0,1,3,0,1,3
1893,189,./side_view_dataset_videos/27.mov,Left,152.99,256,17.16,178,178,179,59,164,0.8299,1.5778,0.5394,0.6735,0.6737,0.0161,0.6735,0.3579,0.4207,0,3,2,0,3,0,1,3
1894,211,./side_view_dataset_videos/27.mov,Right,159.92,246,19.36,170,178,125,59,170,1.0707,1.6091,0.72,0.6449,0.9112,0.029,0.6449,0.3251,0.2303,0,3,1,1,3,0,1,3
1895,226,./side_view_dataset_videos/27.mov,Left,173.47,276,18.1,152,178,147,56,165,0.2324,1.3485,0.5275,0.6121,0.1811,-0.0149,0.6121,0.2691,0.4259,2,2,1,2,3,0,1,3
1896,260,./side_view_dataset_videos/27.mov,Right,164.75,330,37.63,172,172,133,54,174,0.742,1.7764,0.5792,0.7225,0.5878,0.0244,0.7225,0.2626,0.3187,1,0,0,1,3,0,0,3
1897,287,./side_view_dataset_videos/27.mov,Left,155.53,290,45.67,172,172,177,52,169,-0.2292,1.9858,0.1775,0.984,-0.1839,-0.0021,0.984,0.0922,-0.0074,0,1,0,1,3,0,0,3
1898,308,./side_view_dataset_videos/27.mov,Right,160.95,327,30.08,172,172,138,52,179,0.5188,1.8869,0.4311,0.8387,0.3998,0.0002,0.8387,0.1277,-0.209,1,0,0,1,3,0,0,3
1899,335,./side_view_dataset_videos/27.mov,Left,154.96,317,29.24,178,178,171,50,169,-0.2755,1.7837,0.167,0.9333,-0.2351,-0.0159,0.9333,0.0142,-0.012,0,0,0,0,3,0,0,3
1900,353,./side_view_dataset_videos/27.mov,Right,147.05,259,25.73,173,173,146,51,171,0.5084,1.7226,0.4371,0.7766,0.4037,-0.0001,0.7766,0.259,0.3078,0,3,0,1,3,0,0,3
1901,379,./side_view_dataset_videos/27.mov,Left,153.49,256,24.93,173,173,2,44,169,-0.3817,1.4144,0.2017,0.771,-0.4466,-0.0431,0.771,0.3577,0.4288,0,3,0,1,3,0,0,3
1902,398,./side_view_dataset_videos/27.mov,Right,164.59,269,24.09,165,165,44,50,175,0.5107,1.89,0.4515,0.8375,0.452,-0.0012,0.8375,-0.0169,-0.1432,1,3,0,2,3,0,0,3
1903,424,./side_view_dataset_videos/27.mov,Left,158.07,256,21.5,179,179,157,46,172,-0.2158,1.6907,0.2529,0.8244,-0.2696,-0.0194,0.8244,0.3107,0.3743,0,3,0,0,3,0,0,3
1904,444,./side_view_dataset_videos/27.mov,Right,167.3,259,25.73,168,173,87,51,171,0.1496,1.771,0.455,0.8185,-0.0397,-0.0081,0.8185,0.3349,0.1459,1,3,0,2,3,3,0,3
1905,467,./side_view_dataset_videos/27.mov,Left,158.7,246,26.53,177,179,2,57,177,0.1958,1.6063,0.4903,0.7491,0.0057,-0.0032,0.7491,0.4233,0.7739,0,3,0,0,3,0,1,3
1906,488,./side_view_dataset_videos/27.mov,Right,165.22,259,31.08,162,178,136,62,171,0.8312,1.7843,0.8048,0.7166,0.619,0.0019,0.7166,0.3736,0.3538,1,3,0,3,3,0,2,3
1907,510,./side_view_dataset_videos/27.mov,Left,160.11,229,33.88,174,175,156,57,164,0.8222,1.6791,0.5439,0.7635,0.8362,-0.0149,0.7635,0.2155,0.3485,1,3,0,1,3,0,1,3
1908,532,./side_view_dataset_videos/27.mov,Right,165.09,263,19.02,170,172,118,50,176,0.9189,1.6468,0.6899,0.6938,0.7136,0.0188,0.6938,0.2697,0.1828,1,3,1,1,3,1,0,3
1909,555,./side_view_dataset_videos/27.mov,Left,160.45,296,15.19,171,171,178,58,163,0.7512,1.4387,0.5215,0.5862,0.6411,0.0299,0.5862,0.2877,0.3568,1,1,2,1,3,0,1,3
1910,582,./side_view_dataset_videos/27.mov,Right,155.87,320,32.5,171,171,103,54,177,0.6391,1.5728,0.58,0.6335,0.5049,0.0169,0.6335,0.1846,-0.2171,0,0,0,1,3,2,0,3
1911,603,./side_view_dataset_videos/27.mov,Left,155.87,333,46.78,179,179,178,48,155,0.8528,1.8504,0.4912,0.793,0.7837,0.0426,0.793,0.2659,0.2726,0,0,0,0,3,0,0,2
1912,631,./side_view_dataset_videos/27.mov,Right,148.93,360,26.13,168,168,179,51,179,0.3369,1.6165,0.4067,0.7388,0.2457,-0.0037,0.7388,0.0946,-0.2853,0,0,0,2,3,0,0,3
1913,651,./side_view_dataset_videos/27.mov,Left,152.17,293,46.07,178,179,167,43,178,-0.7706,1.6647,0.0302,0.738,-0.793,-0.0502,0.738,0.1242,0.7395,0,1,0,0,3,0,0,3
1914,676,./side_view_dataset_videos/27.mov,Right,149.69,269,45.66,171,172,153,47,179,0.6314,1.709,0.518,0.7357,0.4927,0.0036,0.7357,0.1403,0.2859,0,3,0,1,3,0,0,3
1915,701,./side_view_dataset_videos/27.mov,Left,151.8,259,53.59,177,177,84,54,166,-1.0091,1.6632,0.1692,0.9038,-1.1259,-0.0263,0.9038,0.4295,0.913,0,3,0,0,3,3,0,3
1916,722,./side_view_dataset_videos/27.mov,Right,151.8,236,45.92,175,175,54,47,179,0.6,1.7066,0.4299,0.774,0.4698,0.0081,0.774,0.139,0.0189,0,3,0,0,3,1,0,3
1917,748,./side_view_dataset_videos/27.mov,Left,153.76,205,39.98,179,179,34,49,168,-0.2079,1.7753,-0.0716,0.978,-0.1726,-0.0038,0.978,0.0819,0.2872,0,3,0,0,3,0,0,3
1918,769,./side_view_dataset_videos/27.mov,Right,152.06,252,35.42,170,170,76,48,179,0.4267,1.707,0.4083,0.7848,0.3098,-0.0024,0.7848,0.1326,0.002,0,3,0,1,3,3,0,3
1919,792,./side_view_dataset_videos/27.mov,Left,154.54,256,39.76,177,177,105,47,166,0.3762,1.6129,0.3289,0.7685,0.3058,0.0014,0.7685,0.272,0.5779,0,3,0,0,3,2,0,3
1920,816,./side_view_dataset_videos/27.mov,Right,155.72,249,26.34,160,167,144,53,179,0.0477,1.8056,0.3639,0.9291,0.0083,-0.0156,0.9291,0.0307,-0.1193,0,3,0,3,3,0,0,3
1921,836,./side_view_dataset_videos/27.mov,Left,157.42,198,35.14,173,173,76,55,177,-0.3533,1.1927,0.243,0.6404,-0.3663,-0.0579,0.6404,0.2901,0.5433,0,3,0,1,3,3,1,3
1922,860,./side_view_dataset_videos/27.mov,Right,159.7,225,23.59,169,169,11,62,175,0.4277,1.5314,0.4207,0.6217,0.4177,-0.0316,0.6217,0.0858,0.0187,0,3,0,2,3,0,2,3
1923,883,./side_view_dataset_videos/27.mov,Left,156.75,215,56.36,179,179,49,50,164,0.0751,1.776,0.3664,0.9025,0.0105,-0.0313,0.9025,0.2505,0.2703,0,3,0,0,3,0,0,3
1924,33,./side_view_dataset_videos/28.mov,Left,0,423,47.22,166,166,151,70,177,-1.4768,1.2429,-0.5157,0.7367,-1.3279,-0.0295,0.7367,-0.0145,-0.0434,0,0,0,2,3,0,3,3
1925,58,./side_view_dataset_videos/28.mov,Right,141.64,271,52.91,166,172,96,65,163,-1.4073,1.37,-0.4002,0.7956,-1.4496,-0.0624,0.7956,0.3296,0.6567,0,2,0,2,3,3,3,3
1926,74,./side_view_dataset_videos/28.mov,Left,181.48,231,65.8,172,172,160,58,157,-0.3211,1.7922,0.2353,0.9462,-0.2102,-0.012,0.9462,0.0222,0.2342,3,3,0,1,3,0,1,2
1927,100,./side_view_dataset_videos/28.mov,Right,166.38,216,55.96,176,176,129,64,171,0.3433,1.5057,0.4168,0.6708,0.1794,-0.0055,0.6708,0.3181,0.3319,1,3,0,0,3,0,2,3
1928,121,./side_view_dataset_videos/28.mov,Left,166.94,183,79.58,179,179,166,65,179,-0.8429,1.8766,-0.3331,0.8711,-0.8318,-0.0181,0.8711,0.1864,0.6217,1,3,0,0,3,0,3,3
1929,155,./side_view_dataset_videos/28.mov,Right,154.38,128,60.28,172,172,151,60,166,0.238,1.5158,0.5212,0.6629,0.111,-0.0121,0.6629,0.3628,0.6154,0,3,0,1,3,0,2,3
1930,173,./side_view_dataset_videos/28.mov,Left,165.4,125,60.4,178,178,169,61,166,0.6277,1.5549,0.3745,0.7558,0.6785,-0.013,0.7558,0.062,0.3606,1,3,0,0,3,0,2,3
1931,209,./side_view_dataset_videos/28.mov,Right,140.81,135,56.03,157,168,7,75,177,0.5385,1.5766,0.5406,0.6618,0.5257,-0.0078,0.6618,0.0573,-0.266,0,3,0,3,3,0,2,3
1932,225,./side_view_dataset_videos/28.mov,Left,157.83,206,56.65,157,178,153,53,162,0.5745,1.7733,0.5475,0.8409,0.5733,-0.0138,0.8409,0.1229,0.3814,0,3,0,3,3,0,0,3
1933,259,./side_view_dataset_videos/28.mov,Right,144.94,233,65.26,162,170,101,71,175,0.5178,1.6269,0.6796,0.7101,0.4179,-0.0069,0.7101,0.1761,0.0017,0,3,0,3,3,2,3,3
1934,281,./side_view_dataset_videos/28.mov,Left,156.3,284,65.54,174,177,163,65,173,0.1641,1.6753,-0.1837,0.8672,0.1844,0.0147,0.8672,0.2124,0.5443,0,2,0,1,3,0,3,3
1935,313,./side_view_dataset_videos/28.mov,Right,139.09,301,63.58,170,170,132,58,174,0.4262,1.594,0.6233,0.7092,0.277,-0.0082,0.7092,0.2505,0.3555,0,0,0,1,3,0,1,3
1936,342,./side_view_dataset_videos/28.mov,Left,143.83,315,66.87,178,178,157,60,174,-1.0434,1.0457,-0.0135,0.8078,-1.0294,-0.0421,0.8078,0.1469,0.4383,0,0,0,0,3,0,2,3
1937,368,./side_view_dataset_videos/28.mov,Right,126.81,240,67.43,174,174,139,63,164,0.1004,1.5638,0.5192,0.6669,0.0262,-0.0101,0.6669,0.354,0.5031,0,3,0,1,3,0,2,3
1938,394,./side_view_dataset_videos/28.mov,Left,133.22,257,51.33,179,179,120,67,170,-0.44,1.5031,0.0371,0.6848,-0.5197,-0.0198,0.6848,0.4942,0.4759,0,3,0,0,3,0,3,3
1939,421,./side_view_dataset_videos/28.mov,Right,127.26,210,39.51,159,166,150,55,171,-0.0678,1.5248,0.3029,0.754,-0.1201,-0.0139,0.754,0.1977,-0.2234,0,3,0,3,3,0,1,3
1940,444,./side_view_dataset_videos/28.mov,Left,135.92,213,42.37,179,179,162,65,170,0.108,1.4793,0.3095,0.6509,0.0178,-0.0052,0.6509,0.5098,0.7456,0,3,0,0,3,0,3,3
1941,471,./side_view_dataset_videos/28.mov,Right,137.73,196,37.3,170,170,120,63,172,-0.0407,1.7196,0.3608,0.8107,-0.0846,-0.0076,0.8107,0.1708,0.1447,0,3,0,1,3,0,2,3
1942,491,./side_view_dataset_videos/28.mov,Left,145.9,183,40.7,177,179,38,66,176,-0.0474,1.5233,-0.0076,0.765,-0.1191,-0.0097,0.765,0.2484,0.5348,0,3,0,0,3,0,3,3
1943,517,./side_view_dataset_videos/28.mov,Right,145.9,172,42.33,159,165,66,58,179,0.1712,1.8175,0.4842,1.0474,0.0664,-0.0169,1.0474,0.1137,-0.2232,0,3,0,3,3,2,1,3
1944,539,./side_view_dataset_videos/28.mov,Left,151.86,183,38.55,179,179,144,70,165,0.2491,1.7898,0.3865,0.819,0.1731,-0.0236,0.819,0.2543,0.1601,0,3,0,0,3,0,3,3
1945,563,./side_view_dataset_videos/28.mov,Right,150.58,179,24.53,160,170,96,61,174,-0.084,1.7347,0.2332,0.8612,-0.1198,-0.0566,0.8612,0.1289,-0.1426,0,3,0,3,3,3,2,3
1946,585,./side_view_dataset_videos/28.mov,Left,156.54,199,30.58,179,179,160,61,169,-1.0536,1.4922,0.0228,0.9297,-1.009,-0.0296,0.9297,0.0959,0.1883,0,3,0,0,3,0,2,3
1947,609,./side_view_dataset_videos/28.mov,Right,150.64,213,34.52,174,174,134,66,172,-0.2457,1.7632,0.2585,0.8723,-0.2985,-0.0185,0.8723,0.1895,0.4234,0,3,0,1,3,0,3,3
1948,626,./side_view_dataset_videos/28.mov,Left,165.06,179,33.02,178,178,118,57,167,-0.6539,1.3693,0.0442,0.7665,-0.5965,-0.0452,0.7665,0.0488,-0.1323,1,3,0,0,3,1,1,3
1949,13,./side_view_dataset_videos/29.mov,Right,0,357,9.16,168,168,123,47,178,1.0505,1.8928,0.723,0.8358,0.8855,0.0359,0.8358,0.1985,0.3399,0,0,3,2,3,0,0,3
1950,35,./side_view_dataset_videos/29.mov,Left,160.4,408,29.5,179,179,153,44,170,0.8031,1.8227,0.5594,0.8353,0.6665,0.0389,0.8353,0.3225,0.6256,1,0,0,0,3,0,0,3
1951,62,./side_view_dataset_videos/29.mov,Right,145.54,351,27.35,179,179,129,49,170,0.0989,1.7142,0.3604,0.8035,0.0396,0.0017,0.8035,0.2214,0.2997,0,0,0,0,3,0,0,3
1952,77,./side_view_dataset_videos/29.mov,Left,175.45,344,24.89,178,178,139,34,167,0.0864,1.8859,0.2265,0.9548,0.1161,-0.0145,0.9548,0.2314,0.0778,2,0,0,0,3,0,0,3
1953,97,./side_view_dataset_videos/29.mov,Right,175.69,333,24.38,166,166,110,46,175,0.635,1.8206,0.5511,0.7993,0.5218,0.0148,0.7993,0.1906,0.1266,2,0,0,2,3,2,0,3
1954,121,./side_view_dataset_videos/29.mov,Left,169.96,275,33.83,177,177,176,47,168,0.4337,1.993,0.399,0.9696,0.427,-0.003,0.9696,0.271,0.4084,1,2,0,0,3,0,0,3
1955,143,./side_view_dataset_videos/29.mov,Right,169.96,248,32.9,168,168,41,47,179,0.6332,1.6379,0.5185,0.7027,0.5055,0.0137,0.7027,0.1241,-0.318,1,3,0,2,3,0,0,3
1956,167,./side_view_dataset_videos/29.mov,Left,173.23,272,41.83,177,178,100,43,168,0.4563,1.6062,0.2805,0.7383,0.4093,-0.0017,0.7383,0.2035,0.484,2,2,0,0,3,2,0,3
1957,189,./side_view_dataset_videos/29.mov,Right,158.26,265,34.07,162,164,81,42,179,0.4449,1.7162,0.5532,0.7489,0.3159,-0.0022,0.7489,0.1399,-0.2104,0,3,0,3,2,3,0,3
1958,211,./side_view_dataset_videos/29.mov,Left,155.05,265,42.45,165,177,173,50,159,0.6228,1.6947,0.4511,0.7603,0.596,0.0021,0.7603,0.104,-0.0764,0,3,0,2,3,0,0,2
1959,235,./side_view_dataset_videos/29.mov,Right,155.05,302,23.2,170,172,27,55,178,0.6042,1.7704,0.475,0.7614,0.5213,0.0011,0.7614,0.1162,-0.035,0,0,0,1,3,0,1,3
1960,259,./side_view_dataset_videos/29.mov,Left,152.38,292,42.85,177,177,130,44,166,-0.0453,1.6523,0.1154,0.7872,-0.0241,-0.0073,0.7872,0.0969,0.0414,0,1,0,0,3,0,0,3
1961,285,./side_view_dataset_videos/29.mov,Right,150.11,258,41.58,177,177,146,48,170,-0.2499,1.7832,0.2469,0.905,-0.3391,-0.0116,0.905,0.2519,0.4399,0,3,0,0,3,0,0,3
1962,307,./side_view_dataset_videos/29.mov,Left,150.11,238,32.3,179,179,170,44,177,-0.2721,1.7093,0.2287,0.881,-0.419,-0.0141,0.881,0.5698,0.7074,0,3,0,0,3,0,0,3
1963,326,./side_view_dataset_videos/29.mov,Right,155.18,241,28.12,169,169,46,54,176,-0.62,1.5638,0.2701,0.832,-0.6222,-0.0562,0.832,0.0683,-0.1859,0,3,0,2,3,0,0,3
1964,347,./side_view_dataset_videos/29.mov,Left,159.38,261,40.94,179,179,33,42,176,0.1306,1.7465,0.0785,0.8591,-0.0054,-0.0224,0.8591,0.3915,0.8417,0,3,0,0,3,0,0,3
1965,374,./side_view_dataset_videos/29.mov,Right,156.11,248,39.16,171,171,133,51,170,-0.0969,1.6942,0.3884,0.8849,-0.096,-0.0122,0.8849,0.1662,0.3278,0,3,0,1,3,0,0,3
1966,394,./side_view_dataset_videos/29.mov,Left,164.26,224,36.36,175,175,32,42,176,0.2125,1.7403,0.4271,0.8711,0.031,-0.0094,0.8711,0.4121,0.9048,1,3,0,0,3,0,0,3
1967,419,./side_view_dataset_videos/29.mov,Right,160.41,231,32.18,166,166,120,61,176,-0.4015,1.7294,0.1743,0.8623,-0.3396,-0.0099,0.8623,-0.0067,0.0396,1,3,0,2,3,0,2,3
1968,434,./side_view_dataset_videos/29.mov,Left,170.31,251,35.13,175,178,75,41,166,0.5606,1.7193,0.1322,0.8397,0.613,-0.0204,0.8397,0.038,0.0491,2,3,0,0,3,3,0,3
1969,458,./side_view_dataset_videos/29.mov,Right,166.11,234,35.94,170,175,54,40,177,0.5223,1.7661,0.383,0.7432,0.4457,0.0007,0.7432,0.1129,0.0303,1,3,0,1,3,1,0,3
1970,28,./side_view_dataset_videos/30.mov,Right,0,237,46.44,168,174,67,48,164,-1.2565,1.6861,-0.3665,0.8462,-1.3143,-0.0697,0.8462,0.3299,0.6626,0,3,0,2,3,2,0,3
1971,43,./side_view_dataset_videos/30.mov,Left,235.64,237,57.04,172,178,144,59,176,-0.4618,1.3144,0.307,0.7831,-0.5428,-0.0067,0.7831,0.4053,0.7191,3,3,0,1,3,0,1,3
1972,63,./side_view_dataset_videos/30.mov,Right,206.18,271,57.54,158,172,101,58,170,0.6978,1.6039,0.6532,0.5589,0.5159,0.0191,0.5589,0.3523,0.4946,3,2,0,3,3,2,1,3
1973,93,./side_view_dataset_videos/30.mov,Left,176.73,292,47.14,176,176,15,60,172,-0.589,1.3705,0.2081,0.6874,-0.6844,-0.0644,0.6874,0.3888,0.6826,2,1,0,0,3,0,2,3
1974,120,./side_view_dataset_videos/30.mov,Right,165.27,288,51.89,171,171,102,52,169,0.6557,1.6889,0.5462,0.7704,0.5299,0.0047,0.7704,0.316,0.3882,1,1,0,1,3,2,0,3
1975,145,./side_view_dataset_videos/30.mov,Left,160.49,254,75.27,178,179,120,54,171,-0.6898,1.6496,-0.2067,0.7219,-0.7819,0.0014,0.7219,0.4503,1.1084,1,3,0,0,3,0,0,3
1976,176,./side_view_dataset_videos/30.mov,Right,136.17,258,63.82,165,165,103,64,176,0.4226,1.8872,0.4958,0.8753,0.2955,-0.0017,0.8753,0.1915,0.208,0,3,0,2,3,2,2,3
1977,201,./side_view_dataset_videos/30.mov,Left,129.1,308,48.39,168,171,53,66,171,-1.0983,0.7685,-0.2351,0.7862,-1.0998,-0.0225,0.7862,0.2648,0.6426,0,0,0,2,3,1,3,3
1978,236,./side_view_dataset_videos/30.mov,Right,125.74,254,480.23,159,159,149,33,111,-0.3764,1.0431,-0.4964,0.194,-0.327,-0.0363,0.194,-0.9681,-1.2708,0,3,0,3,2,0,0,0
1979,252,./side_view_dataset_videos/30.mov,Left,143.74,217,135.58,179,179,177,149,172,-0.5184,1.7614,-0.2602,0.8284,-0.4082,-0.006,0.8284,-0.019,0.1961,0,3,0,0,3,0,0,3
1980,282,./side_view_dataset_videos/30.mov,Right,139.02,264,129.15,163,163,9,50,172,0.5594,1.7424,0.446,0.7356,0.58,0.0055,0.7356,0.1064,-0.2205,0,3,0,3,2,0,0,3
1981,309,./side_view_dataset_videos/30.mov,Left,142.4,319,50.3,179,179,177,48,165,-0.8681,0.7982,0.1815,0.714,-0.9427,-0.0528,0.714,0.5159,0.559,0,0,0,0,3,0,0,3
1982,340,./side_view_dataset_videos/30.mov,Right,136.93,244,52.89,167,167,75,63,172,0.0665,1.8107,0.4152,0.8621,0.0945,-0.0094,0.8621,0.104,-0.0117,0,3,0,2,3,3,2,3
1983,361,./side_view_dataset_videos/30.mov,Left,150.39,237,41.13,179,179,67,56,169,-0.8158,1.3805,0.0579,0.7944,-0.802,-0.0377,0.7944,0.3397,0.7803,0,3,0,0,3,2,1,3
1984,390,./side_view_dataset_videos/30.mov,Right,130.59,271,54.15,160,163,65,69,172,0.8005,1.8533,0.7581,0.8806,0.6422,0.0023,0.8806,0.2935,0.4002,0,2,0,3,2,2,3,3
1985,417,./side_view_dataset_videos/30.mov,Left,133.21,359,75.91,173,178,110,65,170,-1.0134,1.1965,-0.2625,0.6967,-0.8707,-0.0231,0.6967,0.0895,0.1079,0,0,0,1,3,2,3,3
1986,461,./side_view_dataset_videos/30.mov,Right,123.09,281,84.39,173,177,141,50,164,-0.3575,1.4875,0.2487,0.8662,-0.378,-0.0753,0.8662,-0.2483,-0.6014,0,2,0,1,3,0,0,3
1987,20,./side_view_dataset_videos/31.mov,Left,0,351,14.36,163,163,78,47,178,-0.785,1.039,-0.2563,0.5881,-0.7159,-0.0724,0.5881,0.1868,0.1989,0,0,3,3,2,3,0,3
1988,41,./side_view_dataset_videos/31.mov,Right,170.54,351,15.25,162,162,68,46,172,-0.996,1.1716,-0.3577,0.7259,-0.9701,-0.0795,0.7259,0.1098,0.3278,2,0,2,3,2,2,0,3
1989,62,./side_view_dataset_videos/31.mov,Left,170.54,357,13.62,169,169,61,50,177,-0.8371,1.0643,-0.3248,0.6019,-0.7762,-0.0603,0.6019,0.2303,0.2737,2,0,3,2,3,2,0,3
1990,84,./side_view_dataset_videos/31.mov,Right,167.95,356,16.03,162,162,61,56,172,-1.043,1.1797,-0.3752,0.7442,-1.0336,-0.088,0.7442,0.125,0.3087,1,0,2,3,2,2,1,3
1991,105,./side_view_dataset_videos/31.mov,Left,168.6,358,15.83,168,168,145,49,179,-0.8519,1.0314,-0.2571,0.6114,-0.7758,-0.0771,0.6114,0.2078,0.0728,1,0,2,2,3,0,0,3
1992,127,./side_view_dataset_videos/31.mov,Right,167.44,358,17.06,169,169,60,64,177,-1.061,1.1259,-0.3223,0.7376,-1.1102,-0.0949,0.7376,0.0916,0.2617,1,0,2,2,3,2,2,3
1993,148,./side_view_dataset_videos/31.mov,Left,167.44,365,18.17,165,165,86,52,176,-0.9861,0.9935,-0.2988,0.6333,-0.9116,-0.0854,0.6333,0.1326,0.2502,1,0,1,2,3,3,0,3
1994,171,./side_view_dataset_videos/31.mov,Right,164.47,325,20.13,166,166,53,54,179,-1.1213,1.1133,-0.3726,0.76,-1.1789,-0.1019,0.76,0.0705,0.3079,1,0,1,2,3,1,0,3
1995,191,./side_view_dataset_videos/31.mov,Left,167.72,328,19.56,169,169,68,56,175,-0.8952,0.9941,-0.3167,0.5584,-0.8198,-0.0732,0.5584,0.1189,0.1596,1,0,1,2,3,2,1,3
1996,213,./side_view_dataset_videos/31.mov,Right,166.17,328,21.32,162,179,52,64,171,-1.0571,1.114,-0.3687,0.7352,-1.0561,-0.0888,0.7352,0.1519,0.4032,1,0,0,3,3,1,2,3
1997,235,./side_view_dataset_videos/31.mov,Left,166.17,331,17.2,164,164,66,52,175,-0.9348,0.9754,-0.3188,0.5733,-0.8581,-0.0779,0.5733,0.1287,0.2243,1,0,2,3,2,2,0,3
1998,257,./side_view_dataset_videos/31.mov,Right,164.62,331,18.25,162,162,55,54,172,-1.0365,1.1145,-0.3372,0.7333,-1.0496,-0.0827,0.7333,0.1487,0.3997,1,0,1,3,2,1,0,3
1999,280,./side_view_dataset_videos/31.mov,Left,164.62,378,21.86,165,165,67,56,174,-0.9611,0.9315,-0.2932,0.5943,-0.9002,-0.0825,0.5943,0.1251,0.1961,1,0,0,2,3,2,1,3
2000,304,./side_view_dataset_videos/31.mov,Right,158.66,375,23.12,166,169,39,58,174,-1.1017,1.0699,-0.3511,0.7417,-1.1423,-0.0987,0.7417,0.1363,0.4187,0,0,0,2,3,0,1,3
2001,325,./side_view_dataset_videos/31.mov,Left,160.21,385,18.73,167,167,65,57,177,-0.9522,0.9855,-0.3051,0.5911,-0.8773,-0.0813,0.5911,0.1635,0.2576,1,0,1,2,3,2,1,3
2002,350,./side_view_dataset_videos/31.mov,Right,156.3,381,18.52,164,164,58,55,175,-1.1539,1.0503,-0.3732,0.7365,-1.173,-0.0957,0.7365,0.1044,0.4028,0,0,1,3,2,1,1,3
2003,371,./side_view_dataset_videos/31.mov,Left,157.85,381,20.63,164,164,69,55,176,-0.9583,0.9889,-0.2684,0.6229,-0.8889,-0.0814,0.6229,0.168,0.2452,0,0,1,3,2,2,1,3
2004,394,./side_view_dataset_videos/31.mov,Right,157.85,371,21.58,168,168,57,55,177,-0.5049,1.108,0.0494,0.6864,-0.5654,-0.0324,0.6864,0.1048,0.3848,0,0,0,2,3,1,1,3
2005,415,./side_view_dataset_videos/31.mov,Left,162.11,378,19.13,167,167,71,57,177,-0.9264,0.9805,-0.3011,0.5871,-0.8576,-0.0833,0.5871,0.1564,0.1961,1,0,1,2,3,3,1,3
2006,438,./side_view_dataset_videos/31.mov,Right,159.15,328,20.77,163,166,55,53,174,-1.1112,1.0526,-0.3255,0.7585,-1.1584,-0.1011,0.7585,0.1482,0.4306,0,0,1,3,3,1,0,3
2007,460,./side_view_dataset_videos/31.mov,Left,163.05,335,16.66,162,162,140,59,178,-0.8872,1.0329,-0.287,0.6071,-0.8037,-0.0766,0.6071,0.1464,-0.0792,1,0,2,3,2,0,1,3
2008,483,./side_view_dataset_videos/31.mov,Right,160.09,331,16.07,167,167,55,62,177,-1.1445,1.0865,-0.3622,0.7461,-1.1982,-0.0861,0.7461,0.0982,0.3313,1,0,2,2,3,1,2,3
2009,505,./side_view_dataset_videos/31.mov,Left,161.5,338,15.52,163,163,55,55,179,-0.8856,1.001,-0.2302,0.6317,-0.8163,-0.0799,0.6317,0.1692,0.0564,1,0,2,3,2,1,1,3
2010,528,./side_view_dataset_videos/31.mov,Right,158.54,328,18.12,167,176,48,58,176,-1.1103,1.1226,-0.3573,0.7541,-1.161,-0.0806,0.7541,0.1093,0.3286,0,0,1,2,3,0,1,3
2011,548,./side_view_dataset_videos/31.mov,Left,163.21,381,18.0,164,164,56,51,179,-0.813,1.1119,-0.2891,0.6062,-0.7399,-0.0676,0.6062,0.1676,0.106,1,0,2,3,2,1,0,3
2012,574,./side_view_dataset_videos/31.mov,Right,158.2,375,16.06,164,164,56,55,174,-0.8427,0.9665,-0.0312,0.71,-0.8834,-0.0538,0.71,0.1386,0.4397,0,0,2,3,2,1,1,3
2013,595,./side_view_dataset_videos/31.mov,Left,161.17,392,14.78,162,176,57,56,177,-0.9612,0.9676,-0.2887,0.6111,-0.873,-0.0775,0.6111,0.1688,0.0884,1,0,3,3,3,1,1,3
2014,622,./side_view_dataset_videos/31.mov,Right,155.14,375,17.95,162,162,60,59,173,0.5296,1.2043,0.6517,0.4558,0.4313,-0.0264,0.4558,0.2041,0.2787,0,0,2,3,2,2,1,3
2015,640,./side_view_dataset_videos/31.mov,Left,163.79,378,15.11,162,162,70,52,178,-1.0354,0.9119,-0.3073,0.6269,-0.9489,-0.0668,0.6269,0.1688,0.2077,1,0,2,3,2,3,0,3
2016,661,./side_view_dataset_videos/31.mov,Right,162.08,361,15.02,166,166,55,66,172,-1.0594,1.0507,-0.3364,0.6892,-1.0693,-0.0964,0.6892,0.1482,0.3934,1,0,2,2,3,1,3,3
2017,682,./side_view_dataset_videos/31.mov,Left,168.64,368,11.72,161,161,65,56,179,-0.8903,0.9998,-0.2811,0.6043,-0.8229,-0.0854,0.6043,0.195,0.2344,1,0,3,3,2,2,1,3
2018,705,./side_view_dataset_videos/31.mov,Right,165.68,348,14.36,170,176,55,58,173,-1.0916,1.09,-0.3784,0.7129,-1.1283,-0.0952,0.7129,0.1591,0.2703,1,0,3,1,3,1,1,3
2019,726,./side_view_dataset_videos/31.mov,Left,173.25,308,14.26,166,166,49,50,179,-0.8334,1.1209,-0.3205,0.6187,-0.7739,-0.0663,0.6187,0.2274,0.2616,2,0,3,2,3,0,0,3
2020,18,./side_view_dataset_videos/32.mov,Left,0,300,12.63,166,166,77,70,173,-1.0295,0.8478,-0.3627,0.5566,-1.0262,-0.0709,0.5566,0.2665,0.3564,0,1,3,2,3,3,3,3
2021,36,./side_view_dataset_videos/32.mov,Right,200.0,191,16.06,162,162,60,65,172,-1.0495,1.1677,-0.4368,0.7166,-0.9926,-0.0789,0.7166,0.0675,0.2723,3,3,2,3,2,2,3,3
2022,47,./side_view_dataset_videos/32.mov,Left,263.64,183,18.62,179,179,124,58,177,-0.0489,1.3702,0.2362,0.7054,-0.0519,-0.0089,0.7054,0.1625,0.2792,3,3,1,0,3,0,1,3
2023,70,./side_view_dataset_videos/32.mov,Right,227.93,175,19.96,177,177,84,68,175,-0.1877,1.2885,0.3169,0.6013,-0.108,-0.0231,0.6013,-0.0033,-0.0608,3,3,1,0,3,3,3,3
2024,87,./side_view_dataset_videos/32.mov,Left,223.89,183,21.03,174,174,125,64,177,-0.3691,1.2176,0.1653,0.6936,-0.3185,0.0264,0.6936,0.0926,0.0262,3,3,0,1,3,0,2,3
2025,111,./side_view_dataset_videos/32.mov,Right,209.11,163,21.27,178,178,82,68,173,-0.227,1.1774,0.3846,0.6552,-0.1728,-0.0635,0.6552,0.0561,0.0127,3,3,0,0,3,3,3,3
2026,130,./side_view_dataset_videos/32.mov,Left,207.01,196,20.51,167,167,134,72,177,-0.3098,1.0659,0.2348,0.6791,-0.2387,-0.0301,0.6791,-0.0213,-0.1458,3,3,1,2,3,0,3,3
2027,150,./side_view_dataset_videos/32.mov,Right,177.55,213,19.68,166,166,85,69,177,0.4501,1.3358,0.435,0.63,0.4337,-0.016,0.63,-0.0286,-0.4,2,3,1,2,3,3,3,3
2028,172,./side_view_dataset_videos/32.mov,Left,178.97,230,20.54,169,169,143,69,178,-0.3763,1.155,0.1226,0.7159,-0.3228,-0.0307,0.7159,0.0126,-0.1094,2,3,1,2,3,0,3,3
2029,194,./side_view_dataset_videos/32.mov,Right,169.35,200,22.21,165,165,87,69,178,0.5124,1.1186,0.7244,0.496,0.4822,-0.0295,0.496,0.0503,-0.1231,1,3,0,2,3,3,3,3
2030,209,./side_view_dataset_videos/32.mov,Left,187.35,170,19.38,176,176,29,66,174,0.3254,1.329,0.4077,0.7603,0.3876,0.0128,0.7603,-0.0777,-0.2604,3,3,1,0,3,0,3,3
2031,236,./side_view_dataset_videos/32.mov,Right,176.12,170,23.74,168,175,80,70,177,0.6812,1.2128,0.6576,0.5527,0.709,-0.0342,0.5527,0.0082,-0.3173,2,3,0,2,3,3,3,3
2032,252,./side_view_dataset_videos/32.mov,Left,185.12,130,21.86,178,178,100,62,175,0.6671,1.339,0.3803,0.6641,0.7491,0.0393,0.6641,-0.0674,-0.328,3,3,0,0,3,2,2,3
2033,278,./side_view_dataset_videos/32.mov,Right,180.09,133,20.07,165,176,86,69,172,0.6001,1.3562,0.6353,0.6518,0.6084,-0.0384,0.6518,0.1136,-0.2437,3,3,1,2,3,3,3,3
2034,293,./side_view_dataset_videos/32.mov,Left,195.36,130,18.33,178,178,128,65,177,0.2885,1.2728,0.2777,0.7137,0.346,0.0076,0.7137,-0.0526,-0.2048,3,3,1,0,3,0,3,3
2035,322,./side_view_dataset_videos/32.mov,Right,172.19,186,18.78,164,174,78,70,175,0.6317,1.0256,0.7403,0.3155,0.6328,-0.0003,0.3155,0.0733,-0.2086,2,3,1,3,3,3,3,3
2036,342,./side_view_dataset_videos/32.mov,Left,181.52,210,20.16,173,173,91,65,175,-0.6874,0.5718,0.1599,0.8105,-0.6108,-0.0191,0.8105,-0.0453,-0.1896,3,3,1,1,3,3,3,3
2037,364,./side_view_dataset_videos/32.mov,Right,169.25,266,20.08,171,171,83,69,176,0.4214,1.1201,0.644,0.5561,0.431,-0.0346,0.5561,0.0562,-0.3334,1,3,1,1,3,3,3,3
2038,384,./side_view_dataset_videos/32.mov,Left,177.55,293,18.54,164,170,47,64,177,-0.8732,0.593,-0.0662,0.7613,-0.767,-0.072,0.7613,-0.0765,-0.1671,2,1,1,3,3,0,2,3
2039,407,./side_view_dataset_videos/32.mov,Right,160.86,353,19.09,166,175,73,74,174,0.8447,1.1072,0.7231,0.4341,0.857,-0.0059,0.4341,0.0783,-0.2105,1,0,1,2,3,3,3,3
2040,428,./side_view_dataset_videos/32.mov,Left,170.32,360,20.39,166,167,33,68,177,-0.7965,0.6114,0.0776,0.7798,-0.7196,-0.0642,0.7798,-0.1468,-0.1588,2,0,1,2,3,0,3,3
2041,450,./side_view_dataset_videos/32.mov,Right,167.04,296,18.26,167,167,89,70,176,0.4469,1.4746,0.4443,0.7051,0.4112,0.0037,0.7051,-0.0344,-0.4247,1,1,1,2,3,3,3,3
2042,472,./side_view_dataset_videos/32.mov,Left,167.04,303,16.9,158,168,80,74,177,-0.6984,0.6483,0.0483,0.762,-0.6123,-0.0254,0.762,-0.0865,-0.2302,1,0,2,3,3,3,3,3
2043,494,./side_view_dataset_videos/32.mov,Right,163.77,270,16.89,169,173,96,74,177,0.5343,1.4356,0.4849,0.6674,0.4978,0.0012,0.6674,-0.009,-0.3748,1,2,2,2,3,3,3,3
2044,516,./side_view_dataset_videos/32.mov,Left,165.19,280,21.97,166,169,34,68,175,-0.9601,0.5394,-0.159,0.7887,-0.8738,-0.0624,0.7887,-0.0319,-0.0795,1,2,0,2,3,0,3,3
2045,540,./side_view_dataset_videos/32.mov,Right,160.91,243,22.88,165,165,75,70,178,0.2213,1.4409,0.4314,0.7257,0.2344,-0.0043,0.7257,0.006,-0.2522,1,3,0,2,3,3,3,3
2046,563,./side_view_dataset_videos/32.mov,Left,159.49,266,18.17,169,169,133,62,172,-0.1027,1.44,0.2599,0.7598,-0.1451,-0.0074,0.7598,0.2537,0.3768,0,3,1,2,3,0,2,3
2047,25,./side_view_dataset_videos/33.mov,Right,0,51,25.04,165,165,67,81,170,0.7362,1.0965,0.6996,0.4203,0.7017,0.0041,0.4203,0.197,0.63,0,3,0,2,3,2,1,3
2048,39,./side_view_dataset_videos/33.mov,Left,251.44,102,27.92,176,176,123,64,169,0.0482,1.3504,0.2319,0.7013,0.0502,-0.0103,0.7013,0.2189,0.2449,3,3,0,0,3,0,2,3
2049,61,./side_view_dataset_videos/33.mov,Right,205.72,130,25.36,165,168,84,73,178,0.4435,1.4364,0.5491,0.6898,0.4274,-0.0028,0.6898,0.0352,-0.2018,3,3,0,2,3,3,3,3
2050,79,./side_view_dataset_videos/33.mov,Left,202.34,123,26.74,178,178,120,70,166,0.6938,1.1881,0.4266,0.6112,0.7633,0.0354,0.6112,-0.169,-0.557,3,3,0,0,3,0,3,3
2051,109,./side_view_dataset_videos/33.mov,Right,181.09,115,22.84,164,176,95,77,176,0.6762,1.421,0.523,0.6595,0.6667,0.0179,0.6595,-0.0578,-0.5406,3,3,0,3,3,3,2,3
2052,128,./side_view_dataset_videos/33.mov,Left,181.92,221,23.21,170,176,121,74,170,-1.2645,0.5944,-0.4412,0.7007,-1.1449,-0.0507,0.7007,-0.201,-0.5312,3,3,0,1,3,0,3,3
2053,162,./side_view_dataset_videos/33.mov,Right,152.34,248,26.87,170,171,83,83,175,1.6604,0.0301,0.7075,-0.0789,1.7009,0.0756,-0.0789,0.0341,-0.2938,0,3,0,1,3,3,1,3
2054,179,./side_view_dataset_videos/33.mov,Left,161.75,310,24.19,169,171,119,72,163,-1.3763,0.6058,-0.5267,0.6759,-1.2849,-0.0599,0.6759,-0.0427,-0.3727,1,0,0,2,3,1,3,3
2055,211,./side_view_dataset_videos/33.mov,Right,144.64,340,26.05,172,172,94,76,179,0.1749,1.3527,0.4311,0.6888,0.2063,-0.07,0.6888,-0.0302,-0.5034,0,0,0,1,3,3,2,3
2056,233,./side_view_dataset_videos/33.mov,Left,153.18,395,24.38,179,179,122,75,168,0.0089,1.0252,-0.4028,0.7687,0.0739,0.0218,0.7687,-0.1331,-0.5345,0,0,0,0,3,0,2,3
2057,259,./side_view_dataset_videos/33.mov,Right,143.2,330,22.47,166,174,93,72,179,0.8326,1.6001,0.5829,0.753,0.8215,0.0192,0.753,0.02,-0.4467,0,0,0,2,3,3,3,3
2058,281,./side_view_dataset_videos/33.mov,Left,154.5,330,20.77,178,178,164,67,176,0.5883,1.2609,0.4089,0.66,0.6709,0.0326,0.66,-0.0148,0.0022,0,0,1,0,3,0,3,3
2059,307,./side_view_dataset_videos/33.mov,Right,140.16,276,20.83,173,173,118,75,177,0.7754,1.5647,0.5202,0.7324,0.782,-0.0096,0.7324,-0.0568,-0.5126,0,2,1,1,3,1,2,3
2060,326,./side_view_dataset_videos/33.mov,Left,155.21,306,25.86,173,177,119,73,168,-0.7829,0.859,-0.3655,0.7125,-0.6964,-0.0029,0.7125,-0.0691,-0.4199,0,0,0,1,3,1,3,3
2061,355,./side_view_dataset_videos/33.mov,Right,147.49,286,28.77,168,175,114,70,179,0.8192,1.5276,0.6087,0.711,0.842,0.0146,0.711,-0.0235,-0.533,0,1,0,2,3,2,3,3
2062,378,./side_view_dataset_videos/33.mov,Left,151.02,303,25.5,174,174,179,64,168,0.5956,1.3075,0.1763,0.779,0.7096,0.0332,0.779,-0.1332,-0.2606,0,0,0,1,3,0,2,3
2063,405,./side_view_dataset_videos/33.mov,Right,145.09,296,26.22,174,174,101,69,175,0.7888,1.4897,0.5696,0.6609,0.769,0.0176,0.6609,0.0933,-0.458,0,1,0,1,3,2,3,3
2064,430,./side_view_dataset_videos/33.mov,Left,146.18,299,28.68,174,174,136,69,169,0.4953,1.3595,0.4678,0.6572,0.4684,0.0036,0.6572,0.0454,0.0854,0,1,0,1,3,0,3,3
2065,455,./side_view_dataset_videos/33.mov,Right,137.28,293,28.64,171,171,107,74,177,0.8532,0.8623,0.764,0.3955,0.8806,0.0004,0.3955,0.0203,-0.4892,0,1,0,1,3,2,3,3
2066,477,./side_view_dataset_videos/33.mov,Left,145.01,286,18.19,169,169,69,63,169,0.4322,1.3606,0.4111,0.6317,0.3873,0.0087,0.6317,0.1238,0.146,0,1,1,2,3,2,2,3
2067,499,./side_view_dataset_videos/33.mov,Right,146.4,235,18.4,171,171,16,67,177,0.4951,1.4824,0.3952,0.7241,0.5113,0.0038,0.7241,-0.0653,-0.3722,0,3,1,1,3,0,3,3
2068,25,./side_view_dataset_videos/34.mov,Left,0,66,13.47,161,161,112,80,177,-1.2163,1.0298,-0.3835,0.7405,-1.0997,-0.0894,0.7405,-0.1682,-0.4576,0,3,3,3,2,2,1,3
2069,52,./side_view_dataset_videos/34.mov,Right,132.8,167,21.36,163,168,92,95,178,1.3772,0.3049,0.9801,0.0123,1.3772,0.0483,0.0123,-0.0202,-0.4017,0,3,0,3,3,3,0,3
2070,68,./side_view_dataset_videos/34.mov,Left,178.45,245,21.09,175,178,77,79,178,-1.145,0.7276,-0.3,0.7626,-1.0419,-0.0738,0.7626,-0.0999,-0.3415,2,3,0,0,3,3,2,3
2071,92,./side_view_dataset_videos/34.mov,Right,168.77,251,22.43,168,176,92,91,177,1.6823,-0.0105,0.9883,-0.1945,1.6698,0.0816,-0.1945,-0.0313,-0.2861,1,3,0,2,3,3,0,3
2072,108,./side_view_dataset_videos/34.mov,Left,182.6,277,20.98,173,173,38,86,178,-1.0722,0.6536,-0.2546,0.7882,-0.961,-0.0226,0.7882,-0.165,-0.2913,3,2,1,1,3,0,0,3
2073,131,./side_view_dataset_videos/34.mov,Right,177.26,314,18.12,156,168,90,90,178,1.4433,0.0295,0.9058,-0.2,1.4374,0.0693,-0.2,-0.0121,-0.3243,2,0,1,3,3,3,0,3
2074,146,./side_view_dataset_videos/34.mov,Left,198.51,348,19.31,166,172,133,82,179,-1.1667,0.7123,-0.335,0.7897,-1.0995,-0.0192,0.7897,-0.1749,-0.3038,3,0,1,2,3,0,1,3
2075,172,./side_view_dataset_videos/34.mov,Right,181.27,314,21.44,170,170,95,91,178,1.5824,0.0323,0.9031,-0.1403,1.5442,0.0697,-0.1403,0.0667,-0.0125,3,0,0,1,3,3,0,3
2076,186,./side_view_dataset_videos/34.mov,Left,202.61,297,20.01,164,164,46,78,179,-1.1311,0.6743,-0.3143,0.8056,-1.044,-0.0417,0.8056,-0.1097,-0.0127,3,1,1,3,2,0,2,3
2077,197,./side_view_dataset_videos/34.mov,Right,222.99,257,20.22,172,172,126,74,179,0.0357,0.8026,0.8762,0.3289,-0.0113,-0.0725,0.3289,0.047,-0.347,3,3,1,1,3,0,3,3
2078,211,./side_view_dataset_videos/34.mov,Left,243.03,224,20.7,166,166,129,83,178,0.2297,1.5197,0.3707,0.7576,0.1953,0.0001,0.7576,0.1467,0.133,3,3,1,2,3,0,1,3
2079,229,./side_view_dataset_videos/34.mov,Right,235.06,177,21.14,159,159,90,88,179,0.9962,0.8401,0.7925,0.1827,0.9221,0.0104,0.1827,0.0831,0.1736,3,3,0,3,2,3,0,3
2080,241,./side_view_dataset_videos/34.mov,Left,267.24,140,17.59,165,165,71,79,169,-1.2328,1.0408,-0.401,0.7073,-1.1723,-0.0876,0.7073,0.1868,0.5222,3,3,2,2,3,3,2,3
2081,261,./side_view_dataset_videos/34.mov,Right,251.87,127,16.91,158,162,55,84,178,-1.3508,1.0531,-0.4656,0.7834,-1.3542,-0.0961,0.7834,0.0244,0.4701,3,3,2,3,2,1,1,3
2082,274,./side_view_dataset_videos/34.mov,Left,241.84,110,20.65,159,159,76,79,176,-0.5487,1.2839,0.0869,0.798,-0.4824,-0.028,0.798,0.1051,0.3747,3,3,1,3,2,3,2,3
2083,288,./side_view_dataset_videos/34.mov,Right,241.84,107,22.33,162,162,103,79,175,0.4843,1.0533,0.4918,0.6473,0.4876,-0.0319,0.6473,-0.0776,-0.336,3,3,0,3,2,2,2,3
2084,303,./side_view_dataset_videos/34.mov,Left,249.81,143,21.25,166,166,137,81,178,-1.3043,0.9144,-0.4221,0.7862,-1.2274,-0.0668,0.7862,-0.1629,-0.4289,3,3,0,2,3,0,1,3
2085,329,./side_view_dataset_videos/34.mov,Right,217.63,163,22.38,177,177,128,96,169,0.4844,1.4678,0.8223,0.7341,0.4604,-0.0168,0.7341,-0.1657,-0.5667,3,3,0,0,3,0,0,3
2086,343,./side_view_dataset_videos/34.mov,Left,233.0,150,18.13,175,175,142,90,173,0.7746,1.1905,0.6418,0.5319,0.809,0.0226,0.5319,-0.1144,-0.3432,3,3,1,0,3,0,0,3
2087,355,./side_view_dataset_videos/34.mov,Right,237.6,180,18.64,165,174,89,55,179,0.6001,0.5585,0.6949,0.1946,0.5951,0.0008,0.1946,0.0021,-0.0053,3,3,1,2,3,3,1,3
2088,374,./side_view_dataset_videos/34.mov,Left,224.12,207,15.69,163,163,68,87,179,0.0436,1.1823,0.4371,0.4915,-0.0033,-0.0266,0.4915,0.0506,0.1699,3,3,2,3,2,2,0,3
2089,413,./side_view_dataset_videos/34.mov,Right,194.7,167,16.58,175,175,100,92,178,1.3926,0.1785,0.7534,-0.1237,1.4309,0.0668,-0.1237,-0.0647,-0.2254,3,3,2,0,3,2,0,3
2090,424,./side_view_dataset_videos/34.mov,Left,232.31,150,14.85,171,171,131,85,173,0.7411,1.1211,0.594,0.4646,0.7526,0.0163,0.4646,-0.092,-0.1875,3,3,3,1,3,0,0,3
2091,437,./side_view_dataset_videos/34.mov,Right,236.25,194,15.71,173,173,94,87,179,-0.2433,0.8946,0.6656,0.5534,-0.2429,-0.0709,0.5534,0.0126,-0.0456,3,3,2,1,3,3,0,3
2092,468,./side_view_dataset_videos/34.mov,Left,199.62,153,16.59,171,171,157,97,175,-0.4218,1.1397,-0.1887,0.7379,-0.3614,-0.0074,0.7379,-0.0871,0.0827,3,3,2,1,3,0,0,3
2093,494,./side_view_dataset_videos/34.mov,Right,189.46,204,18.95,174,176,99,93,174,1.5859,-0.0523,0.8615,-0.1494,1.6109,0.0795,-0.1494,-0.129,-0.3101,3,3,1,1,3,3,0,3
2094,521,./side_view_dataset_videos/34.mov,Left,197.63,190,18.69,176,176,105,89,179,-0.489,1.1952,0.3249,0.7375,-0.4548,-0.0623,0.7375,0.1375,0.1643,3,3,1,0,3,2,0,3
2095,535,./side_view_dataset_videos/34.mov,Right,183.66,247,18.89,177,177,100,96,171,1.3139,0.8047,0.9592,0.3172,1.3008,0.0221,0.3172,-0.1281,-0.6644,3,3,1,0,3,2,0,3
2096,556,./side_view_dataset_videos/34.mov,Left,162.65,281,25.05,178,178,141,87,175,-0.8972,0.4703,-0.2309,0.836,-0.8121,-0.0557,0.836,-0.1195,0.2222,1,2,0,0,3,0,0,3
2097,582,./side_view_dataset_videos/34.mov,Right,167.1,291,25.91,179,179,100,95,174,-0.1988,1.3464,0.2876,0.6351,-0.1278,-0.0207,0.6351,0.0226,0.2096,1,1,0,0,3,2,0,3
2098,604,./side_view_dataset_videos/34.mov,Left,172.11,224,22.22,178,178,57,90,176,-0.3249,1.2716,0.1412,0.6893,-0.3259,-0.0193,0.6893,0.2195,0.4589,2,3,0,0,3,1,0,3
2099,619,./side_view_dataset_videos/34.mov,Right,193.36,210,21.84,177,178,113,93,169,1.3102,0.841,0.9241,0.4282,1.2448,0.0281,0.4282,-0.1193,-0.6499,3,3,0,0,3,2,0,3
2100,640,./side_view_dataset_videos/34.mov,Left,176.28,224,21.95,172,172,106,87,175,-0.9124,0.5126,-0.2437,0.7524,-0.877,-0.0517,0.7524,-0.0214,0.6301,2,3,0,1,3,2,0,3
2101,665,./side_view_dataset_videos/34.mov,Right,170.82,167,20.41,176,176,94,87,178,0.0601,1.3566,0.3573,0.6845,0.1226,-0.0169,0.6845,-0.0831,-0.1423,2,3,1,0,3,3,0,3
2102,683,./side_view_dataset_videos/34.mov,Left,183.08,214,20.71,171,171,29,87,174,-0.942,0.5991,-0.1083,0.8288,-0.8516,0.0154,0.8288,-0.12,0.1428,3,3,1,1,3,0,0,3
2103,703,./side_view_dataset_videos/34.mov,Right,186.34,244,18.45,172,176,98,87,172,1.2542,0.8412,1.025,0.3716,1.1836,0.026,0.3716,-0.052,-0.4772,3,3,1,1,3,3,0,3
2104,719,./side_view_dataset_videos/34.mov,Left,183.35,244,19.42,165,165,127,88,165,0.8229,1.2005,0.6063,0.4821,0.8165,0.0266,0.4821,-0.0767,-0.3494,3,3,1,2,3,0,0,3
2105,749,./side_view_dataset_videos/34.mov,Right,173.11,217,22.32,173,176,97,87,176,1.7331,-0.1238,0.9374,-0.2011,1.7103,0.0748,-0.2011,-0.037,0.0328,2,3,0,1,3,3,0,3
2106,766,./side_view_dataset_videos/34.mov,Left,186.6,271,22.57,165,165,98,86,179,-1.0735,0.486,-0.3156,0.8537,-0.9698,-0.0594,0.8537,-0.1017,0.5574,3,2,0,2,3,3,0,3
2107,791,./side_view_dataset_videos/34.mov,Right,175.45,217,21.45,179,179,104,89,179,-0.0324,1.456,0.3221,0.6984,-0.0138,-0.0117,0.6984,-0.0163,0.0333,2,3,0,0,3,2,0,3
2108,808,./side_view_dataset_videos/34.mov,Left,181.78,244,20.97,154,166,127,89,179,-1.0734,0.564,-0.3022,0.8558,-0.9553,0.0224,0.8558,-0.2204,-0.1555,3,3,1,2,3,0,0,3
2109,832,./side_view_dataset_videos/34.mov,Right,166.84,281,19.02,167,167,92,82,175,1.7206,0.2148,1.0176,-0.0029,1.6759,0.06,-0.0029,-0.0326,-0.1465,1,2,1,2,3,3,1,3
2110,846,./side_view_dataset_videos/34.mov,Left,194.16,234,15.11,170,170,113,91,174,0.7276,1.2577,0.4902,0.6416,0.7718,0.0236,0.6416,-0.0927,-0.3908,3,3,2,1,3,2,0,3
2111,875,./side_view_dataset_videos/34.mov,Right,176.7,200,19.31,163,176,101,85,178,0.2421,1.2044,0.4342,0.6782,0.2102,-0.0178,0.6782,0.0013,0.0037,2,3,1,3,3,2,0,3
2112,890,./side_view_dataset_videos/34.mov,Left,195.82,277,17.27,176,176,144,84,179,-1.1981,0.7769,-0.3656,0.7573,-1.0997,-0.0621,0.7573,-0.1467,-0.2667,3,2,2,0,3,0,1,3
2113,917,./side_view_dataset_videos/34.mov,Right,180.2,254,19.95,169,169,102,88,175,1.5687,-0.0292,0.96,-0.0854,1.5233,0.0544,-0.0854,-0.0336,-0.176,3,3,1,2,3,2,0,3
2114,934,./side_view_dataset_videos/34.mov,Left,192.5,297,19.24,178,178,107,82,176,-1.2363,0.6827,-0.3188,0.8337,-1.1217,-0.0573,0.8337,-0.1275,-0.2954,3,1,1,0,3,2,1,3
2115,961,./side_view_dataset_videos/34.mov,Right,167.84,348,18.37,171,178,86,81,172,0.4417,1.075,0.4569,0.384,0.4628,-0.0031,0.384,0.1009,0.0749,1,0,1,1,3,3,1,3
2116,983,./side_view_dataset_videos/34.mov,Left,175.71,317,21.47,165,170,133,73,174,-0.3377,1.3135,0.1744,0.7753,-0.2952,-0.011,0.7753,0.2069,0.2128,2,0,0,2,3,0,3,3
2117,1003,./side_view_dataset_videos/34.mov,Right,163.76,251,22.69,177,177,92,86,172,-0.4034,1.4081,0.0646,0.7132,-0.3283,-0.0262,0.7132,0.0581,0.0971,1,3,0,0,3,3,0,3
2118,1034,./side_view_dataset_videos/34.mov,Left,160.33,204,22.37,176,176,82,86,169,-1.2678,0.8196,-0.4863,0.5909,-1.2184,-0.0767,0.5909,0.1366,0.32,1,3,0,0,3,3,0,3
2119,1054,./side_view_dataset_videos/34.mov,Right,154.0,137,22.76,168,179,56,85,174,-1.3774,0.9703,-0.506,0.7208,-1.3787,-0.0912,0.7208,0.0972,0.5339,0,3,0,2,3,1,0,3
2120,1068,./side_view_dataset_videos/34.mov,Left,178.67,93,25.2,150,168,132,70,176,-0.5819,1.1997,0.0959,0.7424,-0.5025,-0.0204,0.7424,0.2146,0.1536,2,3,0,2,3,0,3,3
2121,1084,./side_view_dataset_videos/34.mov,Right,190.89,133,24.27,175,175,94,86,177,0.4464,1.0111,0.395,0.5602,0.473,0.0563,0.5602,0.0089,-0.107,3,3,0,0,3,3,0,3
2122,1102,./side_view_dataset_videos/34.mov,Left,194.87,194,23.12,176,176,71,76,177,-0.848,0.5187,-0.0496,0.7149,-0.7755,-0.0623,0.7149,-0.0988,-0.0194,3,3,0,0,3,3,2,3
2123,1127,./side_view_dataset_videos/34.mov,Right,200.42,204,25.21,174,174,80,87,178,-0.4337,1.4386,-0.0016,0.7241,-0.3832,-0.0191,0.7241,-0.0271,0.1434,3,3,0,1,3,3,0,3
2124,1138,./side_view_dataset_videos/34.mov,Left,229.76,220,23.25,157,179,63,78,179,-1.2623,0.8259,-0.3581,0.7445,-1.2199,0.0281,0.7445,-0.1463,0.0117,3,3,0,3,3,2,2,3
2125,1150,./side_view_dataset_videos/34.mov,Right,238.3,247,23.34,176,176,110,73,178,-0.0136,0.7048,0.7748,0.3481,-0.0816,-0.0871,0.3481,0.0917,-0.3031,3,3,0,0,3,2,3,3
2126,1168,./side_view_dataset_videos/34.mov,Left,233.32,210,22.14,160,160,52,89,179,-0.3252,1.4929,0.122,0.737,-0.3038,-0.0015,0.737,0.0344,0.0787,3,3,0,3,2,1,0,3
2127,1207,./side_view_dataset_videos/34.mov,Right,211.87,177,25.82,175,175,84,89,178,1.7276,0.005,0.8783,-0.1344,1.7052,0.0779,-0.1344,0.0457,0.0003,3,3,0,0,3,3,0,3
2128,21,./side_view_dataset_videos/35.mov,Right,0,169,8.93,166,171,62,79,165,0.2672,1.1142,0.3431,0.5361,0.2055,-0.0215,0.5361,0.3148,0.3034,0,3,3,2,3,2,2,3
2129,44,./side_view_dataset_videos/35.mov,Left,154.34,278,14.91,179,179,71,57,179,-0.9015,1.0592,-0.3399,0.5779,-0.9206,-0.064,0.5779,0.3828,0.3976,0,2,3,0,3,3,1,3
2130,67,./side_view_dataset_videos/35.mov,Right,154.34,242,15.69,166,166,61,72,166,0.2847,1.1145,0.3617,0.4579,0.2065,-0.0277,0.4579,0.3053,0.344,0,3,2,2,3,2,3,3
2131,90,./side_view_dataset_videos/35.mov,Left,154.34,295,14.42,179,179,74,65,179,-0.9742,1.0734,-0.399,0.5714,-0.995,-0.0744,0.5714,0.3496,0.3839,0,1,3,0,3,3,3,3
2132,117,./side_view_dataset_videos/35.mov,Right,148.63,263,15.24,167,167,72,80,165,-1.0621,0.9621,-0.2203,0.6188,-1.0984,-0.0917,0.6188,0.2901,0.2679,0,3,2,2,3,3,1,3
2133,140,./side_view_dataset_videos/35.mov,Left,149.77,310,14.95,172,172,61,68,178,-1.0332,0.9938,-0.3116,0.5613,-1.057,-0.0692,0.5613,0.3891,0.3507,0,0,3,1,3,2,3,3
2134,164,./side_view_dataset_videos/35.mov,Right,148.48,263,15.53,171,171,67,81,166,-1.0697,1.0106,-0.2888,0.6119,-1.1197,-0.0773,0.6119,0.2834,0.2265,0,3,2,1,3,2,1,3
2135,185,./side_view_dataset_videos/35.mov,Left,151.42,310,16.11,170,170,72,62,177,-1.0245,1.0214,-0.2899,0.5895,-1.0613,-0.0716,0.5895,0.2936,0.2796,0,0,2,1,3,3,2,3
2136,209,./side_view_dataset_videos/35.mov,Right,150.14,246,17.07,172,172,61,77,168,0.4282,1.1969,0.6518,0.4994,0.3221,-0.0113,0.4994,0.3093,0.3291,0,3,2,1,3,2,2,3
2137,232,./side_view_dataset_videos/35.mov,Left,154.71,294,16.09,175,175,76,76,178,-1.0422,1.0504,-0.319,0.5765,-1.0342,-0.0685,0.5765,0.3049,0.2695,0,1,2,0,3,3,2,3
2138,254,./side_view_dataset_videos/35.mov,Right,156.11,243,14.26,179,179,58,87,166,-0.1674,1.1651,0.3254,0.5342,-0.2285,-0.0195,0.5342,0.3007,0.3771,0,3,3,0,3,1,0,3
2139,277,./side_view_dataset_videos/35.mov,Left,157.4,260,14.41,176,176,63,70,178,-0.838,1.0766,-0.2681,0.5444,-0.8774,-0.0284,0.5444,0.3716,0.399,0,3,3,0,3,2,3,3
2140,291,./side_view_dataset_videos/35.mov,Right,174.3,226,15.91,159,172,51,87,170,0.7686,0.6145,0.3398,0.0181,0.7866,0.0178,0.0181,0.1471,0.2337,2,3,2,3,3,1,0,3
2141,305,./side_view_dataset_videos/35.mov,Left,195.43,283,14.17,179,179,113,54,170,-0.5355,1.2684,0.0106,0.6919,-0.4171,-0.0159,0.6919,0.0084,-0.292,3,2,3,0,3,2,0,3
2142,330,./side_view_dataset_videos/35.mov,Right,192.97,270,17.4,158,174,55,78,178,1.3319,0.5313,1.1065,-0.0307,1.3368,0.0168,-0.0307,-0.0272,-0.331,3,2,2,3,3,1,2,3
2143,348,./side_view_dataset_videos/35.mov,Left,200.14,283,15.87,160,166,76,71,167,-0.9147,1.0576,-0.1949,0.5444,-0.841,-0.059,0.5444,0.0638,-0.3377,3,2,2,3,3,3,3,3
2144,361,./side_view_dataset_videos/35.mov,Right,223.88,290,18.83,162,162,82,83,177,0.7362,0.6856,0.8414,0.1362,0.7607,-0.025,0.1362,0.0131,-0.531,3,1,1,3,2,3,1,3
2145,379,./side_view_dataset_videos/35.mov,Left,212.61,270,17.76,167,167,98,73,178,-0.0198,1.4587,0.3176,0.7013,-0.0587,0.0033,0.7013,0.2395,0.4098,3,2,2,2,3,3,3,3
2146,393,./side_view_dataset_videos/35.mov,Right,212.61,219,12.77,174,174,69,87,165,-0.7986,1.0764,-0.207,0.5792,-0.8492,-0.0263,0.5792,0.2988,0.3088,3,3,3,1,3,2,0,3
2147,417,./side_view_dataset_videos/35.mov,Left,213.8,243,18.55,178,178,65,70,179,-0.9263,1.0542,-0.2564,0.5754,-0.9311,-0.0699,0.5754,0.3238,0.2858,3,3,1,0,3,2,3,3
2148,442,./side_view_dataset_videos/35.mov,Right,202.75,223,21.54,173,173,70,83,169,0.4556,1.17,0.9291,0.4232,0.3454,-0.0085,0.4232,0.2908,0.0837,3,3,0,1,3,3,1,3
2149,466,./side_view_dataset_videos/35.mov,Left,177.72,243,20.79,168,168,72,68,178,-1.001,0.9826,-0.2173,0.5805,-0.9731,-0.0602,0.5805,0.2981,0.1964,2,3,1,2,3,3,3,3
2150,488,./side_view_dataset_videos/35.mov,Right,170.55,240,17.36,174,174,60,74,169,-0.1181,1.1676,0.3129,0.5183,-0.214,-0.0067,0.5183,0.28,0.2704,2,3,2,1,3,2,3,3
2151,509,./side_view_dataset_videos/35.mov,Left,153.64,280,19.27,175,175,74,64,177,-0.9695,1.0961,-0.195,0.6204,-1.0052,-0.0608,0.6204,0.3653,0.2947,0,2,1,0,3,3,2,3
2152,531,./side_view_dataset_videos/35.mov,Right,156.33,229,19.33,175,175,70,75,159,-0.8964,1.1844,-0.2934,0.6264,-0.9183,-0.0459,0.6264,0.3728,0.3605,0,3,1,0,3,3,2,2
2153,554,./side_view_dataset_videos/35.mov,Left,158.8,283,17.7,174,174,77,68,175,-0.8789,1.1196,-0.3143,0.5954,-0.899,-0.0568,0.5954,0.3961,0.3333,0,2,2,1,3,3,3,3
2154,577,./side_view_dataset_videos/35.mov,Right,160.09,236,13.69,175,175,62,87,164,-0.9042,1.094,-0.193,0.5767,-0.9603,-0.0447,0.5767,0.3359,0.3509,1,3,3,0,3,2,0,3
2155,600,./side_view_dataset_videos/35.mov,Left,158.69,294,15.62,177,177,72,74,176,-0.8091,1.0761,-0.2878,0.5535,-0.8336,-0.0627,0.5535,0.4081,0.3562,0,1,2,0,3,3,3,3
2156,624,./side_view_dataset_videos/35.mov,Right,154.46,294,13.82,171,171,62,85,163,-0.9041,1.1048,0.0026,0.5831,-0.9619,-0.0683,0.5831,0.3475,0.4595,0,1,3,1,3,2,0,3
2157,646,./side_view_dataset_videos/35.mov,Left,154.46,338,16.79,178,178,61,68,177,-0.9017,1.1075,-0.3345,0.5898,-0.9442,-0.0621,0.5898,0.3462,0.3166,0,0,2,0,3,2,3,3
2158,669,./side_view_dataset_videos/35.mov,Right,154.46,348,14.68,174,174,55,91,158,0.0868,0.9852,0.3626,0.4707,0.0504,-0.0297,0.4707,0.408,0.5133,0,0,3,1,3,1,0,2
2159,695,./side_view_dataset_videos/35.mov,Left,150.9,402,17.93,179,179,77,82,178,-1.0605,0.9539,-0.3573,0.5622,-1.1017,-0.0918,0.5622,0.3978,0.4208,0,0,2,0,3,3,1,3
2160,719,./side_view_dataset_videos/35.mov,Right,149.61,395,15.78,172,172,67,76,165,0.3748,1.0598,0.5893,0.4,0.3112,-0.0281,0.4,0.3265,0.3847,0,0,2,1,3,2,2,3
2161,741,./side_view_dataset_videos/35.mov,Left,152.3,402,15.72,178,178,57,72,178,-0.869,0.9654,-0.3552,0.5462,-0.904,-0.071,0.5462,0.4335,0.4427,0,0,2,0,3,1,3,3
2162,765,./side_view_dataset_videos/35.mov,Right,149.61,361,12.39,172,172,61,77,164,0.3098,1.0135,0.5599,0.4155,0.2621,-0.0381,0.4155,0.3122,0.3836,0,0,3,1,3,2,2,3
2163,792,./side_view_dataset_videos/35.mov,Left,145.04,341,13.98,169,169,78,71,175,-1.1462,0.8424,-0.4163,0.576,-1.1593,-0.0354,0.576,0.3329,0.2417,0,0,3,2,3,3,3,3
2164,812,./side_view_dataset_videos/35.mov,Right,153.23,331,14.5,172,172,66,94,164,0.2565,1.0126,0.5697,0.4376,0.1834,-0.0341,0.4376,0.3414,0.3383,0,0,3,1,3,2,0,3
2165,833,./side_view_dataset_videos/35.mov,Left,157.46,338,16.62,172,172,68,69,176,-0.7901,1.1151,-0.1157,0.6347,-0.8348,-0.0577,0.6347,0.3983,0.4285,0,0,2,1,3,2,3,3
2166,857,./side_view_dataset_videos/35.mov,Right,154.77,341,16.52,169,169,64,78,164,0.2749,1.0113,0.3678,0.3833,0.2127,-0.0171,0.3833,0.3273,0.3462,0,0,2,2,3,2,2,3
2167,882,./side_view_dataset_videos/35.mov,Left,153.58,378,15.54,176,176,69,68,175,-0.9128,0.9885,-0.1706,0.5986,-0.9989,-0.0421,0.5986,0.3696,0.3645,0,0,2,0,3,2,3,3
2168,40,./side_view_dataset_videos/36.mov,Left,0,284,21.49,179,179,84,68,178,0.3069,1.1492,0.3094,0.5183,0.2622,0.0022,0.5183,0.2497,0.1384,0,2,0,0,3,3,3,3
2169,102,./side_view_dataset_videos/36.mov,Right,57.78,259,17.53,169,169,58,79,160,0.1597,0.981,0.3766,0.4959,0.1405,-0.0384,0.4959,0.3525,0.4038,0,3,2,2,3,1,2,3
2170,116,./side_view_dataset_videos/36.mov,Left,156.84,262,19.98,152,177,118,64,175,-0.3473,1.1131,0.2337,0.6718,-0.3302,-0.0082,0.6718,0.349,0.4453,0,3,1,2,3,1,2,3
2171,132,./side_view_dataset_videos/36.mov,Right,179.19,221,16.95,160,160,55,68,179,0.8725,0.8914,0.9894,0.1381,0.9575,-0.0028,0.1381,-0.0855,-0.54,2,3,2,3,2,1,3,3
2172,152,./side_view_dataset_videos/36.mov,Left,179.18,264,14.85,159,179,58,89,168,-0.9948,0.8511,-0.1805,0.5411,-0.9032,-0.0472,0.5411,0.0972,-0.2276,2,3,3,3,3,1,0,3
2173,178,./side_view_dataset_videos/36.mov,Right,170.9,267,15.18,165,172,51,78,179,0.9978,0.7671,0.9999,0.0725,1.1261,0.0037,0.0725,-0.1263,-0.5122,2,3,2,2,3,1,2,3
2174,196,./side_view_dataset_videos/36.mov,Left,199.15,314,13.5,160,179,61,79,163,-1.0754,0.8807,-0.2968,0.5517,-1.0035,-0.086,0.5517,0.1441,-0.2952,3,0,3,3,3,2,2,3
2175,224,./side_view_dataset_videos/36.mov,Right,173.56,345,15.85,165,173,45,70,177,0.8679,0.4645,0.9479,-0.0143,0.9204,0.0022,-0.0143,-0.0921,-0.4626,2,0,2,2,3,0,3,3
2176,249,./side_view_dataset_videos/36.mov,Left,157.44,371,18.15,173,173,119,87,171,-0.3053,1.1842,0.0985,0.6843,-0.2752,-0.0132,0.6843,0.224,0.1964,0,0,1,1,3,1,0,3
2177,270,./side_view_dataset_videos/36.mov,Right,155.73,341,16.02,161,176,47,70,178,0.8381,0.6938,1.0603,0.0788,0.8993,-0.0188,0.0788,-0.0805,-0.4848,0,0,2,3,3,0,3,3
2178,287,./side_view_dataset_videos/36.mov,Left,170.32,371,15.34,163,179,64,76,160,-1.1034,0.8942,-0.2934,0.5309,-1.0527,-0.085,0.5309,0.1798,-0.1711,2,0,2,3,3,2,2,3
2179,314,./side_view_dataset_videos/36.mov,Right,157.05,345,17.59,166,176,48,64,178,0.5902,0.8491,0.8385,0.217,0.6356,-0.0259,0.217,-0.0142,-0.5563,0,0,2,2,3,0,2,3
2180,334,./side_view_dataset_videos/36.mov,Left,167.29,351,17.06,157,177,60,79,161,-1.0679,0.8652,-0.2615,0.5628,-0.9768,-0.0783,0.5628,0.0886,-0.3555,1,0,2,3,3,2,2,3
2181,361,./side_view_dataset_videos/36.mov,Right,165.17,435,18.45,159,171,52,73,178,0.9271,0.757,1.0061,0.1249,0.9982,-0.0023,0.1249,-0.0465,-0.4798,1,0,1,3,3,1,3,3
2182,400,./side_view_dataset_videos/36.mov,Left,149.42,448,22.61,179,179,78,74,174,-1.1554,0.8763,-0.42,0.5106,-1.174,-0.0857,0.5106,0.426,0.4915,0,0,0,0,3,3,3,3
2183,421,./side_view_dataset_videos/36.mov,Right,141.39,435,18.37,165,165,21,74,152,0.1338,1.0163,0.465,0.5177,0.1092,-0.0391,0.5177,0.5242,0.6687,0,0,1,2,3,0,3,2
2184,444,./side_view_dataset_videos/36.mov,Left,146.01,455,18.24,177,179,67,67,174,-1.0588,0.951,-0.4521,0.5245,-1.0706,-0.0665,0.5245,0.4086,0.4099,0,0,1,0,3,2,3,3
2185,470,./side_view_dataset_videos/36.mov,Right,137.74,438,15.46,170,170,35,69,153,0.2112,1.0343,0.1965,0.5129,0.1821,-0.0305,0.5129,0.4985,0.5441,0,0,2,1,3,0,3,2
2186,492,./side_view_dataset_videos/36.mov,Left,143.77,381,22.8,179,179,63,67,172,-1.1285,0.9404,-0.4732,0.5206,-1.1558,-0.0752,0.5206,0.471,0.447,0,0,0,0,3,2,3,3
2187,514,./side_view_dataset_videos/36.mov,Right,157.97,395,18.57,170,170,56,61,151,0.1188,0.9899,0.3503,0.4607,0.0896,-0.044,0.4607,0.5377,0.5249,0,0,1,1,3,1,2,2
2188,539,./side_view_dataset_videos/36.mov,Left,152.51,391,15.22,179,179,64,69,175,-1.0657,0.84,-0.4314,0.4758,-1.0918,-0.0689,0.4758,0.4361,0.3939,0,0,2,0,3,2,3,3
2189,561,./side_view_dataset_videos/36.mov,Right,153.92,385,16.19,169,169,54,61,159,0.2837,1.0455,0.5595,0.4525,0.233,-0.0254,0.4525,0.4187,0.3301,0,0,2,2,3,1,2,2
2190,585,./side_view_dataset_videos/36.mov,Left,156.22,381,21.69,165,170,65,68,176,-1.2156,0.9122,-0.4309,0.5637,-1.257,-0.0791,0.5637,0.4244,0.4202,0,0,0,2,3,2,3,3
2191,606,./side_view_dataset_videos/36.mov,Right,157.77,385,23.07,168,168,44,58,153,-1.1326,0.9598,-0.3869,0.5901,-1.1388,-0.085,0.5901,0.4853,0.5317,0,0,0,2,3,0,1,2
2192,629,./side_view_dataset_videos/36.mov,Left,156.35,371,24.56,178,178,73,76,172,-1.1268,0.9034,-0.4415,0.5257,-1.1868,-0.0802,0.5257,0.4381,0.4461,0,0,0,0,3,3,2,3
2193,650,./side_view_dataset_videos/36.mov,Right,161.81,381,20.05,173,173,48,76,157,0.145,1.0223,0.5708,0.4643,0.1116,-0.0389,0.4643,0.4397,0.5473,1,0,1,1,3,0,2,2
2194,675,./side_view_dataset_videos/36.mov,Left,157.9,365,18.45,178,178,61,74,172,-1.119,0.8749,-0.3813,0.4988,-1.1749,-0.0852,0.4988,0.4844,0.4691,0,0,1,0,3,2,3,3
2195,694,./side_view_dataset_videos/36.mov,Right,165.76,368,19.71,166,166,51,85,160,-0.0886,1.0184,0.3566,0.4691,-0.1522,-0.0307,0.4691,0.4003,0.4946,1,0,1,2,3,1,0,3
2196,716,./side_view_dataset_videos/36.mov,Left,164.21,378,17.65,177,179,77,74,172,-0.8961,1.0003,-0.4111,0.5232,-0.9241,-0.0696,0.5232,0.4356,0.4193,1,0,2,0,3,3,3,3
2197,742,./side_view_dataset_videos/36.mov,Right,160.62,378,17.47,174,174,60,80,163,0.3767,1.0821,0.7347,0.464,0.2916,-0.016,0.464,0.3716,0.3878,1,0,2,1,3,2,1,3
2198,763,./side_view_dataset_videos/36.mov,Left,160.62,381,16.66,179,179,74,64,174,-1.0114,0.9312,-0.394,0.5231,-1.061,-0.0758,0.5231,0.3895,0.3155,1,0,2,0,3,3,2,3
2199,789,./side_view_dataset_videos/36.mov,Right,159.51,385,15.28,179,179,61,72,158,0.4058,1.0547,0.5325,0.4792,0.3366,-0.0081,0.4792,0.4432,0.3697,0,0,2,0,3,2,3,2
2200,809,./side_view_dataset_videos/36.mov,Left,157.63,385,16.93,177,177,72,64,173,-1.0039,0.8948,-0.3802,0.547,-1.042,-0.0765,0.547,0.4257,0.3862,0,0,2,0,3,3,2,3
2201,831,./side_view_dataset_videos/36.mov,Right,157.63,371,16.18,174,174,56,70,158,0.336,1.0921,0.6164,0.4577,0.2699,-0.0205,0.4577,0.4442,0.4231,0,0,2,1,3,1,3,2
2202,853,./side_view_dataset_videos/36.mov,Left,162.64,371,12.26,179,179,62,68,172,-0.9981,0.9348,-0.4055,0.536,-1.0392,-0.0521,0.536,0.4444,0.5037,1,0,3,0,3,2,3,3
2203,874,./side_view_dataset_videos/36.mov,Right,162.64,368,15.96,172,172,50,77,158,-0.2114,1.0117,0.2286,0.4739,-0.2577,-0.0254,0.4739,0.4255,0.5056,1,0,2,1,3,1,2,2
2204,899,./side_view_dataset_videos/36.mov,Left,163.74,371,16.0,178,178,75,69,171,-1.0643,1.0078,-0.3908,0.5479,-1.1421,-0.0761,0.5479,0.4249,0.4015,1,0,2,0,3,3,3,3
2205,920,./side_view_dataset_videos/36.mov,Right,162.03,375,15.02,167,167,56,79,158,0.0273,1.0374,0.282,0.5009,-0.0135,-0.0192,0.5009,0.4306,0.5415,1,0,2,2,3,1,2,2
2206,943,./side_view_dataset_videos/36.mov,Left,160.62,381,14.57,178,178,66,74,171,-0.892,0.9454,-0.4146,0.5076,-0.9101,-0.0674,0.5076,0.4667,0.4333,1,0,3,0,3,2,3,3
2207,967,./side_view_dataset_videos/36.mov,Right,157.9,381,11.42,162,162,64,81,159,0.1359,1.0763,0.2975,0.4909,0.0801,-0.0135,0.4909,0.4166,0.4534,0,0,3,3,2,2,1,2
2208,988,./side_view_dataset_videos/36.mov,Left,157.9,371,12.07,178,178,63,72,172,-0.9518,0.9778,-0.3941,0.5434,-0.9907,-0.0733,0.5434,0.4392,0.5032,0,0,3,0,3,2,3,3
2209,1010,./side_view_dataset_videos/36.mov,Right,161.81,328,14.2,176,176,53,82,155,-0.5058,1.0304,-0.3,0.5268,-0.5239,-0.0405,0.5268,0.448,0.5901,1,0,3,0,3,1,1,2
2210,17,./side_view_dataset_videos/37.mov,Right,0,500,19.34,158,158,78,73,168,1.8775,0.3246,1.1398,-0.1329,1.8262,0.0504,-0.1329,0.2374,-0.1362,0,0,1,3,2,3,3,3
2211,47,./side_view_dataset_videos/37.mov,Left,119.85,458,18.66,159,177,84,87,177,-1.212,0.9707,-0.3492,0.6117,-1.1053,-0.0807,0.6117,0.2287,0.241,0,0,1,3,3,3,0,3
2212,72,./side_view_dataset_videos/37.mov,Right,131.83,339,20.93,175,175,49,83,177,0.9301,1.2078,1.0331,0.4399,0.7994,-0.0059,0.4399,0.167,0.2993,0,0,1,0,3,0,1,3
2213,87,./side_view_dataset_videos/37.mov,Left,167.78,396,20.15,172,179,64,82,172,-1.3459,0.971,-0.4438,0.6407,-1.2677,-0.0724,0.6407,0.2188,0.4361,1,0,1,1,3,2,1,3
2214,121,./side_view_dataset_videos/37.mov,Right,152.27,360,20.79,165,165,116,79,173,0.0559,0.8073,1.0482,0.2069,-0.0235,-0.1097,0.2069,-0.0345,-0.445,0,0,1,2,3,1,2,3
2215,136,./side_view_dataset_videos/37.mov,Left,169.76,273,19.87,168,168,131,79,177,-0.048,1.5107,0.3147,0.7017,0.007,-0.0015,0.7017,0.0253,-0.127,1,2,1,2,3,0,2,3
2216,152,./side_view_dataset_videos/37.mov,Right,190.73,200,18.82,179,179,60,79,179,0.7409,1.1329,1.0042,0.4419,0.592,-0.012,0.4419,0.1502,0.2381,3,3,1,0,3,2,2,3
2217,165,./side_view_dataset_videos/37.mov,Left,217.28,246,17.87,165,174,59,74,173,-1.3635,1.059,-0.4438,0.657,-1.3022,-0.0494,0.657,0.2063,0.4077,3,3,2,2,3,1,3,3
2218,185,./side_view_dataset_videos/37.mov,Right,205.3,163,17.53,165,167,53,77,175,-0.6026,1.0873,-0.0856,0.6843,-0.6587,-0.0248,0.6843,0.1362,0.7193,3,3,2,2,3,1,2,3
2219,198,./side_view_dataset_videos/37.mov,Left,239.46,140,22.39,152,156,126,64,176,-0.6221,1.4025,0.0485,0.8105,-0.5923,-0.0132,0.8105,0.1631,0.2635,3,3,0,2,2,0,2,3
2220,214,./side_view_dataset_videos/37.mov,Right,236.46,176,21.24,161,171,85,81,176,1.7716,0.4581,1.1344,-0.0648,1.7407,0.0419,-0.0648,0.0865,-0.1276,3,3,0,3,3,3,1,3
2221,229,./side_view_dataset_videos/37.mov,Left,239.46,256,20.1,166,166,60,76,179,-1.3837,0.7184,-0.3571,0.8067,-1.2903,-0.014,0.8067,-0.0614,0.2098,3,3,1,2,3,2,2,3
2222,256,./side_view_dataset_videos/37.mov,Right,210.78,226,22.38,173,173,90,75,177,0.9539,0.6706,0.8854,-0.0154,0.9205,0.0191,-0.0154,0.0767,0.0505,3,3,0,1,3,3,2,3
2223,267,./side_view_dataset_videos/37.mov,Left,240.2,287,20.58,167,172,46,77,179,-1.5009,0.9695,-0.4548,0.7341,-1.4296,-0.0096,0.7341,-0.0782,0.0343,3,1,1,2,3,0,2,3
2224,294,./side_view_dataset_videos/37.mov,Right,211.51,310,22.09,175,175,89,98,177,1.7565,0.1204,1.0257,-0.1674,1.7562,0.0614,-0.1674,-0.0375,-0.3196,3,0,0,0,3,3,0,3
2225,307,./side_view_dataset_videos/37.mov,Left,221.89,303,21.66,163,163,54,84,179,-1.6022,1.0658,-0.4987,0.786,-1.5066,-0.0754,0.786,-0.0762,0.3258,3,0,0,3,2,1,1,3
2226,320,./side_view_dataset_videos/37.mov,Right,229.26,253,21.89,179,179,117,65,178,0.0655,0.7077,1.0317,0.1692,-0.0123,-0.0714,0.1692,0.1082,-0.3776,3,3,0,0,3,1,3,3
2227,335,./side_view_dataset_videos/37.mov,Left,250.57,230,23.08,162,162,120,87,176,0.3761,1.5511,0.4804,0.7431,0.3574,-0.0048,0.7431,0.2057,-0.1274,3,3,0,3,2,0,0,3
2228,352,./side_view_dataset_videos/37.mov,Right,227.5,150,21.23,172,172,69,88,179,0.5502,1.1522,0.5846,0.5861,0.4442,-0.0217,0.5861,0.1159,0.2598,3,3,0,1,3,2,0,3
2229,367,./side_view_dataset_videos/37.mov,Left,248.8,143,21.26,166,166,74,81,167,-1.4591,0.9381,-0.4813,0.6552,-1.3822,-0.0661,0.6552,0.17,0.4087,3,3,0,2,3,3,1,3
2230,378,./side_view_dataset_videos/37.mov,Right,258.86,160,22.62,164,164,82,85,174,0.4471,1.0704,0.6184,0.4113,0.4451,0.0037,0.4113,0.1008,0.1581,3,3,0,3,2,3,0,3
2231,407,./side_view_dataset_videos/37.mov,Left,228.34,200,19.24,168,177,66,78,172,-1.3995,0.9667,-0.433,0.6488,-1.3121,-0.0752,0.6488,0.195,0.391,3,3,1,2,3,2,2,3
2232,431,./side_view_dataset_videos/37.mov,Right,210.36,203,19.73,175,175,72,81,178,0.7907,1.3338,0.5207,0.6247,0.711,0.0458,0.6247,0.0467,0.5709,3,3,1,0,3,3,1,3
2233,449,./side_view_dataset_videos/37.mov,Left,208.01,250,20.29,165,168,68,81,170,-1.5905,0.9736,-0.5205,0.7284,-1.5564,-0.0105,0.7284,0.1804,0.4719,3,3,1,2,3,2,1,3
2234,466,./side_view_dataset_videos/37.mov,Right,202.37,240,20.09,164,174,54,79,176,-0.5079,1.1138,0.2107,0.6774,-0.5587,-0.0305,0.6774,0.1212,0.64,3,3,1,3,3,1,2,3
2235,481,./side_view_dataset_videos/37.mov,Left,184.94,203,21.03,153,167,159,70,178,-0.5261,1.2632,0.2145,0.7585,-0.4766,-0.0104,0.7585,0.1487,0.1265,3,3,0,2,3,0,3,3
2236,495,./side_view_dataset_videos/37.mov,Right,211.51,183,21.03,167,167,97,84,179,1.4198,0.4667,0.9033,-0.0258,1.4535,0.0351,-0.0258,-0.0257,-0.3875,3,3,0,2,3,3,1,3
2237,513,./side_view_dataset_videos/37.mov,Left,221.5,240,18.42,174,174,113,78,176,-1.2204,0.6838,-0.2407,0.8157,-1.1244,-0.0527,0.8157,-0.1607,-0.299,3,3,1,1,3,2,2,3
2238,535,./side_view_dataset_videos/37.mov,Right,214.23,193,22.37,163,168,105,81,173,1.5229,0.4971,0.8961,0.1158,1.5014,0.0312,0.1158,-0.0994,-0.5929,3,3,0,3,3,2,1,3
2239,560,./side_view_dataset_videos/37.mov,Left,200.7,193,25.8,158,165,121,85,178,-0.374,1.2637,0.3498,0.7217,-0.3381,-0.0194,0.7217,0.1135,0.1978,3,3,0,3,3,0,0,3
2240,580,./side_view_dataset_videos/37.mov,Right,188.71,190,24.54,167,167,85,86,179,-0.4267,1.423,0.1218,0.6905,-0.4015,-0.0147,0.6905,-0.0334,0.0534,3,3,0,2,3,3,0,3
2241,600,./side_view_dataset_videos/37.mov,Left,173.3,156,24.29,176,176,123,69,179,-0.1859,1.5175,0.3063,0.8324,-0.1422,-0.0107,0.8324,0.0609,0.0426,2,3,0,0,3,0,3,3
2242,618,./side_view_dataset_videos/37.mov,Right,173.3,133,19.3,163,178,81,84,179,1.068,0.7214,0.6856,0.1636,1.0895,0.0295,0.1636,-0.0274,-0.2648,2,3,1,3,3,3,1,3
2243,633,./side_view_dataset_videos/37.mov,Left,188.56,213,20.16,174,174,118,73,179,-1.4592,0.7681,-0.3973,0.7576,-1.4077,-0.016,0.7576,-0.1908,-0.4261,3,3,1,1,3,1,3,3
2244,660,./side_view_dataset_videos/37.mov,Right,186.43,206,21.51,179,179,89,87,175,-0.1984,1.4288,0.367,0.6378,-0.1319,-0.0114,0.6378,0.0058,-0.0489,3,3,0,0,3,3,0,3
2245,674,./side_view_dataset_videos/37.mov,Left,201.83,223,20.51,163,163,114,78,175,-1.3494,0.7055,-0.3902,0.788,-1.2162,-0.0144,0.788,-0.2427,-0.4572,3,3,1,3,2,2,2,3
2246,685,./side_view_dataset_videos/37.mov,Right,231.25,240,20.5,170,170,113,78,177,0.0511,0.8519,0.9756,0.3473,-0.0046,-0.0631,0.3473,0.0183,-0.4639,3,3,1,1,3,2,2,3
2247,711,./side_view_dataset_videos/37.mov,Left,218.96,233,22.13,160,177,54,81,173,-1.5606,1.0666,-0.5002,0.7646,-1.4481,-0.0841,0.7646,-0.1142,0.3637,3,3,0,3,3,1,1,3
2248,724,./side_view_dataset_videos/37.mov,Right,226.33,190,22.92,158,171,109,86,178,0.2148,0.7204,0.9792,0.1752,0.1376,-0.0385,0.1752,0.0515,-0.317,3,3,0,3,3,2,0,3
2249,741,./side_view_dataset_videos/37.mov,Left,242.0,186,22.31,174,174,126,81,175,0.0809,1.4655,0.4133,0.6865,0.1061,-0.005,0.6865,0.0341,-0.117,3,3,0,1,3,0,1,3
2250,10,./side_view_dataset_videos/38.mov,Right,0,366,16.7,179,179,87,40,177,-0.4481,1.3673,0.0512,0.6911,-0.3983,-0.0141,0.6911,-0.0949,-0.4533,0,0,2,0,3,3,0,3
2251,21,./side_view_dataset_videos/38.mov,Left,163.64,300,23.19,177,177,99,30,174,-0.4327,1.2477,0.264,0.6324,-0.509,-0.0022,0.6324,0.2615,0.1389,1,1,0,0,3,3,0,3
2252,32,./side_view_dataset_videos/38.mov,Right,163.64,300,24.8,174,174,75,45,178,-0.2487,1.3616,0.0449,0.6901,-0.1194,-0.0183,0.6901,-0.1631,-0.663,1,1,0,1,3,3,0,3
2253,44,./side_view_dataset_videos/38.mov,Left,159.09,283,27.84,179,179,108,30,174,-0.531,1.3455,0.0718,0.697,-0.6066,-0.009,0.697,0.1921,-0.2532,0,2,0,0,3,2,0,3
2254,54,./side_view_dataset_videos/38.mov,Right,164.32,306,28.38,179,179,70,40,178,-0.1875,1.3966,0.0849,0.7127,-0.0898,-0.0122,0.7127,-0.1282,-0.6278,1,0,0,0,3,3,0,3
2255,66,./side_view_dataset_videos/38.mov,Left,161.45,286,27.26,177,177,115,28,170,-0.4908,1.275,0.1428,0.6819,-0.6226,-0.0132,0.6819,0.265,-0.1507,1,1,0,0,3,1,0,3
2256,77,./side_view_dataset_videos/38.mov,Right,161.45,300,23.15,179,179,76,42,178,-0.4037,1.3552,0.0704,0.6631,-0.3505,-0.0194,0.6631,-0.029,-0.3264,1,1,0,0,3,3,0,3
2257,11,./side_view_dataset_videos/39.mov,Left,0,333,11.49,175,175,98,41,177,0.1056,1.1421,0.3793,0.6384,0.0149,-0.0302,0.6384,0.1008,-0.3013,0,0,3,0,3,3,0,3
2258,21,./side_view_dataset_videos/39.mov,Right,180.0,383,16.99,169,178,90,45,161,-1.425,1.0507,-0.3635,0.6999,-1.3968,-0.097,0.6999,0.3042,0.0042,2,0,2,2,3,3,0,3
2259,34,./side_view_dataset_videos/39.mov,Left,159.23,366,17.19,175,175,102,41,176,-0.1702,0.8835,0.3974,0.6177,-0.3072,-0.0568,0.6177,0.1186,-0.2292,0,0,2,0,3,2,0,3
2260,44,./side_view_dataset_videos/39.mov,Right,166.15,375,21.08,170,177,95,35,162,-1.4253,1.0297,-0.2969,0.6728,-1.3723,-0.0985,0.6728,0.2722,-0.0429,1,0,0,1,3,3,0,3
2261,56,./side_view_dataset_videos/39.mov,Left,162.12,366,20.87,177,177,90,51,176,-1.3354,0.8031,-0.1453,0.5636,-1.3895,-0.0878,0.5636,0.1355,-0.353,1,0,1,0,3,3,0,3
2262,66,./side_view_dataset_videos/39.mov,Right,165.69,380,20.7,170,179,105,34,160,-1.446,1.0689,-0.431,0.6907,-1.3593,-0.0914,0.6907,0.2798,0.0782,1,0,1,1,3,2,0,3
2263,78,./side_view_dataset_videos/39.mov,Left,159.69,360,19.05,175,175,103,49,172,-1.4518,1.0155,-0.0544,0.6187,-1.5439,-0.045,0.6187,0.0783,-0.3091,0,0,1,0,3,2,0,3
2264,11,./side_view_dataset_videos/40.mov,Right,0,200,24.37,174,174,67,52,176,-0.5463,1.141,-0.0928,0.5636,-0.4213,-0.0279,0.5636,-0.0673,-0.1023,0,3,0,1,3,2,0,3
2265,21,./side_view_dataset_videos/40.mov,Left,180.0,216,26.1,171,176,114,43,175,-0.3844,1.2361,0.008,0.6768,-0.408,0.0042,0.6768,0.2426,-0.2142,2,3,0,1,3,2,0,3
2266,31,./side_view_dataset_videos/40.mov,Right,180.0,255,26.82,172,172,66,54,177,-0.1591,1.22,0.1627,0.6306,-0.0482,-0.0246,0.6306,-0.1589,-0.3,2,3,0,1,3,2,0,3
2267,42,./side_view_dataset_videos/40.mov,Left,174.55,241,25.47,171,171,103,42,172,-0.2098,1.2047,0.128,0.647,-0.2411,0.0082,0.647,0.2331,-0.2692,2,3,0,1,3,2,0,3
2268,52,./side_view_dataset_videos/40.mov,Right,175.91,240,26.72,172,172,68,46,174,-0.1589,1.2506,0.2006,0.6429,-0.0511,-0.0237,0.6429,-0.2094,-0.3397,2,3,0,1,3,2,0,3
2269,63,./side_view_dataset_videos/40.mov,Left,173.45,240,24.01,167,172,108,42,173,-0.3804,1.1914,0.1087,0.6481,-0.4193,0.0036,0.6481,0.1895,-0.2193,2,3,0,2,3,2,0,3
2270,73,./side_view_dataset_videos/40.mov,Right,173.45,240,22.28,171,171,64,52,177,-0.1839,1.2321,0.1522,0.6256,-0.0682,-0.0248,0.6256,-0.1555,-0.3231,2,3,0,1,3,2,0,3
2271,12,./side_view_dataset_videos/41.mov,Left,0,733,10.38,173,173,105,58,174,0.0914,1.1303,0.2995,0.5577,-0.0363,-0.0032,0.5577,0.1095,-0.1383,0,0,3,1,3,2,1,3
2272,34,./side_view_dataset_videos/41.mov,Right,81.82,600,22.99,177,177,64,54,178,-0.5456,0.9673,0.1769,0.6162,-0.3705,-0.0374,0.6162,-0.1466,-0.2756,0,0,0,0,3,2,0,3
2273,48,./side_view_dataset_videos/41.mov,Left,105.19,444,20.89,173,173,108,60,177,-1.2456,1.0669,-0.5028,0.5357,-1.2921,-0.0389,0.5357,0.2924,-0.1091,0,0,1,1,3,2,2,3
2274,55,./side_view_dataset_videos/41.mov,Right,155.84,383,24.31,178,178,69,60,172,-0.5762,1.3733,-0.1587,0.723,-0.3732,-0.0279,0.723,-0.0739,-0.0442,0,0,0,0,3,2,2,3
2275,66,./side_view_dataset_videos/41.mov,Left,157.79,333,22.54,174,174,75,52,178,-0.6099,1.2162,0.2016,0.6515,-0.6864,-0.0387,0.6515,0.3087,0.0092,0,0,0,1,3,3,0,3
2276,74,./side_view_dataset_videos/41.mov,Right,171.23,233,21.12,177,177,58,52,177,-0.0062,1.3029,0.1942,0.665,0.1606,-0.0233,0.665,-0.2184,-0.5013,2,3,0,0,3,1,0,3
